image_id,year,month,day,final_date,stage,extra,sec
000001,2027,06,26,2027-06-26,s1,0,6.44
000002,2025,12,11,2025-12-11,s1,0,0.91
000003,2026,05,12,2026-05-12,s1,0,0.58
000004,2022,02,14,2022-02-14,det5,0,4.68
000005,2026,07,02,2026-07-02,s1+det5(동의),1,1.15
000006,2026,02,17,2026-02-17,s1,0,0.74
000007,2026,06,25,2026-06-25,s1+det5(동의),1,6.78
000008,2027,06,29,2027-06-29,det5,0,2.59
000009,2026,10,29,2026-10-29,s1,0,2.24
000010,2026,06,08,2026-06-08,det5,0,2.29
000011,2026,02,05,2026-02-05,s1,0,0.59
000012,2026,03,23,2026-03-23,s1,0,0.91
000013,2026,03,20,2026-03-20,s1,0,0.95
000014,2026,01,31,2026-01-31,s1+det5(동의),1,6.49
000015,2026,03,01,2026-03-01,s1+det5(동의),1,1.97
000016,2026,01,22,2026-01-22,s1,0,2.16
000017,2026,11,25,2026-11-25,s1,0,1.29
000018,2025,04,24,2025-04-24,s1+clahe(동의),2,5.68
000019,2026,04,09,2026-04-09,s1+det5(동의),1,1.42
000020,2025,10,09,2025-10-09,s1,0,0.7
000021,2025,10,10,2025-10-10,s1+det5(동의),1,1.66
000022,2025,10,14,2025-10-14,s1+det5(동의),1,1.94
000023,2025,10,10,2025-10-10,s1+det5(동의),1,2.05
000024,2025,10,11,2025-10-11,det5,0,2.84
000025,2026,06,11,2026-06-11,s1,0,0.54
000026,2025,11,13,2025-11-13,s1,0,0.95
000027,2026,04,27,2026-04-27,s1+det5(동의),1,1.6
000028,2025,03,31,2025-03-31,s1+det5(동의),1,4.38
000029,2026,08,02,2026-08-02,s1,0,1.11
000030,2028,08,17,2028-08-17,s1+det5(동의),1,5.04
000031,2026,02,14,2026-02-14,s1,0,0.93
000032,2025,03,22,2025-03-22,det5,0,1.92
000033,2026,06,17,2026-06-17,s1+det5(동의),1,1.85
000034,2036,06,30,2036-06-30,clahe,0,5.87
000035,2026,08,17,2026-08-17,det5,0,2.02
000036,2026,08,26,2026-08-26,s1,0,0.76
000037,2026,07,17,2026-07-17,s1,0,0.74
000038,2027,02,12,2027-02-12,s1,0,0.95
000039,2026,05,26,2026-05-26,det5,0,2.11
000040,2025,10,11,2025-10-11,s1,0,0.62
000041,2025,10,11,2025-10-11,s1,0,0.73
000042,2025,10,12,2025-10-12,s1,0,0.5
000043,NONE,10,14,NONE-10-14,s1+det5(동의),1,2.03
000044,2026,02,07,2026-02-07,s1+det5(동의),1,1.19
000045,2027,04,21,2027-04-21,s1,0,1.06
000046,2025,10,10,2025-10-10,s1,0,0.63
000047,2027,04,14,2027-04-14,s1,0,2.28
000048,2026,06,12,2026-06-12,s1+det5(동의),1,2.04
000049,2026,03,01,2026-03-01,s1+det5(동의),1,1.44
000050,2025,09,30,2025-09-30,s1,0,2.36
000051,2026,01,12,2026-01-12,det5,0,1.74
000052,2025,11,19,2025-11-19,s1,0,1.41
000053,2025,12,20,2025-12-20,s1,0,0.82
000054,2025,10,08,2025-10-08,s1+det5(동의),1,2.12
000055,2026,08,04,2026-08-04,s1,0,1.22
000056,2026,07,11,2026-07-11,s1,0,2.47
000057,2026,06,24,2026-06-24,s1,0,1.15
000058,2027,03,27,2027-03-27,s1,0,2.25
000059,2027,06,22,2027-06-22,s1,0,1.69
000060,2026,04,30,2026-04-30,s1,0,0.73
000061,2026,06,04,2026-06-04,det5,0,2.43
000062,2026,05,26,2026-05-26,s1+det5(동의),1,1.22
000063,2026,06,16,2026-06-16,s1+det5(동의),1,1.71
000064,2026,08,03,2026-08-03,s1,0,0.74
000065,2026,01,12,2026-01-12,s1,0,1.3
000066,2026,08,17,2026-08-17,s1+det5(동의),1,2.31
000067,2025,12,19,2025-12-19,s1,0,0.82
000068,2026,06,17,2026-06-17,s1,0,0.85
000069,2026,06,24,2026-06-24,s1,0,0.7
000070,2026,10,08,2026-10-08,s1,0,0.82
000071,2027,07,20,2027-07-20,s1+det5(동의),1,1.91
000072,2026,04,25,2026-04-25,s1,0,2.72
000073,2026,03,12,2026-03-12,s1,0,1.33
000074,2026,08,28,2026-08-28,s1,0,1.27
000075,2026,01,06,2026-01-06,s1,0,1.15
000076,2026,08,17,2026-08-17,s1,0,1.16
000077,2026,03,07,2026-03-07,s1,0,0.55
000078,2025,06,19,2025-06-19,s1,0,1.69
000079,2026,01,31,2026-01-31,s1,0,0.84
000080,2026,09,16,2026-09-16,det5,0,3.21
000081,2026,05,18,2026-05-18,s1+det5(동의),1,1.49
000082,2026,08,24,2026-08-24,s1+det5(동의),1,1.27
000083,2026,07,01,2026-07-01,det5,0,1.78
000084,2026,03,31,2026-03-31,s1+det5(동의),1,2.09
000085,2026,03,30,2026-03-30,s1,0,1.32
000086,2026,03,14,2026-03-14,s1+det5(동의),1,2.57
000087,2026,08,10,2026-08-10,s1+det5(동의),1,2.07
000088,2025,09,04,2025-09-04,s1+교차2,2,2.77
000089,2026,09,11,2026-09-11,s1+det5(동의),1,1.69
000090,2026,09,01,2026-09-01,erode5,0,8.3
000091,2027,05,22,2027-05-22,s1,0,0.77
000092,2026,12,05,2026-12-05,s1,0,0.85
000093,2026,04,23,2026-04-23,det5,0,1.3
000094,2027,06,30,2027-06-30,s1,0,0.61
000095,2026,07,29,2026-07-29,s1+det5(동의),1,1.03
000096,2026,05,26,2026-05-26,s1,0,0.45
000097,2025,11,19,2025-11-19,s1,0,1.96
000098,2026,03,11,2026-03-11,s1+det5(동의),1,4.03
000099,2026,03,07,2026-03-07,s1,0,1.45
000100,2026,02,11,2026-02-11,s1,0,1.03
000101,2026,04,08,2026-04-08,s1,0,1.22
000102,2025,11,13,2025-11-13,s1,0,0.73
000103,2025,12,18,2025-12-18,det5,0,2.67
000104,2026,04,01,2026-04-01,s1,0,0.79
000105,2025,11,09,2025-11-09,s1,0,0.76
000106,NONE,NONE,NONE,NONE,fail,0,12.72
000107,2025,12,25,2025-12-25,s1,0,0.84
000108,2025,10,24,2025-10-24,s1+det5(동의),1,5.1
000109,2025,12,12,2025-12-12,s1,0,1.01
000110,2025,10,29,2025-10-29,s1+det5(동의),1,1.22
000111,2025,10,05,2025-10-05,s1+교차2,2,1.87
000112,2025,10,17,2025-10-17,s1+det5(동의),1,1.56
000113,2026,01,16,2026-01-16,s1,0,0.62
000114,2026,02,28,2026-02-28,s1,0,1.39
000115,2025,12,08,2025-12-08,s1,0,0.78
000116,2026,03,27,2026-03-27,s1,0,1.46
000117,2025,11,28,2025-11-28,s1,0,0.8
000118,2026,03,23,2026-03-23,s1+det5(동의),1,1.35
000119,2026,08,24,2026-08-24,s1,0,0.63
000120,2026,08,25,2026-08-25,det5,0,1.5
000121,2027,04,13,2027-04-13,s1,0,1.22
000122,2027,04,28,2027-04-28,erode5,0,9.34
000123,2026,06,04,2026-06-04,s1,0,2.03
000124,2026,01,02,2026-01-02,s1,0,0.52
000125,2026,04,07,2026-04-07,s1,0,0.6
000126,2026,06,12,2026-06-12,s1,0,0.82
000127,2026,04,27,2026-04-27,s1,0,1.05
000128,2026,05,28,2026-05-28,s1+det5(동의),1,2.93
000129,2026,01,09,2026-01-09,s1,0,0.76
000130,2027,02,05,2027-02-05,s1+det5(동의),1,1.73
000131,2026,08,05,2026-08-05,s1,0,0.6
000132,2026,08,21,2026-08-21,s1,0,0.76
000133,2025,11,25,2025-11-25,s1,0,0.81
000134,2026,09,23,2026-09-23,s1,0,1.26
000135,2026,04,18,2026-04-18,s1,0,1.58
000136,2025,12,02,2025-12-02,s1,0,1.42
000137,2026,03,26,2026-03-26,s1,0,1.6
000138,2026,05,14,2026-05-14,s1,0,1.87
000139,2026,07,26,2026-07-26,s1,0,0.74
000140,2026,07,14,2026-07-14,s1,0,0.86
000141,2026,09,17,2026-09-17,s1,0,0.68
000142,2026,05,14,2026-05-14,s1,0,0.95
000143,2027,03,06,2027-03-06,s1,0,2.14
000144,2027,03,25,2027-03-25,s1,0,0.95
000145,2027,03,24,2027-03-24,s1+det5(동의),1,3.09
000146,2026,04,03,2026-04-03,s1,0,2.01
000147,2026,03,21,2026-03-21,s1,0,0.86
000148,2026,02,26,2026-02-26,s1+det5(동의),1,1.44
000149,2026,04,28,2026-04-28,s1,0,1.78
000150,2026,08,12,2026-08-12,s1,0,1.57
000151,2026,09,07,2026-09-07,s1,0,0.72
000152,2026,07,31,2026-07-31,det5,0,1.85
000153,2026,10,12,2026-10-12,s1,0,0.71
000154,2027,08,13,2027-08-13,s1,0,0.64
000155,2026,06,22,2026-06-22,s1,0,0.62
000156,2026,07,29,2026-07-29,s1,0,0.97
000157,2027,07,08,2027-07-08,hires,0,4.71
000158,2028,07,20,2028-07-20,s1,0,0.98
000159,2027,01,08,2027-01-08,det5,0,3.0
000160,2026,10,27,2026-10-27,s1,0,0.6
000161,2027,05,10,2027-05-10,s1,0,1.71
000162,2027,06,12,2027-06-12,s1,0,0.94
000163,2026,11,20,2026-11-20,s1,0,0.76
000164,2026,04,27,2026-04-27,s1,0,0.72
000165,2027,01,13,2027-01-13,s1,0,0.58
000166,2027,08,18,2027-08-18,s1,0,0.65
000167,2026,08,07,2026-08-07,s1,0,0.72
000168,2026,02,16,2026-02-16,s1,0,0.67
000169,2026,03,18,2026-03-18,s1,0,0.55
000170,2026,09,07,2026-09-07,s1,0,0.6
000171,2026,05,27,2026-05-27,s1+det5(동의),1,2.04
000172,2026,06,10,2026-06-10,s1+det5(동의),1,2.03
000173,2026,09,17,2026-09-17,s1,0,0.76
000174,2026,09,05,2026-09-05,s1+det5(동의),1,1.77
000175,2026,06,28,2026-06-28,s1+det5(동의),1,1.59
000176,2026,09,22,2026-09-22,s1+det5(동의),1,2.09
000177,2026,08,18,2026-08-18,s1+det5(동의),1,1.7
000178,2026,06,25,2026-06-25,s1+det5(동의),1,1.33
000179,2026,06,29,2026-06-29,s1+det5(동의),1,1.8
000180,2026,06,02,2026-06-02,s1+det5(동의),1,1.53
000181,2026,09,08,2026-09-08,s1+det5(동의),1,1.33
000182,2026,10,01,2026-10-01,s1,0,1.1
000183,2027,07,28,2027-07-28,s1,0,1.47
000184,2027,11,19,2027-11-19,s1,0,1.16
000185,2028,03,15,2028-03-15,s1,0,1.83
000186,2028,04,14,2028-04-14,s1,0,0.74
000187,2028,02,05,2028-02-05,s1,0,0.88
000188,2027,09,30,2027-09-30,s1,0,1.52
000189,2026,08,25,2026-08-25,s1,0,1.76
000190,2022,11,26,2022-11-26,det5,0,3.11
000191,2026,06,15,2026-06-15,rot90,0,2.94
000192,2024,06,02,2024-06-02,det5,0,5.71
000193,2026,03,06,2026-03-06,s1,0,0.69
000194,2027,04,23,2027-04-23,s1,0,0.95
000195,2027,07,01,2027-07-01,s1,0,1.24
000196,2027,02,27,2027-02-27,s1,0,1.11
000197,2026,07,30,2026-07-30,s1,0,0.98
000198,2026,05,08,2026-05-08,erode5,0,33.22
000199,2027,09,07,2027-09-07,s1,0,2.5
000200,2027,07,14,2027-07-14,erode3,0,42.53
000201,2027,03,30,2027-03-30,s1,0,2.45
000202,2027,02,06,2027-02-06,s1,0,0.96
000203,2026,07,01,2026-07-01,clahe,0,14.27
000204,2026,06,18,2026-06-18,s1,0,1.45
000205,2027,05,18,2027-05-18,s1,0,0.9
000206,2026,05,08,2026-05-08,s1,0,1.43
000207,2026,09,24,2026-09-24,s1,0,0.81
000208,2026,04,13,2026-04-13,s1,0,0.84
000209,2027,08,11,2027-08-11,clahe,0,15.82
000210,2027,05,20,2027-05-20,erode3,0,32.76
000211,2026,02,12,2026-02-12,s1,0,0.93
000212,2023,12,16,2023-12-16,s1+교차2,2,4.1
000213,2026,03,20,2026-03-20,s1,0,0.73
000214,2026,08,13,2026-08-13,s1,0,1.09
000215,2026,10,14,2026-10-14,s2+clahe(동의),2,4.13
000216,2026,03,16,2026-03-16,s1,0,0.97
000217,2027,03,08,2027-03-08,s1+det5(동의),1,4.61
000218,2026,05,03,2026-05-03,s1,0,0.84
000219,2026,09,07,2026-09-07,s1,0,0.56
000220,2026,02,23,2026-02-23,s1,0,1.45
000221,2026,07,15,2026-07-15,s1,0,1.99
000222,2026,03,25,2026-03-25,s1,0,1.22
000223,2026,08,13,2026-08-13,s1,0,0.58
000224,2026,06,15,2026-06-15,s1,0,1.18
000225,2026,04,06,2026-04-06,s1,0,1.21
000226,2027,03,15,2027-03-15,s1+det5(동의),1,1.36
000227,2028,09,17,2028-09-17,s1,0,1.64
000228,2025,10,20,2025-10-20,s1,0,0.62
000229,2025,10,28,2025-10-28,clahe,0,5.69
000230,2026,03,28,2026-03-28,s1,0,1.46
000231,2028,05,27,2028-05-27,s1,0,0.71
000232,NONE,NONE,NONE,NONE,fail,0,8.06
000233,2028,01,13,2028-01-13,det5,0,2.51
000234,2026,10,27,2026-10-27,s1+det5(동의),1,1.54
000235,2026,03,08,2026-03-08,det5,0,4.5
000236,2026,04,08,2026-04-08,s1,0,1.47
000237,2026,06,05,2026-06-05,s2,0,2.33
000238,2026,09,10,2026-09-10,s1,0,0.69
000239,2026,07,10,2026-07-10,s1,0,1.95
000240,2027,05,20,2027-05-20,s1,0,1.85
000241,2027,08,10,2027-08-10,s1,0,1.35
000242,2026,05,21,2026-05-21,s1+det5(동의),1,2.23
000243,2026,08,17,2026-08-17,s1,0,0.88
000244,2026,06,21,2026-06-21,s1+det5(동의),1,1.37
000245,2026,02,24,2026-02-24,s1+교차2,2,3.24
000246,2026,02,04,2026-02-04,s1+det5(동의),1,2.33
000247,2026,05,20,2026-05-20,s1,0,0.72
000248,2026,04,21,2026-04-21,s1,0,2.03
000249,2026,02,16,2026-02-16,s1+det5(동의),1,2.7
000250,2026,03,04,2026-03-04,s1+det5(동의),1,3.32
000251,2026,02,24,2026-02-24,s1+det5(동의),1,1.55
000252,2026,07,09,2026-07-09,s1+det5(동의),1,1.25
000253,2026,06,20,2026-06-20,s1,0,1.3
000254,2026,08,12,2026-08-12,s1+det5(동의),1,3.25
000255,2026,08,20,2026-08-20,erode5,0,10.93
000256,2027,01,02,2027-01-02,s1+det5(동의),1,1.52
000257,2025,12,10,2025-12-10,s1,0,0.48
000258,2026,05,30,2026-05-30,s1,0,1.37
000259,2025,11,09,2025-11-09,s1,0,1.41
000260,2027,04,01,2027-04-01,s1+det5(동의),1,1.82
000261,2026,03,07,2026-03-07,s1+det5(동의),1,2.92
000262,2027,01,10,2027-01-10,s1,0,0.44
000263,2028,01,22,2028-01-22,erode3,0,8.26
000264,2026,06,06,2026-06-06,s1+det5(동의),1,0.96
000265,2026,11,26,2026-11-26,s1,0,0.56
000266,2025,12,04,2025-12-04,s1,0,0.5
000267,2026,06,02,2026-06-02,s1+det5(동의),1,0.83
000268,2026,07,14,2026-07-14,s1+det5(동의),1,1.12
000269,2026,05,15,2026-05-15,s1,0,1.13
000270,2026,09,03,2026-09-03,s1,0,2.4
000271,2026,03,24,2026-03-24,s1,0,1.55
000272,2026,05,10,2026-05-10,s1,0,1.93
000273,2026,03,13,2026-03-13,s1,0,2.17
000274,2026,03,02,2026-03-02,s1+det5(동의),1,3.47
000275,2026,04,23,2026-04-23,s1,0,2.87
000276,2026,03,25,2026-03-25,s2+clahe(동의),2,3.64
000277,2026,07,15,2026-07-15,s1+det5(동의),1,2.27
000278,2026,06,22,2026-06-22,s1+det5(동의),1,1.42
000279,2026,06,02,2026-06-02,s1+det5(동의),1,2.12
000280,2026,03,23,2026-03-23,s1,0,0.63
000281,2026,07,15,2026-07-15,s1+det5(동의),1,6.52
000282,2026,09,10,2026-09-10,s1,0,1.2
000283,2027,09,17,2027-09-17,s1+det5(동의),1,2.82
000284,2026,08,20,2026-08-20,s1,0,2.12
000285,2027,07,02,2027-07-02,s1,0,0.91
000286,2027,03,11,2027-03-11,s1,0,1.83
000287,2027,02,18,2027-02-18,det5,0,10.5
000288,2029,07,25,2029-07-25,s1,0,0.53
000289,2030,07,23,2030-07-23,det5,0,1.68
000290,2027,03,02,2027-03-02,s1,0,1.1
000291,2027,07,21,2027-07-21,s1,0,2.13
000292,2026,02,13,2026-02-13,s1,0,0.46
000293,2025,10,24,2025-10-24,s1+det5(동의),1,2.38
000294,2026,09,08,2026-09-08,s1,0,2.28
000295,2025,11,08,2025-11-08,s1,0,1.15
000296,2026,07,28,2026-07-28,s1,0,0.58
000297,2026,04,08,2026-04-08,s1,0,0.52
000298,2026,09,11,2026-09-11,s1,0,1.41
000299,2026,05,13,2026-05-13,s1,0,1.3
000300,2026,05,21,2026-05-21,s1,0,1.25
000301,2027,04,09,2027-04-09,s1,0,0.54
000302,2026,03,15,2026-03-15,s1,0,0.54
000303,2026,07,31,2026-07-31,s1+det5(동의),1,4.95
000304,2026,06,01,2026-06-01,s1,0,0.76
000305,2026,02,24,2026-02-24,erode5,0,16.15
000306,2026,09,16,2026-09-16,s1,0,0.67
000307,2025,11,14,2025-11-14,s1+det5(동의),1,1.11
000308,2025,12,04,2025-12-04,s1,0,0.71
000309,2027,04,01,2027-04-01,clahe,0,19.16
000310,2026,07,28,2026-07-28,s1,0,1.51
000311,2026,08,09,2026-08-09,s1,0,1.87
000312,2026,08,26,2026-08-26,s1,0,0.78
000313,2026,03,17,2026-03-17,det5,0,3.21
000314,2026,09,01,2026-09-01,s1,0,0.61
000315,2026,07,19,2026-07-19,s1,0,0.42
000316,2027,03,01,2027-03-01,s1,0,0.84
000317,2025,11,15,2025-11-15,s1,0,0.53
000318,2025,11,09,2025-11-09,s1,0,0.97
000319,2026,02,14,2026-02-14,s1,0,0.9
000320,2025,11,12,2025-11-12,s1,0,1.19
000321,2025,10,29,2025-10-29,s1,0,0.73
000322,2025,10,29,2025-10-29,s1,0,0.54
000323,2025,12,21,2025-12-21,s1,0,0.93
000324,2027,05,15,2027-05-15,s1,0,2.16
000325,2025,11,03,2025-11-03,s1+det5(동의),1,4.48
000326,2025,10,18,2025-10-18,s1,0,1.25
000327,2025,10,21,2025-10-21,s1+det5(동의),1,6.15
000328,2025,12,25,2025-12-25,s1,0,1.05
000329,2025,12,25,2025-12-25,s1,0,0.91
000330,2025,11,02,2025-11-02,s1+det5(동의),1,4.69
000331,2025,10,31,2025-10-31,s1,0,0.58
000332,2025,10,22,2025-10-22,s1,0,0.59
000333,2025,11,07,2025-11-07,s1,0,0.47
000334,2026,03,15,2026-03-15,s1,0,0.74
000335,2025,11,28,2025-11-28,s1,0,1.23
000336,2025,11,20,2025-11-20,s1+det5(동의),1,1.5
000337,2025,12,09,2025-12-09,s1,0,1.07
000338,2026,05,28,2026-05-28,s1,0,0.72
000339,2026,08,18,2026-08-18,s1,0,0.66
000340,2026,08,11,2026-08-11,s1+det5(동의),1,1.13
000341,2026,04,29,2026-04-29,s1,0,1.14
000342,2026,06,22,2026-06-22,s1,0,0.45
000343,2025,12,30,2025-12-30,s1,0,0.51
000344,2026,08,04,2026-08-04,s1,0,0.64
000345,2026,04,09,2026-04-09,s1,0,0.96
000346,2026,05,15,2026-05-15,s1,0,0.69
000347,2027,05,26,2027-05-26,s1,0,1.1
000348,2026,04,02,2026-04-02,s1,0,2.88
000349,2025,12,07,2025-12-07,s1,0,1.07
000350,2027,05,15,2027-05-15,s1,0,2.28
000351,2026,05,03,2026-05-03,s1,0,1.28
000352,2026,08,27,2026-08-27,s1,0,1.36
000353,2026,03,08,2026-03-08,s1,0,1.21
000354,2027,07,06,2027-07-06,s1,0,2.93
000355,2028,06,17,2028-06-17,det5,0,2.07
000356,2027,03,17,2027-03-17,s1,0,2.37
000357,2027,08,11,2027-08-11,s1,0,1.39
000358,2027,09,16,2027-09-16,s1,0,0.53
000359,2026,06,16,2026-06-16,det5,0,1.66
000360,2026,02,13,2026-02-13,erode3,0,17.35
000361,2026,12,19,2026-12-19,erode5,0,13.19
000362,2026,08,11,2026-08-11,s1,0,1.78
000363,2026,04,21,2026-04-21,s1,0,1.25
000364,2026,06,04,2026-06-04,det5,0,2.96
000365,2026,03,11,2026-03-11,s1,0,1.2
000366,2026,09,05,2026-09-05,s1,0,1.0
000367,2026,05,18,2026-05-18,s1,0,1.0
000368,NONE,09,22,NONE-09-22,det5,0,6.62
000369,2027,06,25,2027-06-25,s1,0,0.7
000370,2026,09,02,2026-09-02,clahe,0,14.57
000371,2026,02,15,2026-02-15,s1,0,0.43
000372,2026,09,15,2026-09-15,s1,0,1.91
000373,NONE,02,08,NONE-02-08,s1+det5(동의),1,2.75
000374,2026,08,20,2026-08-20,s1,0,1.49
000375,2026,05,31,2026-05-31,s1+det5(동의),1,4.03
000376,2025,10,07,2025-10-07,s1,0,1.58
000377,2026,07,01,2026-07-01,s1,0,1.4
000378,2026,05,29,2026-05-29,s1,0,0.89
000379,2026,09,05,2026-09-05,s1+det5(동의),1,3.64
000380,2026,09,02,2026-09-02,s1,0,0.88
000381,2027,01,20,2027-01-20,det5,0,1.79
000382,2026,08,18,2026-08-18,s1,0,1.78
000383,2026,04,03,2026-04-03,s1,0,1.34
000384,2026,07,08,2026-07-08,s1,0,0.55
000385,2026,09,14,2026-09-14,s1+det5(동의),1,1.15
000386,2026,06,10,2026-06-10,s1,0,0.86
000387,2027,01,21,2027-01-21,s1,0,0.7
000388,2026,01,15,2026-01-15,s1,0,0.64
000389,2026,02,27,2026-02-27,s1,0,0.88
000390,2026,05,19,2026-05-19,s1,0,0.89
000391,2026,12,10,2026-12-10,s1,0,1.23
000392,2025,08,29,2025-08-29,s1+det5(동의),1,2.63
000393,2027,08,02,2027-08-02,s1,0,1.46
000394,2026,04,14,2026-04-14,det5,0,8.73
000395,2026,03,15,2026-03-15,hires,0,6.58
000396,2026,02,27,2026-02-27,s1,0,0.66
000397,2026,02,19,2026-02-19,s1,0,1.76
000398,2027,07,30,2027-07-30,s1,0,1.13
000399,2027,01,31,2027-01-31,s1,0,1.41
000400,2026,01,11,2026-01-11,s1+clahe(동의),2,5.7
000401,2027,04,12,2027-04-12,s1+det5(동의),1,1.82
000402,2028,04,19,2028-04-19,s1+det5(동의),1,4.76
000403,2027,04,01,2027-04-01,up2x,0,5.16
000404,2026,06,10,2026-06-10,s1,0,0.62
000405,2027,10,15,2027-10-15,s1,0,1.38
000406,2028,08,05,2028-08-05,s1+교차2,2,3.2
000407,2025,12,01,2025-12-01,s1+det5(동의),1,3.02
000408,2025,10,09,2025-10-09,s1,0,0.71
000409,2027,03,26,2027-03-26,s2,0,1.2
000410,2027,04,13,2027-04-13,s1+det5(동의),1,1.87
000411,2026,09,09,2026-09-09,s1+det5(동의),1,5.03
000412,2026,01,19,2026-01-19,s1,0,1.43
000413,2027,04,23,2027-04-23,s1,0,0.73
000414,2026,04,07,2026-04-07,s1,0,0.52
000415,NONE,NONE,NONE,NONE,fail,0,10.94
000416,2026,04,07,2026-04-07,rot90,0,2.3
000417,2026,03,15,2026-03-15,s1,0,0.76
000418,2026,09,08,2026-09-08,s1,0,0.77
000419,2026,08,05,2026-08-05,s1,0,0.82
000420,2025,12,04,2025-12-04,s1,0,1.78
000421,2026,07,17,2026-07-17,s1+det5(동의),1,1.16
000422,2026,06,09,2026-06-09,s1+det5(동의),1,1.82
000423,2026,06,04,2026-06-04,s1+det5(동의),1,1.5
000424,2026,03,28,2026-03-28,s1,0,1.05
000425,2025,11,05,2025-11-05,s1,0,0.63
000426,2026,12,26,2026-12-26,s1,0,0.82
000427,2027,04,01,2027-04-01,s1,0,0.51
000428,2026,04,23,2026-04-23,s1+det5(동의),1,1.2
000429,2026,01,04,2026-01-04,clahe,0,14.98
000430,2028,02,01,2028-02-01,s1,0,0.96
000431,2026,03,17,2026-03-17,s1,0,1.99
000432,2027,04,28,2027-04-28,s1,0,1.05
000433,2026,03,05,2026-03-05,s1,0,1.15
000434,2026,10,28,2026-10-28,s1,0,1.94
000435,2026,07,14,2026-07-14,s1,0,0.93
000436,2026,02,12,2026-02-12,s1,0,0.63
000437,2030,05,02,2030-05-02,rot180,0,3.81
000438,2026,02,19,2026-02-19,hires,0,7.67
000439,2026,03,18,2026-03-18,s1,0,0.76
000440,2025,NONE,13,2025-NONE-13,fail,0,11.99
000441,2025,12,NONE,2025-12-NONE,s1+교차2,2,4.73
000442,2025,11,30,2025-11-30,s1,0,1.84
000443,2026,04,06,2026-04-06,s1,0,2.47
000444,2026,07,01,2026-07-01,s1,0,1.78
000445,2026,07,17,2026-07-17,s1,0,1.97
000446,2026,04,11,2026-04-11,s1,0,0.9
000447,2025,11,22,2025-11-22,s1,0,0.57
000448,2026,08,20,2026-08-20,s1,0,1.21
000449,2026,01,28,2026-01-28,s1,0,0.75
000450,2026,03,11,2026-03-11,s1+det5(동의),1,1.88
000451,2026,02,27,2026-02-27,s1+det5(동의),1,4.24
000452,2026,03,25,2026-03-25,hires,0,8.64
000453,2026,01,26,2026-01-26,s1+det5(동의),1,5.78
000454,2025,07,15,2025-07-15,s1,0,0.98
000455,2026,02,10,2026-02-10,s1+det5(동의),1,1.74
000456,2025,12,26,2025-12-26,s1+det5(동의),1,2.29
000457,2026,06,18,2026-06-18,s1,0,0.98
000458,2026,07,01,2026-07-01,s1+det5(동의),1,2.4
000459,2026,01,19,2026-01-19,s1+det5(동의),1,6.53
000460,2025,12,03,2025-12-03,s1,0,0.98
000461,2026,11,28,2026-11-28,s1,0,1.47
000462,2027,05,27,2027-05-27,s1,0,1.17
000463,2027,02,01,2027-02-01,s1,0,1.12
000464,2026,03,19,2026-03-19,s1,0,1.28
000465,2027,07,30,2027-07-30,s1,0,0.93
000466,2027,06,07,2027-06-07,s1,0,0.94
000467,2025,12,26,2025-12-26,s1+det5(동의),1,4.48
000468,2026,04,06,2026-04-06,s1+clahe(동의),2,2.18
000469,2026,07,21,2026-07-21,s1,0,0.66
000470,2026,08,06,2026-08-06,s1+det5(동의),1,3.62
000471,2027,01,08,2027-01-08,s1,0,1.11
000472,2026,01,17,2026-01-17,s1,0,0.87
000473,2026,03,01,2026-03-01,hires,0,8.29
000474,2026,06,26,2026-06-26,rot90,0,2.9
000475,2030,07,26,2030-07-26,det5,0,2.64
000476,2026,07,06,2026-07-06,s1,0,0.66
000477,2026,07,21,2026-07-21,s1,0,2.1
000478,2026,06,11,2026-06-11,clahe,0,3.51
000479,2026,05,22,2026-05-22,s1,0,0.74
000480,2026,07,21,2026-07-21,s1+det5(동의),1,4.73
000481,2026,03,09,2026-03-09,s1,0,0.77
000482,NONE,NONE,NONE,NONE,fail,0,14.24
000483,2027,04,15,2027-04-15,s1,0,0.71
000484,2027,11,14,2027-11-14,s1,0,0.71
000485,2027,09,17,2027-09-17,s1,0,0.82
000486,NONE,NONE,NONE,NONE,fail,0,9.43
000487,2027,12,11,2027-12-11,s1,0,0.67
000488,2026,02,27,2026-02-27,s1,0,1.66
000489,2026,05,08,2026-05-08,s1,0,1.33
000490,2025,11,27,2025-11-27,s1+det5(동의),1,1.03
000491,2026,09,19,2026-09-19,s1,0,0.77
000492,2026,03,12,2026-03-12,s1,0,0.79
000493,2026,06,17,2026-06-17,s1,0,2.47
000494,2025,06,13,2025-06-13,det5,0,3.04
000495,2026,02,19,2026-02-19,s1,0,0.5
000496,2027,03,05,2027-03-05,s1,0,1.37
000497,2026,08,31,2026-08-31,s1+det5(동의),1,1.77
000498,2026,03,07,2026-03-07,det5,0,2.22
000499,2026,05,13,2026-05-13,s1,0,0.7
000500,2026,12,17,2026-12-17,s1,0,1.55
000501,2026,02,24,2026-02-24,s1+det5(동의),1,2.87
000502,2026,06,20,2026-06-20,s1,0,1.78
000503,2026,02,18,2026-02-18,s1+det5(동의),1,2.07
000504,2026,02,28,2026-02-28,s1+det5(동의),1,2.11
000505,2026,03,02,2026-03-02,s1+det5(동의),1,1.82
000506,2026,06,18,2026-06-18,s1+det5(동의),1,2.04
000507,2026,05,19,2026-05-19,s1+det5(동의),1,5.13
000508,2026,08,25,2026-08-25,s1+det5(동의),1,2.01
000509,2026,09,01,2026-09-01,s1+det5(동의),1,1.66
000510,2026,09,03,2026-09-03,s1,0,1.74
000511,2026,03,24,2026-03-24,s1+det5(동의),1,1.72
000512,2026,02,17,2026-02-17,s1,0,2.52
000513,2026,09,03,2026-09-03,det5,0,2.27
000514,2026,07,13,2026-07-13,s1,0,0.63
000515,2026,01,NONE,2026-01-NONE,det5,0,9.3
000516,2026,07,16,2026-07-16,s1,0,1.57
000517,2026,09,25,2026-09-25,s1+det5(동의),1,2.57
000518,2026,09,14,2026-09-14,s1+det5(동의),1,1.07
000519,2026,08,10,2026-08-10,s1+det5(동의),1,1.82
000520,2026,09,15,2026-09-15,s1,0,1.02
000521,2026,03,10,2026-03-10,s1,0,0.7
000522,2026,02,21,2026-02-21,s1+clahe(동의),2,3.97
000523,2026,03,23,2026-03-23,s1+det5(동의),1,1.34
000524,2026,06,18,2026-06-18,s1,0,0.66
000525,2027,09,08,2027-09-08,s1,0,1.25
000526,2026,07,04,2026-07-04,s2,0,1.2
000527,2025,10,12,2025-10-12,s1,0,0.99
000528,2026,03,11,2026-03-11,s1,0,0.55
000529,2026,01,12,2026-01-12,s1,0,0.48
000530,2026,06,24,2026-06-24,s1+det5(동의),1,2.31
000531,2026,02,28,2026-02-28,s1,0,0.6
000532,2026,02,28,2026-02-28,s1,0,0.55
000533,2026,03,26,2026-03-26,s1,0,1.87
000534,2027,01,29,2027-01-29,erode5,0,11.34
000535,2026,02,04,2026-02-04,s1,0,0.49
000536,2026,01,01,2026-01-01,s1,0,0.62
000537,2026,05,08,2026-05-08,det5,0,6.99
000538,2026,02,06,2026-02-06,s1,0,0.88
000539,2027,08,11,2027-08-11,hires,0,16.75
000540,2025,03,24,2025-03-24,s1,0,0.55
000541,2026,03,22,2026-03-22,s1,0,0.6
000542,2027,07,22,2027-07-22,s1,0,1.36
000543,2020,09,01,2020-09-01,clahe,0,10.85
000544,2029,06,02,2029-06-02,erode5,0,7.42
000545,2027,07,09,2027-07-09,s1,0,1.28
000546,2026,08,10,2026-08-10,s1,0,1.63
000547,2026,05,28,2026-05-28,s1,0,1.05
000548,2026,05,26,2026-05-26,s1,0,0.95
000549,2027,01,16,2027-01-16,s2,0,2.45
000550,2026,05,29,2026-05-29,s1,0,1.11
000551,2026,12,19,2026-12-19,s1,0,1.31
000552,2026,09,07,2026-09-07,s1,0,0.77
000553,2028,10,24,2028-10-24,det5,0,5.66
000554,2027,09,17,2027-09-17,s1,0,0.52
000555,2027,04,16,2027-04-16,s1,0,0.78
000556,2026,08,07,2026-08-07,s1,0,0.46
000557,2026,08,12,2026-08-12,s1,0,1.35
000558,2025,05,16,2025-05-16,s1+det5(동의),1,2.96
000559,2027,04,21,2027-04-21,s1,0,0.49
000560,2027,07,13,2027-07-13,s1,0,1.38
000561,2028,08,07,2028-08-07,s1,0,1.77
000562,2025,12,30,2025-12-30,s1,0,1.44
000563,2026,01,10,2026-01-10,s1+det5(동의),1,1.52
000564,2026,06,25,2026-06-25,s1,0,0.43
000565,2025,12,05,2025-12-05,s1,0,0.63
000566,2026,09,17,2026-09-17,s1,0,1.22
000567,2025,10,29,2025-10-29,s1+det5(동의),1,1.46
000568,2026,02,23,2026-02-23,s1,0,1.43
000569,2025,11,02,2025-11-02,s1,0,0.76
000570,2026,05,20,2026-05-20,s1,0,0.46
000571,NONE,10,18,NONE-10-18,s1+det5(동의),1,1.74
000572,NONE,10,15,NONE-10-15,s1+det5(동의),1,3.25
000573,NONE,NONE,NONE,NONE,fail,0,16.95
000574,2026,02,24,2026-02-24,s1,0,1.22
000575,NONE,10,14,NONE-10-14,up2x,0,6.81
000576,2026,05,21,2026-05-21,s1+det5(동의),1,1.99
000577,2026,04,20,2026-04-20,s1,0,0.62
000578,2026,03,04,2026-03-04,s1,0,0.8
000579,2026,07,10,2026-07-10,s1,0,1.08
000580,2026,02,28,2026-02-28,s1,0,0.95
000581,2026,02,25,2026-02-25,s1,0,1.14
000582,2025,01,21,2025-01-21,s1,0,0.55
000583,2035,11,23,2035-11-23,up2x,0,10.98
000584,2026,07,15,2026-07-15,s1+det5(동의),1,1.49
000585,2026,05,16,2026-05-16,det5,0,12.78
000586,2026,03,14,2026-03-14,clahe,0,3.36
000587,2026,02,07,2026-02-07,s1,0,1.62
000588,2025,11,28,2025-11-28,s1,0,0.47
000589,2026,04,02,2026-04-02,s1,0,1.14
000590,2025,12,05,2025-12-05,s1,0,0.46
000591,2026,07,27,2026-07-27,s1+det5(동의),1,1.61
000592,2025,03,25,2025-03-25,s1,0,1.69
000593,2026,07,22,2026-07-22,erode5,0,9.48
000594,2026,08,25,2026-08-25,s1+det5(동의),1,1.85
000595,2026,05,01,2026-05-01,s1,0,0.79
000596,2026,08,13,2026-08-13,s1,0,0.69
000597,2026,09,02,2026-09-02,s1+det5(동의),1,1.41
000598,2026,03,09,2026-03-09,s1+det5(동의),1,4.26
000599,2026,09,04,2026-09-04,s1,0,0.86
000600,2026,08,31,2026-08-31,s1+det5(동의),1,1.59
000601,2026,01,27,2026-01-27,s1+det5(동의),1,2.1
000602,2026,09,22,2026-09-22,s1+det5(동의),1,1.43
000603,2026,09,24,2026-09-24,s1+det5(동의),1,3.3
000604,2026,09,15,2026-09-15,s1,0,1.07
000605,2028,07,01,2028-07-01,det5,0,4.16
000606,2026,10,01,2026-10-01,rot90,0,5.78
000607,2028,06,23,2028-06-23,s1,0,1.68
000608,2026,08,13,2026-08-13,det5,0,2.27
000609,2027,06,11,2027-06-11,s1,0,0.62
000610,2026,06,04,2026-06-04,s1,0,0.69
000611,2026,07,20,2026-07-20,s1,0,1.25
000612,2026,05,07,2026-05-07,s1,0,0.91
000613,2026,05,28,2026-05-28,s1,0,0.6
000614,2026,03,07,2026-03-07,s1,0,0.7
000615,2026,03,24,2026-03-24,s1,0,1.02
000616,2026,09,10,2026-09-10,s1,0,1.02
000617,2026,07,11,2026-07-11,det5,0,3.16
000618,2026,08,26,2026-08-26,s1,0,1.65
000619,2026,09,15,2026-09-15,s1,0,1.51
000620,2026,07,06,2026-07-06,s1,0,0.86
000621,2026,08,25,2026-08-25,s1,0,0.64
000622,2027,01,02,2027-01-02,s1,0,1.09
000623,2027,03,10,2027-03-10,det5,0,2.47
000624,2027,06,15,2027-06-15,s1,0,0.84
000625,2027,04,01,2027-04-01,s1,0,1.11
000626,2026,07,01,2026-07-01,s1+det5(동의),1,1.14
000627,2022,01,08,2022-01-08,erode5,0,7.55
000628,2025,02,03,2025-02-03,det5,0,1.36
000629,2025,09,22,2025-09-22,clahe,0,4.88
000630,2026,03,31,2026-03-31,s1,0,0.86
000631,2025,11,15,2025-11-15,s1+det5(동의),1,2.45
000632,2025,12,28,2025-12-28,s1,0,0.96
000633,2025,12,24,2025-12-24,s1,0,1.08
000634,2026,02,05,2026-02-05,s1,0,0.68
000635,2026,02,21,2026-02-21,s1+det5(동의),1,3.33
000636,2026,03,09,2026-03-09,s1,0,0.76
000637,2026,06,17,2026-06-17,s1,0,0.57
000638,2026,06,16,2026-06-16,s1,0,0.76
000639,2026,02,02,2026-02-02,s1,0,0.73
000640,2026,02,08,2026-02-08,s1,0,0.56
000641,2026,09,02,2026-09-02,s1,0,1.41
000642,2025,03,01,2025-03-01,det5,0,3.42
000643,2026,01,21,2026-01-21,s1,0,2.42
000644,2027,03,11,2027-03-11,s1+det5(동의),1,1.57
000645,2025,05,13,2025-05-13,s1,0,1.33
000646,2027,01,15,2027-01-15,s1,0,0.59
000647,2026,08,19,2026-08-19,s1,0,0.78
000648,2026,08,25,2026-08-25,erode5,0,15.14
000649,2027,01,07,2027-01-07,clahe,0,13.98
000650,2026,08,05,2026-08-05,s1,0,1.61
000651,2026,06,25,2026-06-25,det5,0,2.3
000652,2027,03,31,2027-03-31,s1,0,1.7
000653,2027,01,19,2027-01-19,s1,0,0.78
000654,2028,07,02,2028-07-02,s1,0,0.87
000655,2026,08,27,2026-08-27,s1,0,1.49
000656,2026,09,04,2026-09-04,s1,0,1.29
000657,2026,07,27,2026-07-27,s1,0,0.65
000658,2026,01,16,2026-01-16,s1,0,0.47
000659,2026,08,24,2026-08-24,s1,0,1.01
000660,2026,02,28,2026-02-28,s1,0,1.46
000661,2026,04,17,2026-04-17,s1,0,1.64
000662,2026,03,11,2026-03-11,s1,0,0.71
000663,2026,02,10,2026-02-10,s1+det5(동의),1,1.42
000664,2026,02,20,2026-02-20,s1,0,1.58
000665,2026,03,25,2026-03-25,s1,0,1.68
000666,2025,08,01,2025-08-01,det5,0,2.71
000667,2026,06,22,2026-06-22,s1+det5(동의),1,1.55
000668,2026,04,30,2026-04-30,s1,0,0.93
000669,2026,09,02,2026-09-02,s1+det5(동의),1,1.86
000670,2024,12,09,2024-12-09,hires,0,5.02
000671,2026,03,31,2026-03-31,s1+det5(동의),1,1.67
000672,2026,02,08,2026-02-08,s1+det5(동의),1,2.77
000673,2026,06,02,2026-06-02,erode5,0,18.47
000674,2026,06,02,2026-06-02,s1+det5(동의),1,1.6
000675,2028,06,03,2028-06-03,s1,0,1.04
000676,2026,06,10,2026-06-10,s1,0,0.6
000677,2027,08,17,2027-08-17,s1,0,0.74
000678,2026,07,24,2026-07-24,s1,0,1.02
000679,2027,09,17,2027-09-17,s1,0,1.76
000680,2025,10,15,2025-10-15,s1,0,0.75
000681,2026,01,09,2026-01-09,s1,0,0.77
000682,2026,01,25,2026-01-25,s2,0,0.7
000683,2026,03,11,2026-03-11,s1,0,0.9
000684,2026,03,23,2026-03-23,s1,0,0.68
000685,2026,05,28,2026-05-28,s1,0,0.68
000686,2025,10,03,2025-10-03,s2,0,2.28
000687,2025,10,17,2025-10-17,s1,0,0.97
000688,2025,11,10,2025-11-10,s1,0,0.61
000689,2025,10,27,2025-10-27,s1+det5(동의),1,2.52
000690,2025,10,11,2025-10-11,s1+det5(동의),1,2.45
000691,2026,09,22,2026-09-22,s1+det5(동의),1,1.6
000692,2026,08,21,2026-08-21,s1+det5(동의),1,1.41
000693,2026,09,01,2026-09-01,s1+det5(동의),1,2.09
000694,2026,09,01,2026-09-01,erode5,0,19.18
000695,2027,09,09,2027-09-09,clahe,0,3.81
000696,2025,10,28,2025-10-28,s1,0,0.92
000697,2025,10,07,2025-10-07,s1,0,0.53
000698,NONE,10,12,NONE-10-12,s1+det5(동의),1,1.24
000699,2025,09,NONE,2025-09-NONE,fail,0,10.39
000700,2025,10,24,2025-10-24,s1,0,0.73
000701,2025,10,05,2025-10-05,s1+det5(동의),1,1.46
000702,2025,10,09,2025-10-09,s1+det5(동의),1,1.27
000703,2026,01,25,2026-01-25,s1,0,0.71
000704,2026,07,29,2026-07-29,s1,0,0.74
000705,2026,06,29,2026-06-29,s1,0,1.35
000706,2026,03,11,2026-03-11,s1,0,1.17
000707,2026,08,19,2026-08-19,s1,0,0.43
000708,2025,09,18,2025-09-18,s1,0,0.69
000709,2025,10,14,2025-10-14,s1+det5(동의),1,1.43
000710,2025,10,14,2025-10-14,s1,0,0.68
000711,2025,10,09,2025-10-09,s1,0,0.85
000712,2025,11,20,2025-11-20,s1,0,1.16
000713,2025,10,23,2025-10-23,s1,0,0.77
000714,2026,03,12,2026-03-12,s1,0,0.64
000715,2026,06,26,2026-06-26,det5,0,3.65
000716,2025,11,07,2025-11-07,s1,0,0.51
000717,2025,10,12,2025-10-12,det5,0,1.65
000718,2026,01,17,2026-01-17,s1,0,0.51
000719,2026,04,04,2026-04-04,s1,0,0.86
000720,2026,02,28,2026-02-28,s1,0,0.88
000721,2026,12,17,2026-12-17,s1,0,1.35
000722,2026,08,01,2026-08-01,det5,0,1.36
000723,NONE,NONE,NONE,NONE,fail,0,6.16
000724,2026,05,20,2026-05-20,s1+det5(동의),1,1.25
000725,2026,04,16,2026-04-16,s1+det5(동의),1,1.18
000726,2026,09,16,2026-09-16,det5,0,1.68
000727,2026,06,22,2026-06-22,det5,0,2.53
000728,2026,06,24,2026-06-24,s1,0,0.43
000729,2026,01,07,2026-01-07,s1,0,0.69
000730,2026,02,26,2026-02-26,det5,0,2.16
000731,2026,03,08,2026-03-08,det5,0,1.68
000732,2025,03,15,2025-03-15,det5,0,1.79
000733,2026,03,24,2026-03-24,s2,0,0.73
000734,2025,10,28,2025-10-28,s1,0,1.33
000735,2027,01,12,2027-01-12,s1,0,1.36
000736,2025,12,17,2025-12-17,s1,0,1.36
000737,2026,03,04,2026-03-04,s1,0,1.35
000738,2026,02,12,2026-02-12,s1,0,1.2
000739,2024,08,07,2024-08-07,s1+det5(동의),1,5.01
000740,2026,07,23,2026-07-23,s1,0,0.95
000741,2025,12,03,2025-12-03,s1+det5(동의),1,1.5
000742,2026,05,01,2026-05-01,s2,0,0.77
000743,2026,11,16,2026-11-16,s1,0,1.0
000744,2027,08,18,2027-08-18,s1,0,1.18
000745,2026,01,10,2026-01-10,s1+det5(동의),1,1.77
000746,2026,06,23,2026-06-23,s1,0,0.37
000747,2026,06,22,2026-06-22,s1,0,0.8
000748,2027,01,22,2027-01-22,s1,0,0.76
000749,2026,01,21,2026-01-21,erode5,0,10.32
000750,2026,01,06,2026-01-06,s1,0,2.09
000751,2025,05,08,2025-05-08,s1,0,1.07
000752,2026,07,09,2026-07-09,s1+det5(동의),1,2.38
000753,2020,01,04,2020-01-04,hires,0,8.87
000754,2026,05,24,2026-05-24,s1,0,1.71
000755,2026,04,30,2026-04-30,s1,0,0.84
000756,2027,02,24,2027-02-24,s1,0,0.62
000757,NONE,10,22,NONE-10-22,s1,0,1.04
000758,2026,03,11,2026-03-11,s1,0,0.77
000759,2026,05,14,2026-05-14,s1,0,0.82
000760,NONE,11,20,NONE-11-20,det5,0,1.71
000761,NONE,11,11,NONE-11-11,clahe,0,3.99
000762,2026,08,02,2026-08-02,s1,0,0.58
000763,NONE,11,12,NONE-11-12,clahe,0,6.05
000764,2023,12,NONE,2023-12-NONE,erode3,0,6.98
000765,2025,11,21,2025-11-21,erode5,0,5.16
000766,2024,09,26,2024-09-26,s1+det5(동의),1,1.35
000767,2026,08,01,2026-08-01,up2x,0,6.27
000768,2026,06,26,2026-06-26,det5,0,1.85
000769,2026,12,10,2026-12-10,s1,0,0.87
000770,NONE,NONE,NONE,NONE,fail,0,7.5
000771,2019,11,26,2019-11-26,det5,0,3.58
000772,NONE,12,20,NONE-12-20,s1+det5(동의),1,3.54
000773,NONE,12,10,NONE-12-10,s1+det5(동의),1,3.22
000774,2026,02,08,2026-02-08,s1+det5(동의),1,2.13
000775,2025,12,17,2025-12-17,det5,0,2.04
000776,2026,01,09,2026-01-09,s1,0,0.72
000777,2026,03,NONE,2026-03-NONE,s1,0,2.07
000778,2026,06,22,2026-06-22,det5,0,2.01
000779,2026,06,03,2026-06-03,s1,0,2.13
000780,2026,04,27,2026-04-27,s1,0,0.68
000781,2026,10,02,2026-10-02,s1,0,0.61
000782,NONE,12,19,NONE-12-19,s1+det5(동의),1,1.19
000783,2025,12,21,2025-12-21,s1+det5(동의),1,1.22
000784,2031,05,22,2031-05-22,det5,0,1.81
000785,2026,10,15,2026-10-15,det5,0,2.03
000786,NONE,12,17,NONE-12-17,det5,0,2.73
000787,2026,04,09,2026-04-09,s1,0,0.74
000788,NONE,01,21,NONE-01-21,clahe,0,4.16
000789,NONE,12,19,NONE-12-19,s1+det5(동의),1,1.43
000790,NONE,04,01,NONE-04-01,s1+det5(동의),1,4.22
000791,2026,06,30,2026-06-30,erode5,0,7.01
000792,2026,04,05,2026-04-05,s1,0,0.79
000793,2026,05,06,2026-05-06,s1,0,1.02
000794,2026,10,27,2026-10-27,s1,0,0.6
000795,NONE,NONE,NONE,NONE,fail,0,9.15
000796,NONE,NONE,NONE,NONE,fail,0,6.51
000797,2026,08,25,2026-08-25,s1+clahe(동의),2,2.57
000798,NONE,12,20,NONE-12-20,s1+det5(동의),1,1.14
000799,NONE,12,20,NONE-12-20,s1+det5(동의),1,0.96
000800,2026,08,12,2026-08-12,s1,0,0.81
000801,2026,03,25,2026-03-25,s1,0,1.11
000802,2026,07,03,2026-07-03,s1,0,2.08
000803,2026,09,13,2026-09-13,s1,0,0.62
000804,2027,09,01,2027-09-01,det5,0,1.63
000805,2027,07,NONE,2027-07-NONE,erode5,0,18.19
000806,2026,10,02,2026-10-02,s1,0,0.95
000807,2026,05,29,2026-05-29,s1,0,0.73
000808,2026,06,12,2026-06-12,det5,0,2.04
000809,2026,08,30,2026-08-30,det5,0,1.76
000810,2026,03,31,2026-03-31,s1+det5(동의),1,1.48
000811,2026,03,31,2026-03-31,s1+det5(동의),1,2.37
000812,2026,05,29,2026-05-29,s1,0,1.01
000813,2026,08,24,2026-08-24,s1,0,1.58
000814,2026,06,22,2026-06-22,erode5,0,9.57
000815,2026,06,22,2026-06-22,erode5,0,7.48
000816,2026,10,09,2026-10-09,erode5,0,7.44
000817,NONE,NONE,NONE,NONE,fail,0,8.96
000818,2026,05,12,2026-05-12,erode3,0,7.58
000819,2026,05,18,2026-05-18,s2,0,1.96
000820,2026,05,18,2026-05-18,det5,0,5.99
000821,2028,11,03,2028-11-03,s1+교차2,2,2.3
000822,2026,02,02,2026-02-02,det5,0,2.33
000823,2027,02,23,2027-02-23,s1,0,1.25
000824,NONE,12,18,NONE-12-18,s1+det5(동의),1,2.21
000825,2026,06,22,2026-06-22,s1,0,0.77
000826,2026,06,22,2026-06-22,s1,0,0.64
000827,2026,08,05,2026-08-05,clahe,0,11.09
000828,NONE,12,21,NONE-12-21,clahe,0,4.43
000829,2026,03,20,2026-03-20,s1,0,0.86
000830,2025,12,20,2025-12-20,s1+det5(동의),1,1.21
000831,2026,07,16,2026-07-16,det5,0,10.17
000832,2026,07,16,2026-07-16,det5,0,10.13
000833,2026,04,27,2026-04-27,s1,0,0.67
000834,2026,02,02,2026-02-02,s1+det5(동의),1,1.44
000835,2026,02,02,2026-02-02,s1+det5(동의),1,1.62
000836,2026,05,18,2026-05-18,s2,0,2.43
000837,NONE,NONE,NONE,NONE,fail,0,9.54
000838,NONE,NONE,NONE,NONE,fail,0,8.14
000839,2026,01,03,2026-01-03,s1,0,1.28
000840,2026,01,01,2026-01-01,s1+det5(동의),1,3.88
000841,2025,12,22,2025-12-22,s1,0,0.67
000842,2026,07,03,2026-07-03,s1,0,0.72
000843,2026,06,17,2026-06-17,s1,0,1.37
000844,2026,07,03,2026-07-03,s1,0,0.87
000845,2026,06,17,2026-06-17,s1,0,0.94
000846,2026,05,28,2026-05-28,s1,0,1.23
000847,2026,05,28,2026-05-28,s1,0,1.49
000848,2026,05,21,2026-05-21,clahe,0,3.44
000849,2026,05,21,2026-05-21,s1,0,0.57
000850,2026,08,09,2026-08-09,s1+det5(동의),1,1.6
000851,2026,06,30,2026-06-30,s1+det5(동의),1,1.55
000852,2026,08,14,2026-08-14,clahe,0,3.11
000853,2026,09,24,2026-09-24,s1+det5(동의),1,1.19
000854,2026,09,04,2026-09-04,s1+det5(동의),1,2.23
000855,2026,08,25,2026-08-25,s1+det5(동의),1,1.6
000856,2026,06,03,2026-06-03,s1,0,2.04
000857,2025,01,28,2025-01-28,s1,0,2.11
000858,2021,10,NONE,2021-10-NONE,clahe,0,5.12
000859,NONE,NONE,NONE,NONE,fail,0,4.88
000860,2022,07,23,2022-07-23,s2,0,4.53
000861,2022,07,23,2022-07-23,s2,0,0.85
000862,NONE,NONE,NONE,NONE,fail,0,11.36
000863,2018,NONE,10,2018-NONE-10,up2x,0,7.46
000864,2023,03,04,2023-03-04,s1,0,1.64
000865,2021,09,25,2021-09-25,det5,0,2.09
000866,2021,09,25,2021-09-25,s1,0,0.47
000867,2020,02,07,2020-02-07,clahe,0,5.6
000868,2021,08,18,2021-08-18,fail,0,6.07
000869,2021,09,15,2021-09-15,s1,0,1.18
000870,2021,10,15,2021-10-15,s1,0,1.16
000871,2021,10,15,2021-10-15,s1,0,0.76
000872,2021,02,26,2021-02-26,s1+det5(동의),1,2.16
000873,2021,02,26,2021-02-26,s1+clahe(동의),2,1.76
000874,2020,06,22,2020-06-22,rot270,0,16.44
000875,2021,08,01,2021-08-01,rot270,0,10.59
000876,2021,07,01,2021-07-01,s1,0,0.56
000877,2023,04,03,2023-04-03,up2x,0,10.87
000878,NONE,NONE,NONE,NONE,fail,0,7.63
000879,2021,05,11,2021-05-11,s1,0,1.65
000880,2021,05,11,2021-05-11,s1,0,1.01
000881,2021,06,08,2021-06-08,s1,0,0.97
000882,2021,06,08,2021-06-08,s1,0,0.62
000883,NONE,07,03,NONE-07-03,det5,0,1.93
000884,2021,07,03,2021-07-03,up2x,0,4.77
000885,2038,01,20,2038-01-20,rot90,0,4.05
000886,NONE,07,09,NONE-07-09,rot90,0,2.39
000887,2029,02,01,2029-02-01,hires,0,8.98
000888,2021,12,NONE,2021-12-NONE,s1+det5(동의),1,1.33
000889,2021,05,27,2021-05-27,s2,0,0.98
000890,2021,04,05,2021-04-05,s1,0,0.91
000891,2021,04,05,2021-04-05,s1,0,0.46
000892,2022,02,07,2022-02-07,s1,0,0.73
000893,2022,02,07,2022-02-07,s1,0,0.42
000894,2021,06,02,2021-06-02,s1,0,0.57
000895,2021,06,02,2021-06-02,s1,0,0.44
000896,2023,02,15,2023-02-15,s1,0,0.81
000897,2025,05,19,2025-05-19,s2,0,2.4
000898,2025,05,19,2025-05-19,s2,0,2.86
000899,2022,09,02,2022-09-02,s1,0,0.99
000900,2022,09,02,2022-09-02,s2,0,1.12
000901,2021,11,01,2021-11-01,s1,0,1.31
000902,2021,11,01,2021-11-01,s1,0,0.57
000903,2021,08,31,2021-08-31,s1,0,0.82
000904,2021,08,31,2021-08-31,det5,0,2.53
000905,2022,01,NONE,2022-01-NONE,s1,0,1.31
000906,2022,01,NONE,2022-01-NONE,s1,0,0.59
000907,2022,01,NONE,2022-01-NONE,s1,0,1.05
000908,2022,01,NONE,2022-01-NONE,s1,0,0.45
000909,2021,09,20,2021-09-20,s1,0,0.86
000910,2021,09,20,2021-09-20,s1,0,0.46
000911,2022,05,05,2022-05-05,s1,0,2.02
000912,2022,05,05,2022-05-05,s2,0,1.66
000913,2021,10,19,2021-10-19,det5,0,4.9
000914,2021,07,21,2021-07-21,s1,0,0.7
000915,2021,07,01,2021-07-01,s2,0,0.77
000916,2022,06,06,2022-06-06,s1,0,2.19
000917,2022,06,06,2022-06-06,s1,0,1.6
000918,2021,09,17,2021-09-17,s2,0,1.84
000919,2022,03,11,2022-03-11,s1,0,1.69
000920,2022,03,11,2022-03-11,s1,0,0.61
000921,2022,02,26,2022-02-26,det5,0,1.72
000922,2022,02,26,2022-02-26,s1,0,0.67
000923,NONE,02,01,NONE-02-01,s1+det5(동의),1,2.09
000924,NONE,02,02,NONE-02-02,s1+det5(동의),1,1.75
000925,NONE,02,02,NONE-02-02,s1+det5(동의),1,1.42
000926,2021,06,10,2021-06-10,s1,0,0.66
000927,2021,08,23,2021-08-23,s1,0,1.16
000928,2022,03,13,2022-03-13,s1+det5(동의),1,5.44
000929,2022,03,13,2022-03-13,s1+det5(동의),1,3.69
000930,2021,07,29,2021-07-29,s1,0,0.64
000931,2021,07,29,2021-07-29,clahe,0,2.74
000932,2021,05,26,2021-05-26,s1,0,0.49
000933,NONE,NONE,NONE,NONE,fail,0,3.88
000934,2021,02,10,2021-02-10,s1+det5(동의),1,1.72
000935,2021,02,10,2021-02-10,s1+clahe(동의),2,2.31
000936,2021,10,19,2021-10-19,s1+det5(동의),1,3.58
000937,2022,06,11,2022-06-11,s1,0,1.65
000938,2022,06,11,2022-06-11,s2,0,3.56
000939,2021,10,28,2021-10-28,s1,0,1.18
000940,2021,07,03,2021-07-03,erode3,0,11.28
000941,2021,07,02,2021-07-02,s1,0,1.43
000942,2021,05,29,2021-05-29,s1+det5(동의),1,6.36
000943,2021,05,29,2021-05-29,s1,0,2.19
000944,2021,07,03,2021-07-03,s1,0,1.92
000945,2020,04,03,2020-04-03,s1,0,0.92
000946,2021,09,30,2021-09-30,s1,0,0.93
000947,2021,09,30,2021-09-30,s1,0,0.96
000948,2021,10,24,2021-10-24,s1,0,1.68
000949,2021,10,24,2021-10-24,s1+det5(동의),1,3.12
000950,2022,09,16,2022-09-16,s2,0,2.82
000951,2021,04,05,2021-04-05,s1,0,1.65
000952,2021,04,05,2021-04-05,s1,0,1.15
000953,2021,02,05,2021-02-05,s1+det5(동의),1,3.73
000954,NONE,NONE,NONE,NONE,fail,0,14.56
000955,2022,01,25,2022-01-25,s1+clahe(동의),2,4.48
000956,2022,01,25,2022-01-25,s1+det5(동의),1,2.2
000957,2021,02,22,2021-02-22,s1+det5(동의),1,7.0
000958,2031,01,29,2031-01-29,up2x,0,22.08
000959,2022,07,19,2022-07-19,s1,0,2.96
000960,2022,07,19,2022-07-19,s1,0,1.62
000961,2023,10,21,2023-10-21,s1,0,1.51
000962,2023,10,21,2023-10-21,s1,0,0.9
000963,2023,11,14,2023-11-14,s1,0,1.75
000964,2023,11,14,2023-11-14,s1,0,1.03
000965,2021,07,23,2021-07-23,s1+clahe(동의),2,29.01
000966,2021,08,10,2021-08-10,s1,0,2.35
000967,2022,10,17,2022-10-17,s1,0,4.21
000968,2022,10,17,2022-10-17,s2,0,2.44
000969,2022,06,30,2022-06-30,s1,0,3.84
000970,2022,06,30,2022-06-30,s2,0,5.24
000971,2021,11,11,2021-11-11,s1,0,1.34
000972,2021,06,25,2021-06-25,s1,0,1.05
000973,2022,12,02,2022-12-02,up2x,0,13.86
000974,NONE,NONE,NONE,NONE,fail,0,8.96
000975,2023,08,03,2023-08-03,s1,0,2.49
000976,2023,08,03,2023-08-03,s1,0,1.96
000977,2021,11,03,2021-11-03,s1+det5(동의),1,13.88
000978,NONE,02,22,NONE-02-22,up2x,0,59.11
000979,2021,06,14,2021-06-14,s1+det5(동의),1,4.37
000980,2021,06,14,2021-06-14,s1,0,0.83
000981,2021,08,08,2021-08-08,rot90,0,4.44
000982,2022,02,15,2022-02-15,s1,0,1.27
000983,2021,08,20,2021-08-20,s1,0,4.01
000984,2021,08,20,2021-08-20,s1,0,2.8
000985,2021,12,28,2021-12-28,s1,0,1.13
000986,2021,12,28,2021-12-28,s2,0,1.19
000987,2021,12,28,2021-12-28,s1,0,1.2
000988,2021,12,28,2021-12-28,s2,0,1.67
000989,2020,07,21,2020-07-21,det5,0,7.66
000990,NONE,NONE,NONE,NONE,fail,0,24.8
000991,2021,03,04,2021-03-04,s1,0,2.92
000992,2021,04,NONE,2021-04-NONE,det5,0,6.63
000993,NONE,02,18,NONE-02-18,hires,0,11.47
000994,NONE,02,18,NONE-02-18,clahe,0,6.04
000995,NONE,NONE,NONE,NONE,fail,0,7.78
000996,NONE,02,17,NONE-02-17,up2x,0,13.53
000997,NONE,NONE,NONE,NONE,fail,0,10.93
000998,2021,11,11,2021-11-11,s1,0,1.83
000999,2021,11,11,2021-11-11,s1,0,0.72
001000,2021,09,07,2021-09-07,s1+det5(동의),1,3.1
