image_id,year,month,day,final_date,stage,texts,raw
000001,2027,06,26,2027-06-26,s1,161 | 판매원 홀푸드코리아(주)/제주특 | 301空 | 내포장재질 폴리에틸렌(내면) | 号卫空20130628332176 | 반품 및 교환 구입처 | 1899-1494 | 보관방법 직사광선을 피하고 서늘 | 하고 습하지 않는 곳에 실온·보관 | 1포씩 드십시오.원액 그대로 섭취 | 하거나 물에 희석하여 드십시오. | 가볍게 흔들어서 드세요 | ※부정·불량식품 신고는 국번없이 | 고시 소비자 분쟁해결 | 기준에 의거 정당한 식품안전관리인증 | HACCP | 소비자 피해에 대해 | 보상해드립니다. 식품의약품인전저 | 소비기한 2027.06.26 까지 | LOTNO 543123,"[[""161"", 18, 33, 135], [""판매원 홀푸드코리아(주)/제주특"", 50, 41, 135], [""301空"", 124, 36, 135], [""내포장재질 폴리에틸렌(내면)"", 158, 39, 139], [""号卫空20130628332176"", 192, 38, 140], [""반품 및 교환 구입처"", 228, 41, 140], [""1899-1494"", 264, 38, 142], [""보관방법 직사광선을 피하고 서늘"", 297, 39, 144], [""하고 습하지 않는 곳에 실온·보관"", 332, 40, 144], [""1포씩 드십시오.원액 그대로 섭취"", 399, 40, 147], [""하거나 물에 희석하여 드십시오."", 434, 37, 147], [""가볍게 흔들어서 드세요"", 468, 34, 149], [""※부정·불량식품 신고는 국번없이"", 500, 39, 148], [""고시 소비자 분쟁해결"", 566, 29, 155], [""식품안전관리인증"", 582, 29, 402], [""기준에 의거 정당한"", 598, 35, 152], [""HACCP"", 608, 35, 403], [""소비자 피해에 대해"", 630, 30, 155], [""보상해드립니다."", 663, 32, 155], [""식품의약품인전저"", 654, 24, 410], [""소비기한"", 723, 30, 157], [""까지"", 719, 32, 462], [""2027.06.26"", 735, 38, 276], [""LOTNO"", 761, 26, 157], [""543123"", 758, 33, 277]]"
000002,2025,12,11,2025-12-11,s1,Met TI | 나7H | JINCE1963 2025.12.11外 | 2A12106,"[[""Met TI"", 99, 23, 120], [""나7H"", 197, 50, 74], [""2025.12.11外"", 408, 33, 288], [""JINCE1963"", 418, 21, 0], [""2A12106"", 434, 40, 283]]"
000003,2026,05,12,2026-05-12,s1,2026.05.12 | 옥수수40%함유 | Caramel | PoPa | 카라벨,"[[""2026.05.12"", 402, 29, 295], [""옥수수40%함유"", 494, 47, 255], [""Caramel"", 572, 150, 261], [""PoPa"", 622, 152, 433], [""카라벨"", 682, 101, 490]]"
000004,2022,02,14,2022-02-14,det5,"卫点2020464088-368 | 시용용기따손주본제품은 | 지고기,기고기오어를사용 | 은설서제조하고있니다제품 | 는현상이있을수있으품질에는이상이으 | 들에 사용하십시오.·소비자 분쟁해결 기준에 의거 고획 | 시질가능성이있으므로,사용후에는즉시밀용하해 | 하여 주십시오. | 량물굴농축굴자농축액 궁농에 | 스트린,주정,구연산,잔진단검 대두밀조개류굴,우 | 유리 | 01007683508 45E VK | 2022.02.14 16:01","[[""卫点2020464088-368"", 29, 63, 163], [""시용용기따손주본제품은"", 73, 70, 163], [""지고기,기고기오어를사용"", 109, 60, 178], [""은설서제조하고있니다제품"", 146, 57, 176], [""는현상이있을수있으품질에는이상이으"", 182, 57, 173], [""들에 사용하십시오.·소비자 분쟁해결 기준에 의거 고획"", 217, 50, 169], [""시질가능성이있으므로,사용후에는즉시밀용하해"", 284, 53, 168], [""하여 주십시오."", 316, 46, 169], [""량물굴농축굴자농축액 궁농에"", 351, 63, 160], [""스트린,주정,구연산,잔진단검"", 448, 52, 163], [""대두밀조개류굴,우"", 447, 60, 323], [""유리"", 538, 36, 395], [""01007683508"", 590, 52, 186], [""45E"", 590, 33, 389], [""VK"", 580, 32, 466], [""2022.02.14"", 628, 56, 203], [""16:01"", 616, 57, 385]]"
000005,2026,07,02,2026-07-02,s1,21:58F590 | 2026.07.02 | 2026.07.02,"[[""21:58F590"", 355, 61, 253], [""2026.07.02"", 409, 52, 259], [""2026.07.02"", 513, 63, 234]]"
000006,2026,02,17,2026-02-17,s1,2026.02.17 | 40,"[[""2026.02.17"", 435, 52, 193], [""40"", 475, 48, 185]]"
000007,2026,06,25,2026-06-25,s1,"북동 | 量249 | 후면표기일까지 영양정보 총 내용량인18 | 260kcal | 카라기님 향료 3종 총 내용량당 기준치에 대한 비율 1일 영양성분 | 읽,기타식용휴치가공품 LE喜105.mg 5% | 우유,돼지고기 함유 탄수화물62g 19 % | 질폴리에틸렌 당류 47 g 47 % | 19870415003402 지방O8 0% | 갈, 대두, 혼두,복숭아, 종 트랜스지방 0g | 포함) 혼입가능 :제품을 포화지방 0 g 0% | 고삼키지 않도록 주의하세 콜레스테롤0mg 0% | 자 기본법에 의한 피해보 단백질3g 5% | 광선을 피해 온·습도가 | 보관,개봉 후 가급적 빨 이므로 개인의 필요 열량에 따라 다를 수 있습니다. | ·부정·불량식품 신고 | 5700（）1522-40 | 1:본사 및 구입한 곳 ·제조과정 중 원료가 군거나 고은에서 갈변화되어 흰색 | 명어리나 검은 점이 보일 수 있으나 인체에 무해합니다. | 소비 25.06.26 부터 | 71655709 OTHEL | 기한 26.06.25 까지 | HACCR 22:06 A03","[[""북동"", 107, 24, 111], [""量249"", 122, 33, 93], [""후면표기일까지"", 142, 33, 77], [""영양정보"", 170, 35, 343], [""총 내용량인18"", 170, 35, 467], [""260kcal"", 188, 28, 511], [""카라기님 향료 3종"", 205, 25, 59], [""총 내용량당 기준치에 대한 비율"", 221, 57, 336], [""1일 영양성분"", 209, 28, 486], [""읽,기타식용휴치가공품"", 235, 34, 0], [""LE喜105.mg"", 242, 39, 336], [""우유,돼지고기 함유"", 258, 25, 59], [""탄수화물62g"", 260, 41, 335], [""5%"", 250, 25, 560], [""질폴리에틸렌"", 277, 26, 2], [""당류 47 g"", 279, 37, 347], [""19 %"", 270, 31, 551], [""19870415003402"", 297, 28, 2], [""지방O8"", 299, 34, 332], [""47 %"", 291, 28, 553], [""갈, 대두, 혼두,복숭아, 종"", 320, 28, 1], [""트랜스지방 0g"", 324, 40, 346], [""0%"", 312, 26, 564], [""포함) 혼입가능 :제품을"", 341, 32, 4], [""포화지방 0 g"", 347, 34, 345], [""고삼키지 않도록 주의하세"", 363, 32, 0], [""0%"", 358, 26, 569], [""콜레스테롤0mg"", 372, 34, 328], [""자 기본법에 의한 피해보"", 387, 36, 0], [""0%"", 382, 29, 569], [""단백질3g"", 396, 35, 328], [""광선을 피해 온·습도가"", 412, 37, 0], [""5%"", 407, 26, 571], [""보관,개봉 후 가급적 빨"", 436, 37, 4], [""이므로 개인의 필요 열량에 따라 다를 수 있습니다."", 446, 37, 322], [""·부정·불량식품 신고"", 462, 38, 2], [""5700（）1522-40"", 512, 33, 1], [""1:본사 및 구입한 곳"", 538, 37, 0], [""·제조과정 중 원료가 군거나 고은에서 갈변화되어 흰색"", 543, 40, 349], [""명어리나 검은 점이 보일 수 있으나 인체에 무해합니다."", 565, 39, 347], [""소비"", 630, 27, 276], [""71655709"", 646, 31, 0], [""OTHEL"", 647, 28, 149], [""25.06.26"", 646, 45, 352], [""부터"", 646, 32, 570], [""기한"", 671, 34, 272], [""26.06.25"", 682, 43, 352], [""HACCR"", 694, 21, 149], [""까지"", 692, 26, 568], [""22:06"", 707, 30, 357], [""A03"", 714, 24, 458]]"
000008,2027,06,29,2027-06-29,det5,2027.06.29 A,"[[""2027.06.29 A"", 552, 60, 134]]"
000009,2026,10,29,2026-10-29,s1,"백설 포도씨유 | 100% | 수있습니다.사용후비용기와마개는 분리수거하여 재활용합시다.과열되거  | P5 2026.10.29 09人l | 제품명 포도씨유 식품유형 기타식물성유지 | 내용량 900 mL(7,430 kcal, 25 ℃) | 원재료명 100% | 업소명및 씨제이제일제당(주) | 소재지 14049 | 품목보고번호 19790190025-19 반품및구입처또는 | 소비기한라벨 상단표기일까지 교환처영업소 | 포장재질(내면) 용기-PET, 마개-PE | 영양정보 | 나트륨Omg 87% | 100g185% 13 | 콜레스테롤Omg 0% 단백질0g 0% | 1g=1.09mL","[[""포도씨유"", 59, 81, 347], [""백설"", 68, 61, 257], [""100%"", 99, 36, 357], [""수있습니다.사용후비용기와마개는 분리수거하여 재활용합시다.과열되거 "", 332, 48, 163], [""P5"", 434, 25, 167], [""2026.10.29 09人l"", 439, 34, 265], [""제품명"", 488, 29, 163], [""포도씨유"", 489, 30, 222], [""식품유형 기타식물성유지"", 492, 29, 399], [""내용량"", 518, 29, 164], [""900 mL(7,430 kcal, 25 ℃)"", 522, 34, 221], [""원재료명"", 550, 29, 164], [""100%"", 554, 31, 217], [""업소명및"", 583, 40, 159], [""씨제이제일제당(주)"", 590, 31, 268], [""소재지"", 610, 34, 161], [""14049"", 616, 36, 267], [""품목보고번호"", 646, 36, 163], [""19790190025-19"", 653, 28, 270], [""반품및구입처또는"", 649, 42, 425], [""소비기한라벨 상단표기일까지"", 680, 51, 162], [""교환처영업소"", 678, 39, 429], [""포장재질(내면) 용기-PET, 마개-PE"", 744, 55, 163], [""영양정보"", 779, 52, 164], [""나트륨Omg"", 813, 42, 169], [""100g185%"", 844, 51, 167], [""87%"", 830, 30, 521], [""13"", 848, 55, 288], [""콜레스테롤Omg"", 873, 50, 168], [""0%"", 882, 25, 296], [""단백질0g 0%"", 877, 38, 370], [""1g=1.09mL"", 942, 37, 174]]"
000010,2026,06,08,2026-06-08,rot90,2026.06.08 E 씬즈 오 곳 | 초코 크림,"[[""씬즈"", 233, 158, 380], [""2026.06.08 E"", 318, 298, 297], [""곳"", 238, 86, 661], [""오"", 274, 122, 504], [""초코 크림"", 410, 131, 413]]"
000011,2026,02,05,2026-02-05,s1,리츠 치즈 | 리츠 치즈 | RITZ | RITZ | CHEESE | 2026.02.05 D,"[[""리츠"", 117, 154, 39], [""치즈"", 63, 32, 177], [""리츠"", 203, 92, 82], [""치즈"", 179, 26, 202], [""RITZ"", 277, 60, 89], [""RITZ"", 464, 107, 274], [""CHEESE"", 562, 48, 281], [""2026.02.05 D"", 653, 42, 232]]"
000012,2026,03,23,2026-03-23,s1,ARLEY HARDI | 공한 | OTHER 사광 ma | 용물의 파손을 막기 | ircushion)을하 | 1정·불량 식품 신 | 180941318821641 | 소비기한: | 2026-03-23 까지,"[[""ARLEY HARDI"", 66, 58, 498], [""공한"", 165, 48, 80], [""OTHER"", 388, 37, 253], [""사광 ma"", 402, 35, 593], [""용물의 파손을 막기"", 432, 33, 608], [""ircushion)을하"", 450, 35, 610], [""1정·불량 식품 신"", 467, 34, 614], [""180941318821641"", 471, 41, 260], [""소비기한:"", 519, 42, 226], [""2026-03-23"", 578, 37, 263], [""까지"", 578, 26, 456]]"
000013,2026,03,20,2026-03-20,s1,"ONEY MUSTAF | 기한 | EL 2026.03.20A | 첼 품명:프레첼허니향머 | TARD H名号:85 g(409kcal | E 품유형:과자(유처리 | 나드맛 넘기도파주시월통산로40 | 러드머스타 | E 변성전분 데스E | 당가공소금정제소금 제상인 | 사양벌꿀 | 김.대두,우유","[[""ONEY MUSTAF"", 41, 46, 100], [""기한"", 419, 26, 256], [""EL"", 452, 41, 3], [""2026.03.20A"", 460, 41, 285], [""첼"", 530, 127, 0], [""품명:프레첼허니향머"", 580, 33, 246], [""TARD"", 620, 49, 0], [""H名号:85 g(409kcal"", 605, 30, 246], [""품유형:과자(유처리"", 627, 26, 246], [""E"", 638, 25, 1], [""나드맛"", 666, 32, 0], [""넘기도파주시월통산로40"", 662, 27, 241], [""러드머스타"", 712, 44, 247], [""E 변성전분 데스E"", 731, 35, 239], [""당가공소금정제소금 제상인"", 750, 37, 240], [""사양벌꿀"", 773, 32, 243], [""김.대두,우유"", 798, 34, 245]]"
000014,2026,01,31,2026-01-31,s1,"한국식 스웨데젤리식품의유형캔디류 号丘7120100211096119 | 100g(360kcal) | TEL031-957-4788 | 돼지고기,우유함유 | (식용색소황색제4호,식용색소청색제1호) | 영양정보 총내용량당 | 총내용량 나트륨44mg 2% 지방0g 0% 26.01.31 | 100g 全支号 88g 27% 트랜스지방0g 까지 | 360 kal 당류 7g 7% 포화지방0g 0% | 콜레스테를Omg 단백질19 2% | OTHER | 031- | 손비장 957-4788 | 상담실","[[""한국식 스웨데젤리식품의유형캔디류"", 144, 60, 20], [""号丘7120100211096119"", 157, 42, 145], [""100g(360kcal)"", 170, 31, 24], [""TEL031-957-4788"", 219, 32, 20], [""돼지고기,우유함유"", 344, 28, 333], [""(식용색소황색제4호,식용색소청색제1호)"", 358, 45, 27], [""영양정보"", 530, 29, 3], [""총내용량당"", 530, 26, 46], [""총내용량"", 554, 29, 4], [""나트륨44mg"", 551, 24, 54], [""2%"", 550, 21, 151], [""지방0g"", 550, 24, 186], [""0%"", 547, 20, 291], [""26.01.31"", 551, 35, 370], [""100g"", 574, 25, 18], [""全支号 88g"", 573, 32, 54], [""27%"", 574, 23, 148], [""트랜스지방0g"", 574, 26, 202], [""까지"", 565, 20, 474], [""360 kal"", 593, 26, 13], [""당류 7g"", 596, 29, 67], [""7%"", 598, 25, 156], [""포화지방0g"", 598, 26, 203], [""0%"", 596, 20, 292], [""콜레스테를Omg"", 618, 32, 60], [""단백질19"", 622, 24, 195], [""2%"", 620, 23, 292], [""OTHER"", 638, 29, 393], [""031-"", 698, 31, 390], [""손비장"", 711, 26, 308], [""상담실"", 728, 28, 307], [""957-4788"", 713, 45, 372]]"
000015,2026,03,01,2026-03-01,s1,"Market | 마켓오 브리우니 | 소비 2025, 09, 02/21135 부터 | E 기한 2026.03.017A 까지 | Ket • | ACE2008 | New","[[""Market"", 212, 81, 31], [""마켓오 브리우니"", 251, 48, 81], [""E"", 652, 93, 3], [""2025, 09, 02/21135"", 614, 31, 298], [""소비"", 626, 25, 212], [""부터"", 617, 26, 511], [""기한"", 648, 27, 212], [""2026.03.017A"", 638, 29, 298], [""까지"", 639, 22, 509], [""Ket"", 818, 93, 12], [""•"", 838, 59, 224], [""ACE2008"", 870, 36, 0], [""New"", 914, 93, 344]]"
000016,2026,01,22,2026-01-22,s1,"에서 제조하고 있습니 ·직17""서을 피하고 서늘하고 건조한 곳에보 | 개봉 후 바로 드십시오. | 새우가 쏙~ 으로 검게 보이는 것으로 안심하고 드셔도 | 표던 가 동색 입자는 파슬리 입니다. | 사자 본팀에 의거 교환,환불해드립니다 | 139 | ·반품 본사 및 구입한 곳. | 새우와 밀가루를잘혼합한 후스팀을 ·신지를 위해 질소충전포장을 하였습니 | 이용하여 만든 반족을 클러로 앞게 밀어주고 | 식동인전원리인경 | HACCP | y어 | 구원 줍니다. 38010430360 | 2026.01.22 Oniainal | ④ | 드레싱을 골고루 뿌려완성 | 직구 방동) ※농심의 독자적인 설비와 공법으로 만들거, 영양정보 총내용80 | 가정에서 동일하게 만들기는 어렵습니다. 410kcal | 수신자요금부담 농심물 바르라기 层量460mg23%量52g16% | 023-5181 | 2","[[""에서 제조하고 있습니"", 21, 42, 286], [""·직17\""서을 피하고 서늘하고 건조한 곳에보"", 33, 69, 280], [""개봉 후 바로 드십시오."", 65, 50, 288], [""으로 검게 보이는 것으로 안심하고 드셔도"", 101, 65, 290], [""새우가 쏙~"", 134, 29, 0], [""표던 가 동색 입자는 파슬리 입니다."", 128, 57, 290], [""사자 본팀에 의거 교환,환불해드립니다"", 148, 59, 290], [""139"", 172, 55, 290], [""·반품 본사 및 구입한 곳."", 199, 43, 291], [""새우와 밀가루를잘혼합한 후스팀을"", 239, 66, 23], [""·신지를 위해 질소충전포장을 하였습니"", 216, 57, 287], [""이용하여 만든 반족을 클러로 앞게 밀어주고"", 259, 74, 16], [""식동인전원리인경"", 300, 26, 303], [""HACCP"", 316, 27, 303], [""y어"", 358, 20, 2], [""38010430360"", 348, 34, 409], [""구원 줍니다."", 370, 36, 4], [""Oniainal"", 424, 29, 596], [""2026.01.22"", 449, 34, 331], [""④"", 488, 20, 48], [""드레싱을 골고루 뿌려완성"", 517, 53, 38], [""영양정보"", 576, 39, 304], [""총내용80"", 555, 43, 518], [""※농심의 독자적인 설비와 공법으로 만들거,"", 591, 32, 32], [""410kcal"", 574, 34, 536], [""직구"", 590, 23, 0], [""방동)"", 607, 30, 0], [""가정에서 동일하게 만들기는 어렵습니다."", 608, 38, 43], [""层量460mg23%量52g16%"", 610, 55, 301], [""수신자요금부담"", 640, 41, 0], [""농심물 바르라기"", 636, 30, 133], [""023-5181"", 656, 35, 1], [""2"", 732, 41, 297]]"
000017,2026,11,25,2026-11-25,s1,"영양정보 총 내용량당 기준치에대한비율 1일영양성분 총 내용량당 | 나트름14mo 1% 지방 0e | 총내용량 48m 탄수화물19 0% 트랜스지방0g | 4kcal 당류 0g 0% 포화지방09 | 콜레스테롤Omg 0% 단택질0g | （2.000cal | 기준이으로,개인의 필요 열량에 따라다를 수 있습니다 | ©20r& LeeVin, ATOoNZ. All rights reserved. | 유통판매시법적벌을받습니다. | 2026.11.25","[[""1일영양성분"", 46, 30, 525], [""총 내용량당"", 56, 26, 601], [""영양정보"", 74, 47, 290], [""총 내용량당"", 64, 29, 398], [""기준치에대한비율"", 62, 32, 496], [""나트름14mo"", 94, 29, 400], [""1%"", 85, 20, 568], [""지방 0e"", 89, 32, 600], [""총내용량 48m"", 116, 42, 290], [""탄수화물19"", 122, 31, 401], [""0%"", 112, 23, 566], [""트랜스지방0g"", 116, 23, 608], [""4kcal"", 142, 23, 294], [""당류 0g"", 148, 29, 410], [""0%"", 140, 22, 566], [""포화지방09"", 143, 26, 608], [""콜레스테롤Omg"", 172, 23, 407], [""0%"", 168, 20, 568], [""단택질0g"", 171, 32, 600], [""（2.000cal"", 198, 33, 407], [""기준이으로,개인의 필요 열량에 따라다를 수 있습니다"", 216, 33, 408], [""©20r& LeeVin, ATOoNZ. All rights reserved."", 260, 37, 276], [""유통판매시법적벌을받습니다."", 311, 28, 278], [""2026.11.25"", 351, 32, 270]]"
000018,2025,04,02,2025-04-02,s1,OPEN | ABC | 코쿠키 OPEN | 맺있는 곡물로만든 t's ABe Time | 씨리얼 ABC | 초코 초코쿠키 | 쿠키앤크림 | kcal5%45% | ABC | 초코쿠키 | ：1801062879890 쿠키앤크림 | 25.4.2 B 까지 | 17:20 | 렛트 HEEDA,"[[""OPEN"", 28, 31, 661], [""ABC"", 62, 65, 478], [""씨리얼"", 116, 134, 168], [""맺있는 곡물로만든"", 76, 57, 209], [""코쿠키"", 106, 97, 455], [""초코"", 158, 47, 237], [""OPEN"", 140, 29, 616], [""ABC"", 209, 90, 515], [""t's ABe Time"", 191, 45, 593], [""초코쿠키"", 266, 131, 476], [""kcal5%45%"", 328, 95, 452], [""쿠키앤크림"", 313, 75, 519], [""ABC"", 447, 36, 524], [""：1801062879890"", 466, 32, 315], [""초코쿠키"", 494, 55, 507], [""25.4.2 B"", 512, 26, 266], [""쿠키앤크림"", 538, 33, 552], [""17:20"", 541, 28, 262], [""까지"", 554, 24, 495], [""렛트"", 638, 106, 236], [""HEEDA"", 722, 139, 454]]"
000019,2026,04,09,2026-04-09,s1,"4가지 지즈로더욱 풍부해진 | 치즈샌드 Rich, | 2025.07.10B | 부터 | 2026.04.09 까지맛있는약속 | Jig | LC","[[""4가지 지즈로더욱 풍부해진"", 210, 33, 278], [""치즈샌드"", 261, 62, 223], [""Rich,"", 272, 32, 472], [""2025.07.10B"", 350, 32, 239], [""부터"", 370, 20, 425], [""2026.04.09"", 392, 29, 245], [""까지맛있는약속"", 404, 22, 421], [""Jig"", 794, 35, 139], [""LC"", 936, 46, 495]]"
000020,2025,10,09,2025-10-09,s1,단팥이 가득 DELICIOUS | 단팥빵 | *SINCE | J94 | L2025.10.09A1-5 GOODQUA,"[[""단팥이 가득"", 181, 79, 214], [""DELICIOUS"", 170, 29, 472], [""단팥빵"", 256, 142, 107], [""*SINCE"", 413, 25, 601], [""J94"", 446, 50, 598], [""L2025.10.09A1-5"", 476, 45, 244], [""GOODQUA"", 486, 20, 627]]"
000021,2025,10,10,2025-10-10,s1,헉 | 풍미를살린 패스쥬리 호밀 발효종을 넣어 부드러운 부담은 时河10-2320 | 25.10.10,"[[""호밀 발효종을 넣어 부드러운"", 270, 252, 162], [""풍미를살린 패스쥬리"", 264, 191, 130], [""헉"", 218, 47, 657], [""부담은"", 248, 22, 671], [""时河10-2320"", 269, 30, 668], [""25.10.10"", 582, 41, 233]]"
000022,2025,10,14,2025-10-14,s1,"KIRIN | 가영양 | 고구마 | 크림빵 25.10.14l.A1.F2 | ESH SLOW BREAD | ""연출된 예 | 복합 | 특허유산균 | 구마/20%) 부담은","[[""KIRIN"", 236, 95, 93], [""가영양"", 290, 26, 25], [""고구마"", 330, 70, 42], [""크림빵"", 383, 102, 0], [""25.10.14l.A1.F2"", 426, 88, 296], [""ESH SLOW BREAD"", 444, 55, 0], [""\""연출된 예"", 593, 48, 145], [""복합"", 665, 45, 468], [""특허유산균"", 715, 116, 371], [""구마/20%)"", 702, 45, 5], [""부담은"", 762, 93, 390]]"
000023,2025,10,10,2025-10-10,s1,빅단팥슈크림빵 | 25.10.10外A1F2 | 맛도BG!기도B | 산균 | 공법 | 풍부한 단팥앙금 수크림 | 36o kcal),"[[""빅단팥슈크림빵"", 355, 178, 61], [""25.10.10外A1F2"", 538, 68, 334], [""맛도BG!기도B"", 611, 40, 406], [""산균"", 723, 56, 0], [""공법"", 751, 48, 0], [""풍부한"", 779, 26, 0], [""36o kcal)"", 818, 45, 0], [""단팥앙금"", 832, 35, 376], [""수크림"", 846, 29, 507]]"
000024,2025,10,11,2025-10-11,clahe,"통밀시방 | 발효빵맞춤 | 허유산균 F.. | 요공법 25.10.117 | 부한 | 고 | 18.8.%, | 0.002% 이미지 사진입니다. | (1,480kcal)","[[""통밀시방"", 207, 161, 129], [""발효빵맞춤"", 334, 35, 1], [""허유산균"", 370, 56, 0], [""F.."", 390, 41, 151], [""요공법"", 409, 49, 0], [""25.10.117"", 439, 79, 143], [""고"", 460, 12, 24], [""부한"", 448, 39, 50], [""18.8.%,"", 626, 48, 0], [""0.002%"", 655, 50, 0], [""(1,480kcal)"", 686, 47, 2], [""이미지 사진입니다."", 698, 35, 521]]"
000025,2026,06,11,2026-06-11,s1,"닭고기 | '합포함),짓 | 2026.06.11A 까지","[[""닭고기"", 58, 41, 395], [""'합포함),짓"", 79, 65, 384], [""까지"", 342, 53, 464], [""2026.06.11A"", 382, 76, 182]]"
000026,2025,11,13,2025-11-13,s1,앤스지방 0g | 표화지방 5g | 콜레스테롤 0mg | 단백질 11g | 1일 영양성북 긴준침엘 대한 비육 | 에 따라다를 수있습니다. | OTI | 809486 992593 | 소비기한 | 2025.11.13 | 까지,"[[""앤스지방"", 54, 29, 264], [""0g"", 56, 27, 340], [""표화지방"", 74, 23, 251], [""5g"", 79, 26, 340], [""콜레스테롤"", 99, 34, 240], [""0mg"", 106, 28, 335], [""단백질"", 126, 29, 239], [""11g"", 131, 27, 323], [""1일 영양성북 긴준침엘 대한 비육"", 156, 41, 239], [""에 따라다를 수있습니다."", 185, 28, 238], [""OTI"", 336, 25, 492], [""809486"", 352, 20, 257], [""992593"", 349, 22, 351], [""소비기한"", 416, 37, 218], [""2025.11.13"", 492, 29, 289], [""까지"", 532, 33, 494]]"
000027,2026,04,27,2026-04-27,s1,E0 27 .04.2026 | P0 28.04.2025 | F07:57,"[[""E0 27 .04.2026"", 473, 34, 182], [""P0 28.04.2025"", 498, 33, 182], [""F07:57"", 524, 32, 180]]"
000028,2025,03,31,2025-03-31,s1,GHANA행복사서항 | 970-4567-5050 가나와 함께한 50년의 이야기를 | 지금 바로 들어보세요 | （：25.3.31） | B한간 2.8. ∞ | 품릿습 | 변정통서 | 통능,"[[""GHANA행복사서항"", 97, 50, 321], [""970-4567-5050"", 150, 38, 53], [""가나와 함께한 50년의 이야기를"", 142, 40, 324], [""지금 바로 들어보세요"", 174, 35, 324], [""（：25.3.31）"", 199, 34, 325], [""B한간 2.8."", 540, 267, 162], [""∞"", 634, 20, 542], [""품릿습"", 802, 33, 427], [""변정통서"", 893, 38, 398], [""통능"", 944, 31, 398]]"
000029,2026,08,02,2026-08-02,s1,"총내 | 영등보 | 워미구 | 고번호 포화지방 | 대료명 콜레스테를 | 단백질4 | 1일영양성분 | 기준이므로 개 | 유화제,향료IV ·제품0 | 돼지고기, 복승아 함유 30℃ | 낮은습 습 | 롯데웰푸드 | 비닐류 | 801062898862 OTHER | 2026.08.02H1 | 까지 | )","[[""총내"", 30, 29, 677], [""영등보"", 94, 35, 242], [""포화지방"", 130, 37, 631], [""워미구"", 143, 31, 261], [""콜레스테를"", 152, 42, 617], [""고번호"", 173, 30, 202], [""대료명"", 187, 27, 191], [""단백질4"", 175, 41, 623], [""1일영양성분"", 200, 32, 632], [""기준이므로 개"", 216, 30, 635], [""·제품0"", 251, 36, 639], [""유화제,향료IV"", 300, 50, 130], [""30℃"", 278, 39, 646], [""낮은습"", 308, 45, 649], [""습"", 304, 25, 701], [""돼지고기, 복승아 함유"", 300, 86, 316], [""롯데웰푸드"", 389, 44, 252], [""비닐류"", 457, 32, 476], [""801062898862"", 516, 38, 166], [""OTHER"", 510, 42, 463], [""2026.08.02H1"", 624, 42, 164], [""까지"", 648, 38, 464], ["")"", 656, 23, 687]]"
000030,2028,08,17,2028-08-17,s1,"3,480 | 3.480 | SPAM | SPAM | 맛의비밀 MA6 | 맛이깔끔한 28.08.17 16-44 | 는 맛있게 | 기부방법 | 게 | ? 1 점선을따라 2 | 금호수를채취, SPAM 파우치를 SPAM | 사이프리스 열어주세요 | 제) 돼지고기 함유 | 보관방법 실온보관 | 30405015-210 포장재질(내면)폴리프로필런 | 80g/250kca | 영양정보","[[""3,480"", 20, 30, 288], [""3.480"", 40, 32, 276], [""SPAM"", 114, 67, 77], [""SPAM"", 192, 67, 97], [""MA6"", 370, 28, 476], [""맛의비밀"", 384, 36, 0], [""28.08.17"", 414, 42, 243], [""16-44"", 406, 33, 431], [""맛이깔끔한"", 415, 32, 0], [""는 맛있게"", 436, 26, 0], [""기부방법"", 450, 23, 114], [""게"", 470, 23, 0], [""?"", 501, 22, 0], [""1"", 494, 25, 105], [""점선을따라"", 504, 38, 191], [""2"", 494, 26, 293], [""금호수를채취,"", 522, 20, 0], [""SPAM"", 524, 23, 134], [""파우치를"", 528, 30, 190], [""SPAM"", 524, 22, 320], [""사이프리스"", 553, 24, 0], [""열어주세요"", 551, 26, 193], [""제)"", 718, 28, 2], [""돼지고기 함유"", 710, 29, 339], [""보관방법 실온보관"", 772, 38, 267], [""30405015-210"", 812, 33, 0], [""포장재질(내면)폴리프로필런"", 800, 39, 260], [""80g/250kca"", 840, 39, 317], [""영양정보"", 858, 33, 14]]"
