image_id,year,month,day,final_date,stage,sec
000001,2027,06,26,2027-06-26,s1,5.52
000002,2025,12,11,2025-12-11,s1,13.31
000003,2026,05,12,2026-05-12,s1,6.5
000004,2022,02,14,2022-02-14,det5,12.79
000005,2026,07,02,2026-07-02,s1,6.65
000006,2026,02,17,2026-02-17,s1,9.13
000007,2026,06,25,2026-06-25,s1,30.96
000008,2027,06,29,2027-06-29,det5,9.24
000009,2026,10,29,2026-10-29,rot90,6.61
000010,2026,06,08,2026-06-08,rot90,9.19
000011,2026,02,05,2026-02-05,s1,7.33
000012,2026,03,23,2026-03-23,rot90,2.47
