image_id,variant,year,month,day,final_date,stage
000034,no_erode,NONE,NONE,NONE,NONE,fail
000034,erode_no_split,2026,06,30,2026-06-30,erode5
000083,no_erode,NONE,NONE,NONE,NONE,fail
000083,erode_no_split,2026,07,01,2026-07-01,erode5
000090,no_erode,NONE,NONE,NONE,NONE,fail
000090,erode_no_split,2026,09,01,2026-09-01,erode5
000106,no_erode,NONE,NONE,NONE,NONE,fail
000106,erode_no_split,NONE,NONE,NONE,NONE,fail
000122,no_erode,NONE,NONE,NONE,NONE,fail
000122,erode_no_split,2027,04,28,2027-04-28,erode5
000198,no_erode,NONE,NONE,NONE,NONE,fail
000198,erode_no_split,2026,05,08,2026-05-08,erode5
000209,no_erode,NONE,NONE,NONE,NONE,fail
000209,erode_no_split,2027,06,11,2027-06-11,erode3
000210,no_erode,NONE,NONE,NONE,NONE,fail
000210,erode_no_split,NONE,NONE,NONE,NONE,fail
000232,no_erode,NONE,NONE,NONE,NONE,fail
000232,erode_no_split,NONE,NONE,NONE,NONE,fail
000255,no_erode,NONE,NONE,NONE,NONE,fail
000255,erode_no_split,2026,08,20,2026-08-20,erode3
000263,no_erode,NONE,NONE,NONE,NONE,fail
000263,erode_no_split,NONE,NONE,NONE,NONE,fail
000289,no_erode,NONE,NONE,NONE,NONE,fail
000289,erode_no_split,2030,07,23,2030-07-23,erode5
000305,no_erode,NONE,NONE,NONE,NONE,fail
000305,erode_no_split,2026,02,24,2026-02-24,erode5
000360,no_erode,NONE,NONE,NONE,NONE,fail
000360,erode_no_split,NONE,NONE,NONE,NONE,fail
000361,no_erode,NONE,NONE,NONE,NONE,fail
000361,erode_no_split,NONE,NONE,NONE,NONE,fail
000368,no_erode,NONE,NONE,NONE,NONE,fail
000368,erode_no_split,2026,09,22,2026-09-22,erode5
000370,no_erode,NONE,NONE,NONE,NONE,fail
000370,erode_no_split,NONE,NONE,NONE,NONE,fail
000373,no_erode,NONE,NONE,NONE,NONE,fail
000373,erode_no_split,NONE,NONE,NONE,NONE,fail
000395,no_erode,NONE,NONE,NONE,NONE,fail
000395,erode_no_split,2026,03,15,2026-03-15,erode5
000415,no_erode,NONE,NONE,NONE,NONE,fail
000415,erode_no_split,NONE,NONE,NONE,NONE,fail
000429,no_erode,NONE,NONE,NONE,NONE,fail
000429,erode_no_split,NONE,NONE,NONE,NONE,fail
000438,no_erode,NONE,NONE,NONE,NONE,fail
000438,erode_no_split,NONE,NONE,NONE,NONE,fail
000440,no_erode,NONE,NONE,NONE,NONE,fail
000440,erode_no_split,NONE,NONE,NONE,NONE,fail
000482,no_erode,NONE,NONE,NONE,NONE,fail
000482,erode_no_split,NONE,NONE,NONE,NONE,fail
000486,no_erode,NONE,NONE,NONE,NONE,fail
000486,erode_no_split,NONE,NONE,NONE,NONE,fail
000534,no_erode,NONE,NONE,NONE,NONE,fail
000534,erode_no_split,2027,01,29,2027-01-29,erode5
000537,no_erode,NONE,NONE,NONE,NONE,fail
000537,erode_no_split,2026,07,03,2026-07-03,fail
000543,no_erode,NONE,NONE,NONE,NONE,fail
000543,erode_no_split,2026,06,23,2026-06-23,erode5
000544,no_erode,NONE,NONE,NONE,NONE,fail
000544,erode_no_split,NONE,NONE,NONE,NONE,fail
000572,no_erode,NONE,NONE,NONE,NONE,fail
000572,erode_no_split,NONE,NONE,NONE,NONE,fail
000573,no_erode,NONE,NONE,NONE,NONE,fail
000573,erode_no_split,NONE,NONE,NONE,NONE,fail
000586,no_erode,NONE,NONE,NONE,NONE,fail
000586,erode_no_split,NONE,NONE,NONE,NONE,fail
000593,no_erode,NONE,NONE,NONE,NONE,fail
000593,erode_no_split,2026,07,22,2026-07-22,erode5
000608,no_erode,NONE,NONE,NONE,NONE,fail
000608,erode_no_split,2026,08,13,2026-08-13,erode5
000627,no_erode,NONE,NONE,NONE,NONE,fail
000627,erode_no_split,NONE,NONE,NONE,NONE,fail
000666,no_erode,NONE,NONE,NONE,NONE,fail
000666,erode_no_split,NONE,NONE,NONE,NONE,fail
000670,no_erode,NONE,NONE,NONE,NONE,fail
000670,erode_no_split,2026,06,24,2026-06-24,erode5
000673,no_erode,NONE,NONE,NONE,NONE,fail
000673,erode_no_split,2026,06,02,2026-06-02,erode5
000694,no_erode,NONE,NONE,NONE,NONE,fail
000694,erode_no_split,2026,09,01,2026-09-01,erode5
000699,no_erode,NONE,NONE,NONE,NONE,fail
000699,erode_no_split,NONE,NONE,NONE,NONE,fail
000722,no_erode,NONE,NONE,NONE,NONE,fail
000722,erode_no_split,2026,08,04,2026-08-04,erode5
000723,no_erode,NONE,NONE,NONE,NONE,fail
000723,erode_no_split,NONE,NONE,NONE,NONE,fail
000727,no_erode,NONE,NONE,NONE,NONE,fail
000727,erode_no_split,2026,05,22,2026-05-22,erode5
000732,no_erode,NONE,NONE,NONE,NONE,fail
000732,erode_no_split,2026,03,16,2026-03-16,erode5
000749,no_erode,NONE,NONE,NONE,NONE,fail
000749,erode_no_split,NONE,NONE,NONE,NONE,fail
000760,no_erode,NONE,NONE,NONE,NONE,fail
000760,erode_no_split,NONE,NONE,NONE,NONE,fail
000761,no_erode,NONE,NONE,NONE,NONE,fail
000761,erode_no_split,NONE,NONE,NONE,NONE,fail
000763,no_erode,NONE,NONE,NONE,NONE,fail
000763,erode_no_split,2025,11,01,2025-11-01,fail
000764,no_erode,2021,01,21,2021-01-21,fail
000764,erode_no_split,2021,05,12,2021-05-12,erode3
000765,no_erode,NONE,NONE,NONE,NONE,fail
000765,erode_no_split,NONE,NONE,NONE,NONE,fail
000767,no_erode,NONE,NONE,NONE,NONE,fail
000767,erode_no_split,2026,03,12,2026-03-12,erode3
000770,no_erode,NONE,NONE,NONE,NONE,fail
000770,erode_no_split,NONE,NONE,NONE,NONE,fail
000771,no_erode,2031,12,01,2031-12-01,fail
000771,erode_no_split,2019,11,25,2019-11-25,erode5
000788,no_erode,NONE,NONE,NONE,NONE,fail
000788,erode_no_split,NONE,NONE,NONE,NONE,fail
000791,no_erode,NONE,NONE,NONE,NONE,fail
000791,erode_no_split,2026,06,30,2026-06-30,erode5
000795,no_erode,NONE,NONE,NONE,NONE,fail
000795,erode_no_split,NONE,NONE,NONE,NONE,fail
000796,no_erode,NONE,NONE,NONE,NONE,fail
000796,erode_no_split,NONE,NONE,NONE,NONE,fail
000805,no_erode,NONE,NONE,NONE,NONE,fail
000805,erode_no_split,2027,07,NONE,2027-07-NONE,erode5
000814,no_erode,NONE,NONE,NONE,NONE,fail
000814,erode_no_split,2026,06,22,2026-06-22,erode5
000815,no_erode,NONE,NONE,NONE,NONE,fail
000815,erode_no_split,2026,06,22,2026-06-22,erode5
000816,no_erode,NONE,NONE,NONE,NONE,fail
000816,erode_no_split,2026,10,09,2026-10-09,erode5
000817,no_erode,NONE,NONE,NONE,NONE,fail
000817,erode_no_split,NONE,NONE,NONE,NONE,fail
000818,no_erode,NONE,NONE,NONE,NONE,fail
000818,erode_no_split,NONE,NONE,NONE,NONE,fail
000827,no_erode,NONE,NONE,NONE,NONE,fail
000827,erode_no_split,2026,08,09,2026-08-09,erode5
000828,no_erode,NONE,NONE,NONE,NONE,fail
000828,erode_no_split,NONE,NONE,NONE,NONE,fail
000832,no_erode,NONE,NONE,NONE,NONE,fail
000832,erode_no_split,2015,07,20,2015-07-20,erode5
000837,no_erode,NONE,NONE,NONE,NONE,fail
000837,erode_no_split,NONE,NONE,NONE,NONE,fail
000838,no_erode,NONE,NONE,NONE,NONE,fail
000838,erode_no_split,NONE,NONE,NONE,NONE,fail
000852,no_erode,NONE,NONE,NONE,NONE,fail
000852,erode_no_split,2026,08,14,2026-08-14,erode5
000859,no_erode,NONE,NONE,NONE,NONE,fail
000859,erode_no_split,NONE,NONE,NONE,NONE,fail
000862,no_erode,NONE,NONE,NONE,NONE,fail
000862,erode_no_split,NONE,NONE,NONE,NONE,fail
000863,no_erode,NONE,NONE,NONE,NONE,fail
000863,erode_no_split,NONE,NONE,NONE,NONE,fail
000865,no_erode,NONE,NONE,NONE,NONE,fail
000865,erode_no_split,2031,09,25,2031-09-25,erode3
000868,no_erode,NONE,NONE,NONE,NONE,fail
000868,erode_no_split,NONE,NONE,NONE,NONE,fail
000872,no_erode,NONE,NONE,NONE,NONE,fail
000872,erode_no_split,NONE,NONE,NONE,NONE,fail
000874,no_erode,NONE,NONE,NONE,NONE,fail
000874,erode_no_split,NONE,NONE,NONE,NONE,fail
000875,no_erode,2025,10,10,2025-10-10,fail
000875,erode_no_split,2025,10,10,2025-10-10,fail
000877,no_erode,NONE,NONE,NONE,NONE,fail
000877,erode_no_split,NONE,NONE,NONE,NONE,fail
000878,no_erode,NONE,NONE,NONE,NONE,fail
000878,erode_no_split,NONE,NONE,NONE,NONE,fail
000886,no_erode,NONE,NONE,NONE,NONE,fail
000886,erode_no_split,2020,01,10,2020-01-10,erode3
000887,no_erode,NONE,NONE,NONE,NONE,fail
000887,erode_no_split,NONE,NONE,NONE,NONE,fail
000905,no_erode,NONE,NONE,NONE,NONE,fail
000905,erode_no_split,NONE,NONE,NONE,NONE,fail
000906,no_erode,NONE,NONE,NONE,NONE,fail
000906,erode_no_split,NONE,NONE,NONE,NONE,fail
000908,no_erode,NONE,NONE,NONE,NONE,fail
000908,erode_no_split,NONE,NONE,NONE,NONE,fail
000913,no_erode,NONE,NONE,NONE,NONE,fail
000913,erode_no_split,2019,10,02,2019-10-02,erode5
000933,no_erode,NONE,NONE,NONE,NONE,fail
000933,erode_no_split,NONE,NONE,NONE,NONE,fail
000940,no_erode,NONE,NONE,NONE,NONE,fail
000940,erode_no_split,NONE,NONE,NONE,NONE,fail
000974,no_erode,NONE,NONE,NONE,NONE,fail
000974,erode_no_split,NONE,NONE,NONE,NONE,fail
000978,no_erode,NONE,NONE,NONE,NONE,fail
000978,erode_no_split,NONE,NONE,NONE,NONE,fail
000986,no_erode,NONE,NONE,NONE,NONE,fail
000986,erode_no_split,NONE,NONE,NONE,NONE,fail
000990,no_erode,NONE,NONE,NONE,NONE,fail
000990,erode_no_split,NONE,NONE,NONE,NONE,fail
000993,no_erode,NONE,02,18,NONE-02-18,fail
000993,erode_no_split,NONE,02,18,NONE-02-18,fail
000994,no_erode,2018,02,02,2018-02-02,fail
000994,erode_no_split,2018,02,02,2018-02-02,fail
000995,no_erode,NONE,NONE,NONE,NONE,fail
000995,erode_no_split,NONE,NONE,NONE,NONE,fail
000996,no_erode,NONE,NONE,NONE,NONE,fail
000996,erode_no_split,2018,09,01,2018-09-01,fail
000997,no_erode,2018,08,08,2018-08-08,fail
000997,erode_no_split,2018,08,08,2018-08-08,fail
