nongold,gold,ham
001001,000672,18
001002,000445,20
001003,000206,18
001004,000281,20
001005,000273,18
001006,000686,18
001007,000644,20
001008,000109,18
001009,000189,18
001010,000612,18
001011,000809,20
001012,000614,20
001013,000105,18
001014,000190,18
001015,000119,18
001016,000007,16
001017,000007,18
001018,000417,16
001019,000268,16
001020,000040,20
001021,000028,20
001022,000485,18
001023,000008,20
001024,000102,18
001025,000776,18
001026,000296,14
001027,000030,18
001028,000802,16
001029,000048,20
001030,000933,18
001031,000393,18
001032,000115,16
001033,000115,18
001034,000931,16
001035,000085,16
001036,000070,18
001037,000255,18
001038,000751,18
001039,000573,20
001040,000261,20
001041,000229,20
001042,000697,16
001043,000209,16
001044,000870,16
001045,000930,16
001046,000269,16
001047,000163,20
001048,000237,18
001049,000046,18
001050,000376,18
001051,000178,16
001052,000601,16
001053,000325,18
001054,000934,18
001055,000487,16
001056,000181,18
001057,000381,16
001058,000758,16
001059,000087,18
001060,000047,18
001061,000474,18
001062,000902,16
001063,000869,16
001064,000203,18
001065,000241,18
001066,000197,18
001067,000880,18
001068,000696,20
001069,000520,16
001070,000553,18
001071,000533,16
001072,000877,18
001073,000070,20
001074,000257,18
001075,000684,18
001076,000370,20
001077,000284,20
001078,000122,18
001079,000122,20
001080,000185,18
001081,000032,18
001082,000518,16
001083,000381,18
001084,000009,20
001085,000867,18
001086,000137,20
001087,000634,18
001088,000720,16
001089,000373,18
001090,000109,18
001091,000110,18
001092,000636,16
001093,000930,18
001094,000335,14
001095,000335,14
001096,000602,18
001097,000135,20
001098,000867,16
001099,000482,16
001100,000685,18
001101,000482,18
001102,000934,16
001103,000823,18
001104,000097,18
001105,000207,20
001106,000126,18
001107,000953,16
001108,000536,16
001109,000045,20
001110,000936,18
001111,000203,20
001112,000064,18
001113,000506,20
001114,000984,18
001115,000303,20
001116,000591,18
001117,000332,20
001118,000851,16
001119,000051,20
001120,000029,18
001121,000093,18
001122,000256,18
001123,000017,20
001124,000918,18
001125,000966,18
001126,000698,20
001127,000004,16
001128,000229,18
001129,000315,20
001130,000105,20
001131,000716,16
001132,000551,18
001133,000040,18
001134,000354,16
001135,000156,18
001136,000524,16
001137,000027,16
001138,000345,20
001139,000959,16
001140,000938,18
001141,000606,18
001142,000263,20
001143,000042,18
001144,000145,18
001145,000244,20
001146,000191,18
001147,000086,20
001148,000036,18
001149,000036,20
001150,000267,20
001151,000645,16
001152,000487,16
001153,000918,18
001154,000942,16
001155,000875,14
001156,000832,18
001157,000172,18
001158,000145,18
001159,000145,18
001160,000154,20
001161,000248,22
001162,000079,20
001163,000357,18
001164,000721,18
001165,000571,20
001166,000355,18
001167,000111,20
001168,000591,18
001169,000380,18
001170,000830,20
001171,000310,20
001172,000510,20
001173,000080,20
001174,000473,18
001175,000859,18
001176,000259,20
001177,000156,16
001178,000593,18
001179,000218,18
001180,000296,16
001181,000091,18
001182,000250,18
001183,000487,20
001184,000859,16
001185,000541,18
001186,000121,18
001187,000274,14
001188,000329,16
001189,000191,20
001190,000578,18
001191,000018,20
001192,000999,20
001193,000102,20
001194,000915,16
001195,000965,18
001196,000065,20
001197,000120,18
001198,000342,16
001199,000637,14
001200,000771,18
001201,000786,18
001202,000901,18
001203,000594,18
001204,000811,20
001205,000626,16
001206,000875,16
001207,000244,18
001208,000064,20
001209,000756,16
001210,000020,16
001211,000601,18
001212,000679,18
001213,000077,20
001214,000432,16
001215,000768,18
001216,000044,18
001217,000904,18
001218,000070,18
001219,000050,16
001220,000050,18
001221,000674,16
001222,000040,18
001223,000903,18
001224,000690,18
001225,000901,18
001226,000037,16
001227,000940,20
001228,000106,20
001229,000649,18
001230,000952,18
001231,000620,18
001232,000620,18
001233,000367,18
001234,000367,16
001235,000910,16
001236,000840,18
001237,000878,16
001238,000356,18
001239,000831,14
001240,000831,16
001241,000151,18
001242,000208,16
001243,000753,20
001244,000671,18
001245,000246,18
001246,000570,18
001247,000113,18
001248,000179,20
001249,000591,14
001250,000474,20
001251,000302,20
001252,000062,18
001253,000540,18
001254,000396,18
001255,000321,20
001256,000284,16
001257,000375,18
001258,000464,18
001259,000435,20
001260,000334,18
001261,000192,20
001262,000196,20
001263,000516,18
001264,000209,20
001265,000100,18
001266,000051,18
001267,000274,16
001268,000002,20
001269,000280,18
001270,000277,20
001271,000023,20
001272,000960,14
001273,000630,18
001274,000029,20
001275,000023,20
001276,000310,16
001277,000310,18
001278,000402,18
001279,000031,18
001280,000519,18
001281,000944,12
001282,000400,16
001283,000606,18
001284,000997,18
001285,000434,16
001286,000434,16
001287,000524,16
001288,000478,20
001289,000316,16
001290,000618,18
001291,000268,16
001292,000882,18
001293,000175,20
001294,000117,20
001295,000333,20
001296,000020,20
001297,000020,18
001298,000044,16
001299,000054,16
001300,000949,14
001301,000901,18
001302,000007,18
001303,000146,18
001304,000538,18
001305,000104,18
001306,000944,18
001307,000023,20
001308,000775,16
001309,000134,18
001310,000187,18
001311,000456,20
001312,000745,18
001313,000550,16
001314,000264,16
001315,000970,16
001316,000738,16
001317,000909,18
001318,000082,18
001319,000068,20
001320,000319,18
001321,000762,16
001322,000573,16
001323,000329,16
001324,000274,16
001325,000077,18
001326,000170,20
001327,000884,18
001328,000115,18
001329,000736,18
001330,000185,18
001331,000197,16
001332,000996,16
001333,000104,20
001334,000945,18
001335,000295,18
001336,000109,16
001337,000394,18
001338,000935,18
001339,000912,14
001340,000269,18
001341,000935,18
001342,000429,22
001343,000429,18
001344,000132,16
001345,000589,18
001346,000068,18
001347,000700,18
001348,000808,16
001349,000904,16
001350,000904,18
001351,000081,18
001352,000086,18
001353,000139,16
001354,000219,18
001355,000409,18
001356,000770,18
001357,000699,18
001358,000237,16
001359,000007,18
001360,000005,18
001361,000047,16
001362,000444,18
001363,000185,18
001364,000042,18
001365,000984,18
001366,000557,20
001367,000446,14
001368,000585,20
001369,000312,18
001370,000318,20
001371,000020,20
001372,000097,18
001373,000375,16
001374,000187,20
001375,000733,18
001376,000400,18
001377,000381,18
001378,000066,18
001379,000613,16
001380,000919,16
001381,000426,18
001382,000563,18
001383,000538,16
001384,000746,18
001385,000240,20
001386,000066,20
001387,000047,18
001388,000443,16
001389,000973,18
001390,000808,18
001391,000045,20
001392,000730,20
001393,000286,16
001394,000257,18
001395,000134,20
001396,000498,18
001397,000064,18
001398,000462,14
001399,000374,14
001400,000346,18
001401,000055,18
001402,000312,20
001403,000506,18
001404,000359,20
001405,000359,20
001406,000306,20
001407,000396,18
001408,000007,22
001409,000284,20
001410,000198,16
001411,000684,20
001412,000679,18
001413,000876,18
001414,000986,18
001415,000051,18
001416,000303,20
001417,000792,18
001418,000605,18
001419,000342,18
001420,000937,18
001421,000937,18
001422,000109,18
001423,000189,20
001424,000967,18
001425,000051,20
001426,000193,20
001427,000093,14
001428,000093,18
001429,000193,20
001430,000181,18
001431,000257,18
001432,000462,18
001433,000662,18
001434,000853,16
001435,000832,18
001436,000696,18
001437,000062,18
001438,000345,18
001439,000013,18
001440,000386,18
001441,000555,18
001442,000821,16
001443,000963,18
001444,000488,18
001445,000631,18
001446,000892,18
001447,000815,16
001448,000627,16
001449,000443,16
001450,000020,18
001451,000524,14
001452,000571,18
001453,000416,18
001454,000923,18
001455,000144,18
001456,000372,16
001457,000291,16
001458,000532,16
001459,000482,16
001460,000055,18
001461,000049,18
001462,000761,18
001463,000066,18
001464,000211,20
001465,000983,16
001466,000256,16
001467,000669,18
001468,000026,20
001469,000832,18
001470,000889,16
001471,000889,18
001472,000131,20
001473,000349,18
001474,000548,18
001475,000619,14
001476,000989,16
001477,000103,18
001478,000991,16
001479,000550,18
001480,000603,18
001481,000088,18
001482,000619,16
001483,000293,18
001484,000568,16
001485,000794,16
001486,000228,18
001487,000331,18
001488,000180,20
001489,000779,18
001490,000054,20
001491,000261,18
001492,000006,20
001493,000049,18
001494,000869,18
001495,000286,18
001496,000417,16
001497,000286,18
001498,000482,18
001499,000345,18
001500,000016,20
001501,000016,18
001502,000023,18
001503,000889,18
001504,000917,20
001505,000028,20
001506,000022,20
001507,000875,16
001508,000893,18
001509,000307,18
001510,000187,18
001511,000240,16
001512,000284,18
001513,000735,16
001514,000615,16
001515,000111,18
001516,000350,16
001517,000350,14
001518,000385,20
001519,000048,18
001520,000141,18
001521,000257,16
001522,000115,18
001523,000287,20
001524,000808,18
001525,000808,18
001526,000239,16
001527,000050,18
001528,000367,20
001529,000008,20
001530,000256,18
001531,000937,8
001532,000974,18
001533,000375,14
001534,000179,16
001535,000103,16
001536,000631,16
001537,000298,20
001538,000581,18
001539,000496,18
001540,000899,16
001541,000331,18
001542,000937,18
001543,000880,18
001544,000025,22
001545,000204,18
001546,000755,20
001547,000877,18
001548,000124,20
001549,000684,18
001550,000679,16
001551,000094,18
001552,000395,20
001553,000029,18
001554,000606,18
001555,000157,18
001556,000068,18
001557,000826,20
001558,000023,20
001559,000247,20
001560,000921,18
001561,000047,18
001562,000047,18
001563,000100,16
001564,000460,14
001565,000274,16
001566,000457,18
001567,000409,18
001568,000350,18
001569,000518,18
001570,000346,18
001571,000488,16
001572,000045,16
001573,000414,18
001574,000295,18
001575,000145,18
001576,000352,20
001577,000208,18
001578,000910,16
001579,000427,20
001580,000058,18
001581,000435,18
001582,000007,18
001583,000840,18
001584,000561,18
001585,000188,18
001586,000280,16
001587,000170,18
001588,000771,16
001589,000039,20
001590,000305,18
001591,000035,20
001592,000597,20
001593,000629,18
001594,000225,16
001595,000179,20
001596,000019,18
001597,000060,18
001598,000949,16
001599,000936,18
001600,000026,20
001601,000310,18
001602,000584,18
001603,000836,18
001604,000962,18
001605,000896,16
001606,000912,18
001607,000009,18
001608,000594,18
001609,000827,18
001610,000229,18
001611,000040,20
001612,000937,18
001613,000256,18
001614,000644,18
001615,000875,18
001616,000188,20
001617,000521,18
001618,000001,18
001619,000001,16
001620,000668,18
001621,000813,18
001622,000997,18
001623,000003,20
001624,000966,18
001625,000966,16
001626,000137,20
001627,000990,16
001628,000388,20
001629,000954,18
001630,000462,18
001631,000687,18
001632,000824,18
001633,000804,18
001634,000006,18
001635,000347,18
001636,000331,20
001637,000857,18
001638,000208,18
001639,000346,18
001640,000739,16
001641,000328,20
001642,000517,18
001643,000144,18
001644,000075,18
001645,000850,18
001646,000995,20
001647,000266,18
001648,000248,16
001649,000186,18
001650,000212,18
001651,000326,18
001652,000326,16
001653,000788,16
001654,000273,18
001655,000909,16
001656,000318,18
001657,000685,16
001658,000107,20
001659,000300,18
001660,000715,18
001661,000020,20
001662,000381,16
001663,000274,16
001664,000204,18
001665,000147,18
001666,000590,16
001667,000286,18
001668,000037,20
001669,000690,16
001670,000161,16
001671,000256,18
001672,000608,18
001673,000033,18
001674,000991,18
001675,000033,18
001676,000581,18
001677,000145,18
001678,000313,18
001679,000892,18
001680,000036,16
001681,000222,18
001682,000627,18
001683,000179,16
001684,000563,16
001685,000936,16
001686,000916,18
001687,000274,18
001688,000164,18
001689,000739,16
001690,000193,16
001691,000863,18
001692,000056,18
001693,000031,18
001694,000025,20
001695,000163,20
001696,000714,16
001697,000686,20
001698,000809,18
001699,000041,18
001700,000400,18
001701,000089,18
001702,000750,18
001703,000563,20
001704,000808,18
001705,000953,16
001706,000816,18
001707,000432,18
001708,000296,18
001709,000551,16
001710,000505,18
001711,000581,14
001712,000161,22
001713,000903,18
001714,000353,18
001715,000403,20
001716,000377,20
001717,000163,18
001718,000072,18
001719,000362,18
001720,000613,18
001721,000068,18
001722,000364,16
001723,000007,20
001724,000893,18
001725,000161,20
001726,000346,16
001727,000522,20
001728,000629,18
001729,000160,18
001730,000111,20
001731,000487,16
001732,000633,18
001733,000003,18
001734,000814,16
001735,000244,18
001736,000230,18
001737,000180,16
001738,000299,16
001739,000299,18
001740,000166,20
001741,000908,16
001742,000999,20
001743,000070,16
001744,000687,18
001745,000390,18
001746,000873,18
001747,000926,18
001748,000094,20
001749,000200,16
001750,000274,20
001751,000865,18
001752,000257,16
001753,000209,18
001754,000366,20
001755,000366,18
001756,000188,20
001757,000199,18
001758,000066,20
001759,000856,18
001760,000856,14
001761,000759,18
001762,000862,20
001763,000038,20
001764,000326,20
001765,000114,20
001766,000004,22
001767,000748,18
001768,000748,16
001769,000533,20
001770,000146,18
001771,000305,18
001772,000126,20
001773,000197,16
001774,000211,18
001775,000211,18
001776,000116,20
001777,000685,16
001778,000445,18
001779,000934,16
001780,000095,20
001781,000776,18
001782,000196,20
001783,000936,18
001784,000936,18
001785,000050,20
001786,000048,20
001787,000564,18
001788,000111,18
001789,000056,18
001790,000584,18
001791,000542,16
001792,000108,20
001793,000572,16
001794,000572,18
001795,000185,18
001796,000361,18
001797,000975,18
001798,000170,18
001799,000350,18
001800,000553,18
001801,000299,20
001802,000321,20
001803,000118,20
001804,000118,20
001805,000849,18
001806,000296,18
001807,000004,20
001808,000436,20
001809,000400,20
001810,000219,16
001811,000040,18
001812,000645,18
001813,000110,16
001814,000293,20
001815,000510,18
001816,000029,20
001817,000329,18
001818,000174,18
001819,000918,18
001820,000669,16
001821,000669,16
001822,000311,18
001823,000797,18
001824,000383,18
001825,000187,16
001826,000547,18
001827,000113,20
001828,000625,18
001829,000400,16
001830,000540,16
001831,000039,20
001832,000524,16
001833,000209,18
001834,000992,16
001835,000743,16
001836,000780,18
001837,000434,18
001838,000339,20
001839,000875,16
001840,000018,20
001841,000090,20
001842,000960,18
001843,000062,18
001844,000094,18
001845,000608,18
001846,000408,20
001847,000778,18
001848,000451,18
001849,000147,18
001850,000062,18
001851,000459,14
001852,000900,14
001853,000333,18
001854,000005,20
001855,000949,18
001856,000284,18
001857,000093,18
001858,000939,16
001859,000021,20
001860,000133,18
001861,000806,18
001862,000033,18
001863,000014,18
001864,000533,14
001865,000553,18
001866,000629,18
001867,000010,22
001868,000923,20
001869,000395,18
001870,000892,16
001871,000483,18
001872,000209,18
001873,000056,20
001874,000240,16
001875,000240,16
001876,000088,18
001877,000631,20
001878,000676,16
001879,000078,18
001880,000037,20
001881,000606,16
001882,000606,16
001883,000739,18
001884,000072,18
001885,000024,20
001886,000212,18
001887,000278,18
001888,000326,18
001889,000087,20
001890,000443,18
001891,000051,22
001892,000682,20
001893,000802,16
001894,000464,18
001895,000020,18
001896,000146,18
001897,000722,18
001898,000093,18
001899,000909,18
001900,000605,18
001901,000093,20
001902,000146,20
001903,000638,18
001904,000023,22
001905,000906,20
001906,000047,18
001907,000036,16
001908,000380,20
001909,000923,18
001910,000378,14
001911,000001,20
001912,000256,18
001913,000078,20
001914,000875,12
001915,000018,18
001916,000019,18
001917,000268,18
001918,000268,18
001919,000142,18
001920,000557,18
001921,000003,20
001922,000960,18
001923,000960,18
001924,000664,18
001925,000161,20
001926,000930,16
001927,000738,18
001928,000660,18
001929,000297,18
001930,000803,18
001931,000943,18
001932,000038,18
001933,000082,18
001934,000946,20
001935,000824,18
001936,000886,18
001937,000886,18
001938,000298,18
001939,000408,18
001940,000408,18
001941,000084,22
001942,000323,18
001943,000017,20
001944,000197,18
001945,000865,18
001946,000041,18
001947,000650,18
001948,000991,18
001949,000407,20
001950,000912,20
001951,000457,18
001952,000041,20
001953,000687,18
001954,000135,20
001955,000409,22
001956,000705,20
001957,000139,20
001958,000938,18
001959,000529,20
001960,000100,20
001961,000103,16
001962,000350,16
001963,000399,20
001964,000403,18
001965,000789,18
001966,000818,18
001967,000103,20
001968,000536,16
001969,000890,18
001970,000594,20
001971,000289,18
001972,000432,18
001973,000103,18
001974,000417,20
001975,000459,18
001976,000209,18
001977,000085,18
001978,000018,18
001979,000884,18
001980,000121,18
001981,000514,18
001982,000139,20
001983,000062,20
001984,000950,18
001985,000636,18
001986,000181,20
001987,000064,20
001988,000007,18
001989,000670,14
001990,000108,18
001991,000739,20
001992,000001,20
001993,000100,20
001994,000121,20
001995,000606,18
001996,000926,16
001997,000285,18
001998,000403,16
001999,000353,18
002000,000024,20
002001,000346,20
002002,000613,18
002003,000975,18
002004,000163,18
002005,000427,18
002006,000673,16
002007,000690,18
002008,000598,18
002009,000656,20
002010,000207,20
002011,000383,20
002012,000065,18
002013,000284,18
002014,000949,18
002015,000020,20
002016,000288,18
002017,000830,16
002018,000295,18
002019,000513,16
002020,000588,18
002021,000082,14
002022,000443,16
002023,000093,20
002024,000418,20
002025,000750,18
002026,000269,20
002027,000417,18
002028,000739,16
002029,000788,18
002030,000965,18
002031,000376,18
002032,000029,20
002033,000029,20
002034,000481,20
002035,000069,18
002036,000452,18
002037,000608,18
002038,000274,14
002039,000110,16
002040,000110,18
002041,000683,18
002042,000608,16
002043,000840,18
002044,000217,18
002045,000335,18
002046,000281,18
002047,000641,18
002048,000360,14
002049,000032,18
002050,000217,18
002051,000039,18
002052,000121,18
002053,000166,18
002054,000588,18
002055,000674,18
002056,000273,18
002057,000019,18
002058,000446,14
002059,000352,20
002060,000350,18
002061,000350,16
002062,000478,18
002063,000478,18
002064,000487,18
002065,000533,16
002066,000829,18
002067,000039,18
002068,000135,20
002069,000256,16
002070,000198,18
002071,000912,16
002072,000047,20
002073,000659,18
002074,000959,16
002075,000959,16
002076,000136,20
002077,000101,18
002078,000051,16
002079,000613,18
002080,000613,16
002081,000417,20
002082,000533,18
002083,000021,20
002084,000544,16
002085,000217,20
002086,000229,18
002087,000206,18
002088,000271,18
002089,000167,18
002090,000376,18
002091,000335,16
002092,000770,18
002093,000475,18
002094,000286,18
002095,000737,16
002096,000047,14
002097,000269,14
002098,000615,18
002099,000969,16
002100,000538,18
002101,000132,18
002102,000743,16
002103,000082,20
002104,000239,20
002105,000241,18
002106,000049,20
002107,000725,18
002108,000591,18
002109,000520,16
002110,000039,18
002111,000219,18
002112,000047,20
002113,000398,14
002114,000975,18
002115,000493,18
002116,000036,20
002117,000121,18
002118,000966,16
002119,000965,14
002120,000736,18
002121,000746,18
002122,000520,20
002123,000273,18
002124,000075,20
002125,000942,18
002126,000702,18
002127,000020,18
002128,000331,14
002129,000331,16
002130,000396,18
002131,000113,16
002132,000179,18
002133,000077,16
002134,000144,18
002135,000573,18
002136,000893,18
002137,000002,20
002138,000365,18
002139,000831,16
002140,000698,18
002141,000885,16
002142,000908,18
002143,000961,16
002144,000269,18
002145,000947,16
002146,000478,18
002147,000090,18
002148,000733,20
002149,000041,20
002150,000653,18
002151,000721,20
002152,000022,20
002153,000905,18
002154,000023,18
002155,000310,18
002156,000410,14
002157,000474,18
002158,000795,18
002159,000281,18
002160,000610,18
002161,000031,20
002162,000895,16
002163,000738,18
002164,000079,20
002165,000795,18
002166,000682,18
002167,000134,20
002168,000421,16
002169,000004,20
002170,000454,20
002171,000130,20
002172,000279,18
002173,000344,16
002174,000055,18
002175,000851,18
002176,000175,20
002177,000547,16
002178,000090,18
002179,000668,16
002180,000652,18
002181,000551,16
002182,000297,20
002183,000591,14
002184,000300,18
002185,000124,20
002186,000619,18
002187,000352,20
002188,000157,20
002189,000097,18
002190,000108,20
002191,000707,18
002192,000326,18
002193,000510,16
002194,000962,16
002195,000195,20
002196,000195,16
002197,000023,18
002198,000619,16
002199,000366,18
002200,000055,20
002201,000073,18
002202,000073,16
002203,000116,18
002204,000639,18
002205,000533,18
002206,000443,18
002207,000462,16
002208,000230,22
002209,000009,16
002210,000070,20
002211,000253,18
002212,000644,20
002213,000533,18
002214,000169,18
002215,000832,16
002216,000533,18
002217,000036,20
002218,000112,20
002219,000684,20
002220,000456,18
002221,000142,20
002222,000034,20
002223,000830,16
002224,000093,18
002225,000148,14
002226,000362,18
002227,000808,16
002228,000109,20
002229,000289,18
002230,000385,16
002231,000920,18
002232,000903,16
002233,000395,16
002234,000057,20
002235,000916,18
002236,000373,16
002237,000029,20
002238,000305,20
002239,000832,18
002240,000012,20
002241,000115,20
002242,000969,14
002243,000016,18
002244,000081,18
002245,000875,16
002246,000812,20
002247,000997,18
002248,000533,18
002249,000975,16
002250,000784,18
002251,000405,18
002252,000655,18
002253,000029,18
002254,000746,18
002255,000282,18
002256,000806,18
002257,000555,20
002258,000808,18
002259,000989,16
002260,000067,20
002261,000710,18
002262,000256,18
002263,000042,20
002264,000079,20
002265,000350,18
002266,000350,16
002267,000010,18
002268,000655,16
002269,000586,18
002270,000357,18
002271,000523,16
002272,000029,18
002273,000912,16
002274,000533,16
002275,000399,18
002276,000243,18
002277,000509,16
002278,000527,18
002279,000697,18
002280,000411,20
002281,000347,20
002282,000906,20
002283,000879,18
002284,000005,20
002285,000178,18
002286,000072,20
002287,000193,18
002288,000052,18
002289,000596,18
002290,000281,18
002291,000859,18
002292,000211,20
002293,000009,18
002294,000021,18
002295,000918,18
002296,000554,18
002297,000357,16
002298,000530,20
002299,000688,18
002300,000046,18
002301,000783,18
002302,000212,20
002303,000070,20
002304,000335,16
002305,000103,18
002306,000961,16
002307,000524,18
002308,000021,18
002309,000251,20
002310,000103,18
002311,000066,20
002312,000020,18
002313,000989,18
002314,000298,16
002315,000456,20
002316,000619,18
002317,000229,18
002318,000886,18
002319,000378,20
002320,000598,16
002321,000728,18
002322,000445,18
002323,000445,16
002324,000724,18
002325,000802,16
002326,000991,18
002327,000045,18
002328,000070,18
002329,000552,18
002330,000533,14
002331,000703,18
002332,000093,18
002333,000096,20
002334,000178,18
002335,000936,16
002336,000724,18
002337,000314,16
002338,000725,18
002339,000925,18
002340,000001,18
002341,000173,18
002342,000940,18
002343,000029,18
002344,000065,20
002345,000051,20
002346,000367,18
002347,000424,16
002348,000375,18
002349,000082,18
002350,000965,14
002351,000252,20
002352,000662,18
002353,000842,18
002354,000863,18
002355,000400,18
002356,000830,18
002357,000006,20
002358,000001,18
002359,000957,16
002360,000229,16
002361,000402,18
002362,000235,20
002363,000031,20
002364,000151,20
002365,000193,20
002366,000586,14
002367,000299,18
002368,000600,16
002369,000861,18
002370,000915,16
002371,000195,20
002372,000401,18
002373,000457,16
002374,000409,16
002375,000086,18
002376,000086,16
002377,000910,18
002378,000325,16
002379,000639,18
002380,000036,18
002381,000948,16
002382,000563,18
002383,000228,20
002384,000236,16
002385,000847,16
002386,000310,20
002387,000482,18
002388,000931,18
002389,000241,18
002390,000270,20
002391,000270,18
002392,000601,20
002393,000053,20
002394,000878,18
002395,000960,16
002396,000524,16
002397,000376,14
002398,000074,18
002399,000145,20
002400,000073,20
002401,000299,18
002402,000938,16
002403,000449,18
002404,000563,18
002405,000208,20
002406,000243,14
002407,000446,18
002408,000115,22
002409,000197,16
002410,000458,20
002411,000951,18
002412,000037,22
002413,000381,20
002414,000540,18
002415,000398,18
002416,000382,16
002417,000382,18
002418,000269,20
002419,000709,20
002420,000374,16
002421,000670,18
002422,000307,18
002423,000917,14
002424,000802,16
002425,000802,14
002426,000381,20
002427,000975,16
002428,000339,20
002429,000357,16
002430,000221,16
002431,000117,16
002432,000619,18
002433,000347,18
002434,000631,16
002435,000135,18
002436,000546,16
002437,000759,16
002438,000334,18
002439,000405,18
002440,000405,14
002441,000199,20
002442,000219,18
002443,000969,16
002444,000969,16
002445,000781,20
002446,000339,20
002447,000354,20
002448,000434,16
002449,000107,20
002450,000179,20
002451,000380,16
002452,000975,16
002453,000592,18
002454,000549,16
002455,000444,18
002456,000227,18
002457,000108,18
002458,000029,18
002459,000863,18
002460,000520,16
002461,000257,14
002462,000408,18
002463,000482,18
002464,000928,16
002465,000690,18
002466,000196,16
002467,000828,18
002468,000275,18
002469,000382,18
002470,000900,16
002471,000308,20
002472,000384,18
002473,000207,18
002474,000207,18
002475,000508,18
002476,000434,18
002477,000645,20
002478,000821,18
002479,000040,22
002480,000284,20
002481,000203,18
002482,000958,16
002483,000243,18
002484,000152,18
002485,000443,18
002486,000527,18
002487,000037,16
002488,000031,16
002489,000287,20
002490,000284,18
002491,000413,18
002492,000962,16
002493,000430,20
002494,000795,18
002495,000225,16
002496,000810,18
002497,000458,18
002498,000091,20
002499,000540,18
002500,000074,20
002501,000810,16
002502,000081,22
002503,000356,18
002504,000114,18
002505,000321,20
002506,000866,18
002507,000804,16
002508,000379,20
002509,000208,18
002510,000300,18
002511,000002,18
002512,000201,20
002513,000089,20
002514,000328,18
002515,000650,18
002516,000016,16
002517,000315,18
002518,000024,18
002519,000920,18
002520,000961,16
002521,000669,16
002522,000919,16
002523,000462,18
002524,000235,20
002525,000042,20
002526,000254,16
002527,000840,18
002528,000350,18
002529,000618,18
002530,000350,18
002531,000018,18
002532,000272,18
002533,000419,16
002534,000094,20
002535,000724,18
002536,000016,20
002537,000565,16
002538,000373,16
002539,000830,14
002540,000020,20
002541,000216,20
002542,000196,18
002543,000360,18
002544,000995,18
002545,000040,22
002546,000373,18
002547,000329,18
002548,000023,18
002549,000012,18
002550,000366,16
002551,000343,16
002552,000044,18
002553,000136,18
002554,000085,18
002555,000538,18
002556,000082,18
002557,000670,18
002558,000103,18
002559,000328,18
002560,000531,18
002561,000235,18
002562,000522,18
002563,000739,18
002564,000443,18
002565,000559,16
002566,000086,20
002567,000356,18
002568,000254,16
002569,000090,20
002570,000258,18
002571,000374,18
002572,000919,18
002573,000965,16
002574,000543,18
002575,000543,18
002576,000459,18
002577,000326,18
002578,000966,16
002579,000801,18
002580,000803,16
002581,000390,16
002582,000157,18
002583,000943,18
002584,000497,16
002585,000050,20
002586,000038,20
002587,000262,20
002588,000520,18
002589,000859,18
002590,000944,18
002591,000533,16
002592,000176,20
002593,000632,16
002594,000286,14
002595,000314,18
002596,000109,20
002597,000478,20
002598,000606,18
002599,000892,14
002600,000075,20
002601,000778,16
002602,000348,20
002603,000545,14
002604,000069,20
002605,000483,20
002606,000574,16
002607,000929,20
002608,000377,18
002609,000052,18
002610,000510,18
002611,000337,18
002612,000563,18
002613,000200,18
002614,000425,18
002615,000989,18
002616,000615,16
002617,000010,20
002618,000044,18
002619,000092,20
002620,000646,18
002621,000400,14
002622,000400,16
002623,000013,20
002624,000947,18
002625,000427,14
002626,000310,16
002627,000129,20
002628,000205,20
002629,000783,18
002630,000522,18
002631,000367,18
002632,000460,18
002633,000191,18
002634,000133,18
002635,000615,18
002636,000615,16
002637,000738,18
002638,000082,18
002639,000123,22
002640,000320,20
002641,000287,18
002642,000001,20
002643,000136,20
002644,000263,20
002645,000186,18
002646,000499,18
002647,000357,16
002648,000863,16
002649,000748,18
002650,000390,18
002651,000082,18
002652,000082,14
002653,000429,18
002654,000539,18
002655,000532,18
002656,000737,18
002657,000062,20
002658,000145,18
002659,000854,16
002660,000854,12
002661,000928,16
002662,000878,18
002663,000082,18
002664,000739,16
002665,000274,16
002666,000912,10
002667,000028,18
002668,000557,18
002669,000339,18
002670,000210,20
002671,000314,18
002672,000563,18
002673,000574,18
002674,000357,20
002675,000930,16
002676,000659,14
002677,000076,18
002678,000301,20
002679,000045,16
002680,000404,18
002681,000738,16
002682,000920,16
002683,000920,16
002684,000918,14
002685,000126,18
002686,000325,18
002687,000961,20
002688,000605,18
002689,000597,16
002690,000391,20
002691,000425,18
002692,000039,20
002693,000774,18
002694,000826,18
002695,000726,18
002696,000275,18
002697,000044,18
002698,000020,18
002699,000111,18
002700,000908,20
002701,000267,20
002702,000906,18
002703,000795,18
002704,000240,20
002705,000251,18
002706,000335,18
002707,000897,18
002708,000208,18
002709,000382,16
002710,000444,16
002711,000533,18
002712,000645,18
002713,000239,18
002714,000654,16
002715,000090,20
002716,000737,16
002717,000495,18
002718,000871,18
002719,000507,18
002720,000599,18
002721,000274,20
002722,000645,18
002723,000897,18
002724,000212,18
002725,000552,20
002726,000303,20
002727,000132,18
002728,000070,20
002729,000535,16
002730,000409,20
002731,000661,18
002732,000023,18
002733,000009,20
002734,000263,18
002735,000615,18
002736,000740,18
002737,000783,18
002738,000634,16
002739,000367,18
002740,000336,20
002741,000956,18
002742,000214,20
002743,000962,18
002744,000218,20
002745,000057,18
002746,000622,16
002747,000041,18
002748,000873,16
002749,000032,18
002750,000597,20
002751,000563,18
002752,000007,16
002753,000041,18
002754,000725,16
002755,000374,18
002756,000124,18
002757,000447,18
002758,000531,16
002759,000271,18
002760,000003,20
002761,000698,20
002762,000445,18
002763,000008,20
002764,000976,16
002765,000417,14
002766,000698,16
002767,000100,20
002768,000769,20
002769,000524,18
002770,000261,16
002771,000419,18
002772,000270,16
002773,000132,18
002774,000564,18
002775,000229,18
002776,000229,18
002777,000830,20
002778,000014,18
002779,000062,18
002780,000309,18
002781,000976,16
002782,000154,20
002783,000856,12
002784,000473,18
002785,000037,18
002786,000329,18
002787,000235,18
002788,000994,18
002789,000183,20
002790,000817,16
002791,000139,20
002792,000056,20
002793,000761,18
002794,000177,16
002795,000060,18
002796,000152,18
002797,000299,18
002798,000095,18
002799,000056,16
002800,000411,16
002801,000005,18
002802,000044,18
002803,000205,16
002804,000197,18
002805,000796,16
002806,000009,20
002807,000057,18
002808,000533,18
002809,000357,20
002810,000830,18
002811,000346,18
002812,000146,20
002813,000940,18
002814,000342,16
002815,000950,18
002816,000523,18
002817,000636,18
002818,000437,18
002819,000500,18
002820,000696,16
002821,000188,18
002822,000110,16
002823,000042,20
002824,000338,22
002825,000531,16
002826,000056,20
002827,000545,18
002828,000351,18
002829,000533,18
002830,000084,18
002831,000047,18
002832,000185,20
002833,000888,16
002834,000462,20
002835,000111,20
002836,000613,20
002837,000585,18
002838,000225,14
002839,000194,18
002840,000133,18
002841,000109,20
002842,000822,18
002843,000852,14
002844,000239,18
002845,000028,16
002846,000047,18
002847,000997,18
002848,000949,16
002849,000416,18
002850,000360,18
002851,000830,18
002852,000778,14
002853,000121,18
002854,000550,18
002855,000627,16
002856,000031,18
002857,000619,20
002858,000976,16
002859,000634,18
002860,000341,18
002861,000734,16
002862,000970,16
002863,000824,16
002864,000224,20
002865,000589,18
002866,000597,18
002867,000520,18
002868,000831,18
002869,000831,16
002870,000507,16
002871,000938,12
002872,000898,20
002873,000597,18
002874,000028,16
002875,000960,16
002876,000257,18
002877,000257,20
002878,000134,18
002879,000533,18
002880,000070,16
002881,000248,16
002882,000553,20
002883,000085,20
002884,000282,18
002885,000387,18
002886,000423,18
002887,000268,18
002888,000188,20
002889,000965,18
002890,000623,18
002891,000623,18
002892,000624,18
002893,000270,18
002894,000532,18
002895,000219,20
002896,000884,18
002897,000610,18
002898,000003,22
002899,000633,18
002900,000521,18
002901,000200,20
002902,000009,14
002903,000751,18
002904,000608,16
002905,000032,18
002906,000032,16
002907,000102,18
002908,000880,18
002909,000137,16
002910,000629,18
002911,000045,20
002912,000743,18
002913,000432,12
002914,000432,12
002915,000759,16
002916,000808,14
002917,000224,20
002918,000299,16
002919,000343,20
002920,000702,18
002921,000821,18
002922,000821,16
002923,000157,18
002924,000958,16
002925,000951,18
002926,000653,18
002927,000274,18
002928,000958,16
002929,000723,16
002930,000093,20
002931,000437,20
002932,000894,18
002933,000093,18
002934,000237,18
002935,000969,16
002936,000280,18
002937,000810,18
002938,000165,18
002939,000420,18
002940,000792,18
002941,000441,18
002942,000346,18
002943,000127,18
002944,000123,20
002945,000398,18
002946,000074,18
002947,000852,18
002948,000064,18
002949,000177,18
002950,000783,18
002951,000036,18
002952,000522,18
002953,000159,18
002954,000774,16
002955,000750,20
002956,000137,20
002957,000062,20
002958,000397,18
002959,000075,18
002960,000654,18
002961,000221,20
002962,000549,18
002963,000796,16
002964,000499,18
002965,000552,18
002966,000240,18
002967,000257,18
002968,000129,18
002969,000306,18
002970,000054,18
002971,000054,20
002972,000628,18
002973,000237,20
002974,000055,18
002975,000039,20
002976,000046,20
002977,000129,18
002978,000001,18
002979,000676,16
002980,000404,18
002981,000917,18
002982,000056,20
002983,000466,18
002984,000062,18
002985,000062,20
002986,000113,20
002987,000438,18
002988,000002,18
002989,000002,16
002990,000739,18
002991,000739,18
002992,000353,16
002993,000622,18
002994,000264,18
002995,000555,16
002996,000093,20
002997,000295,18
002998,000767,20
002999,000653,18
003000,000867,18
003001,000036,16
003002,000395,20
003003,000395,18
003004,000390,20
003005,000408,18
003006,000578,18
003007,000284,20
003008,000018,18
003009,000401,16
003010,000148,18
003011,000784,16
003012,000591,18
003013,000698,18
003014,000878,16
003015,000114,18
003016,000919,18
003017,000128,18
003018,000122,20
003019,000089,18
003020,000747,18
003021,000284,18
003022,000216,16
003023,000216,16
003024,000787,18
003025,000009,20
003026,000583,18
003027,000823,18
003028,000307,18
003029,000121,14
003030,000405,18
003031,000589,20
003032,000763,18
003033,000060,20
003034,000273,16
003035,000522,20
003036,000036,18
003037,000074,18
003038,000040,16
003039,000966,18
003040,000868,16
003041,000647,18
003042,000858,16
003043,000374,18
003044,000433,20
003045,000698,20
003046,000761,18
003047,000124,18
003048,000571,18
003049,000547,18
003050,000735,18
003051,000148,18
003052,000133,20
003053,000972,16
003054,000295,20
003055,000524,20
003056,000078,18
003057,000397,18
003058,000904,16
003059,000217,20
003060,000373,18
003061,000607,18
003062,000237,18
003063,000891,16
003064,000185,18
003065,000039,18
003066,000051,18
003067,000052,20
003068,000029,20
003069,000117,20
003070,000152,18
003071,000113,18
003072,000975,16
003073,000543,18
003074,000601,16
003075,000295,18
003076,000126,16
003077,000175,20
003078,000940,18
003079,000730,18
003080,000235,14
003081,000295,18
003082,000607,14
003083,000144,20
003084,000929,18
003085,000006,20
003086,000233,16
003087,000557,20
003088,000257,18
003089,000152,20
003090,000608,18
003091,000750,18
003092,000959,18
003093,000135,18
003094,000690,18
003095,000822,18
003096,000822,16
003097,000203,16
003098,000525,20
003099,000226,18
003100,000354,18
003101,000738,18
003102,000947,18
003103,000870,18
003104,000044,18
003105,000026,18
003106,000443,18
003107,000908,18
003108,000131,20
003109,000808,18
003110,000047,18
003111,000254,18
003112,000070,20
003113,000275,16
003114,000003,18
003115,000237,16
003116,000737,16
003117,000912,14
003118,000531,16
003119,000268,18
003120,000020,18
003121,000281,18
003122,000414,18
003123,000641,16
003124,000041,20
003125,000041,18
003126,000966,18
003127,000538,18
003128,000113,14
003129,000113,18
003130,000597,18
003131,000055,20
003132,000540,16
003133,000648,18
003134,000408,16
003135,000975,16
003136,000432,20
003137,000150,18
003138,000582,18
003139,000908,18
003140,000961,14
003141,000947,18
003142,000991,18
003143,000400,18
003144,000306,20
003145,000065,18
003146,000703,18
003147,000779,18
003148,000144,20
003149,000243,18
003150,000120,20
003151,000416,20
003152,000136,18
003153,000952,18
003154,000478,18
003155,000065,18
003156,000440,18
003157,000262,20
003158,000458,20
003159,000055,20
003160,000320,16
003161,000035,20
003162,000974,16
003163,000725,18
003164,000062,18
003165,000990,18
003166,000099,20
003167,000927,16
003168,000039,18
003169,000320,16
003170,000509,18
003171,000098,18
003172,000892,18
003173,000113,16
003174,000456,16
003175,000208,20
003176,000963,18
003177,000028,20
003178,000499,20
003179,000103,18
003180,000605,18
003181,000733,18
003182,000452,16
003183,000029,16
003184,000165,16
003185,000947,18
003186,000019,20
003187,000004,18
003188,000152,18
003189,000371,18
003190,000916,14
003191,000972,18
003192,000037,16
003193,000212,16
003194,000200,18
003195,000543,20
003196,000149,18
003197,000181,16
003198,000910,18
003199,000641,18
003200,000825,16
003201,000808,16
003202,000024,20
003203,000368,18
003204,000719,18
003205,000009,18
003206,000837,20
003207,000735,18
003208,000658,18
003209,000917,18
003210,000020,18
003211,000879,18
003212,000723,18
003213,000026,18
003214,000542,16
003215,000513,16
003216,000406,20
003217,000552,18
003218,000286,16
003219,000875,16
003220,000892,20
003221,000399,18
003222,000930,20
003223,000939,18
003224,000214,20
003225,000932,16
003226,000024,20
003227,000780,18
003228,000106,18
003229,000623,16
003230,000010,16
003231,000046,20
003232,000239,18
003233,000056,20
003234,000916,18
003235,000527,18
003236,000168,20
003237,000978,18
003238,000716,18
003239,000518,16
003240,000295,18
003241,000217,20
003242,000217,18
003243,000180,20
003244,000039,18
003245,000284,18
003246,000991,18
003247,000157,18
003248,000096,18
003249,000138,18
003250,000972,18
003251,000186,18
003252,000473,18
003253,000886,20
003254,000479,18
003255,000195,20
003256,000112,18
003257,000235,16
003258,000418,14
003259,000730,20
003260,000821,14
003261,000274,16
003262,000817,18
003263,000003,20
003264,000394,20
003265,000427,20
003266,000071,22
003267,000895,18
003268,000895,18
003269,000638,18
003270,000455,18
003271,000553,16
003272,000746,20
003273,000344,18
003274,000037,18
003275,000061,18
003276,000286,18
003277,000867,16
003278,000341,18
003279,000209,20
003280,000257,18
003281,000398,20
003282,000435,16
003283,000345,18
003284,000998,16
003285,000064,20
003286,000250,18
003287,000981,14
003288,000995,16
003289,000092,18
003290,000004,16
003291,000676,16
003292,000082,20
003293,000515,18
003294,000619,18
003295,000687,16
003296,000984,18
003297,000196,20
003298,000033,18
003299,000417,20
003300,000018,20
003301,000299,18
003302,000048,18
003303,000396,18
003304,000020,20
003305,000226,20
003306,000296,20
003307,000270,18
003308,000669,20
003309,000082,18
003310,000526,16
003311,000744,16
003312,000454,16
003313,000549,16
003314,000293,18
003315,000576,16
003316,000039,20
003317,000235,18
003318,000082,20
003319,000884,16
003320,000906,16
003321,000601,18
003322,000419,16
003323,000161,18
003324,000241,18
003325,000251,16
003326,000991,12
003327,000238,18
003328,000651,16
003329,000273,18
003330,000317,18
003331,000975,18
003332,000645,18
003333,000194,20
003334,000544,16
003335,000757,18
003336,000374,18
003337,000320,18
003338,000995,18
003339,000586,18
003340,000655,18
003341,000725,16
003342,000013,22
003343,000529,20
3344,000774,20
3345,000814,20
3346,000211,18
3347,000394,16
3348,000486,18
3349,000553,18
3350,000553,18
3351,000082,18
3352,000130,20
