image_id,kind,year_g,month_g,day_g,year_p,month_p,day_p,stage,note,texts,diag
000018,wrong_all,2026,04,24,2025,04,02,s1,2026.04.24,OPEN | ABC | 씨리얼 | 맺있는 곡물로만든 | 코쿠키 | 초코 | OPEN | ABC | t's ABe Time | 초코쿠키 | kcal5%45% | 쿠키앤크림 | ABC | ：1801062879890 | 초코쿠키 | 25.4.2 B | 쿠키앤크림 | 17:20 | 까지 | 렛트 | HEEDA,ocr
000023,wrong_day,2025,10,11,2025,10,10,s1,"2025.10.11(텍스트 지워짐), 도트 문자",빅단팥슈크림빵 | 25.10.10까지.A1/F2 | 맛도BG!기도B | 산균 | 공법 | 풍부한 | 36o kcal) | 단팥앙금 | 수크림,partial_in_text
000028,wrong_all,2026,02,10,2025,03,31,s1,"음성메시지 유효기간을 유통기한으로 알아들음 => 실제로는 2026.02.10 따로 유통기한, 유효기한 등이 안 적혀있음",GHANA행복사서항 | 970-4567-5050 | 가나와 함께한 50년의 이야기를 | 지금 바로 들어보세요 | (용성에세지 유효기간: ~25.3.31) | B한간 2.8. | ∞ | 품릿습 | 변정통서 | 통능,ocr
000032,wrong_day,2026,03,22,2026,03,28,clahe,"2026.03.22(22에 빛이 들어와서 약간 흐려짐, 확인 필요)",JlN | 2026.03.2811 | B2 13:40 | 너라면 할 수 있어,partial_in_text
000034,miss,2026,06,30,NONE,NONE,NONE,fail,2026.06.30(도트문자에서 약한가?) F2?,"3790 | 手37（185kco | white cook | PRER | 1,660 | PEPERO | LOTTE | 까지 | white | PRET | LOTTE | 1.660 | PEPERO | 3. | 3700 | white | 까지 | 난D | 099'1 | 3OLTT | ZIEN | PD | 1LLTm | 0991 |  UEE어 | 6OE  | white | 화이트쿠키 37 gl | 화이트쿠키 | 90 | PREIZ | 1.660 | PEPERO | DLOTTE | B.E.그 B 18 F | 까지 | white | white cook | PRETZ | 1,660 | PEPERO | LOTTE | 까지",ocr
000051,wrong_day,2026,01,12,2026,01,01,rot90,"2026.01.12(제품이 2개 있어서, 분간 어려울 수 있음, 근데 숫자도 틀리나?)","피크닉사과 | 피크닉,사과 | 2026.01.1 | 04145 | 1",partial_in_text
000060,wrong_day,2026,04,30,2026,04,13,s1,2026.04.30(여기도 이미지의 약간의 glitch(비닐 봉제선?같은게 숫자를 가로지름)),소재(PP)로 끝는 | 2026.04.130 12  | 안전은  행보을  위한  약속 | 조대법,partial_in_text
000063,wrong_all,2026,06,16,2025,06,17,s1,,CROUN | 부터 | 2025.06.17 | 까지 | 맛있는 약속 | 2026.06.16 | CROUN | 부터 | 5.06.17 | 까진-이는 약속,rule_possible
000078,miss,2026,06,19,NONE,NONE,NONE,fail,2026.06.19(월과 일 사이에 점이 빠짐. 이걸 월/일로 인식하지 못한 듯),"{토마토,정제소금,구연산 | 옥수수전분), | 국산)변성전분},과·채가공품/미 | 대두,밀,토마토함유 | 300g | 안전관리인증 | 보 | 100g270kcal | HACCP | OTI | mg27%59g18%18g18% | 3%트랜스지방 0g | 5g2%1g2% | 8809781220032 | 2025.0619刘至 | %00 | %00 | g2%1g2% | mg27%59g18%18g18% | 139 | 옥수수전분),굴앗, | 2025.0619至 | 100g270kcal | 300g | 몸및 교환:구입처 및(주페리카나 | ,소스가분리될수있으니잘흔들 | 8809781220032 | '르딩,발효 | % | 한0.영 | HIO | TYO0MAZ | AB | 88융 | '쿠고구능 | 신 (토마토,정제소금,구연산 | 옥수수전문), | 국산)변성전분},과 채가공품/미 | 139 | 300g | 100g270kcal | HACCP | OTI | ng27%个就量59g18%异18g18% | 5mg2%1g2% | (%000kca | 8809781220032 | 2025.0619对至 | 12당,발효 | 옥수수전문),굴 | 국산)번 | 대두,밀,토마토함유 | 식품2,양조간장,파라옥시안식향산에틸(보존료) | 300g | 안전관리인증 | HACCP | 100g270kcal | 식동의약인진회 | OTH | mg27%量59g18%18g18% | 3%트랜스지방 0g | mg미만 2% | 단백질1g2% | %0 | 8""809781""220032 | 2025.0619刘至",ocr
000080,miss,2026,09,16,NONE,NONE,NONE,fail,"2026.09.16(도트문자, 확실히 도트를 잘 인식 못 하는 듯)","3,990 | 1225 | 읍 | 8 | 18022591020431 | 합분유 | 가나산,에 | 0 | 롯데웰푸드 | 밀:미국산) | 참유(말레 | 전분),전란 | 부터 | |소금,산도 | 까지 | 지방산에스 | …. | 1… | 혼합분유 | 로필렌 | 띠 | H | ∞ | 802259020431 | 롯데웰푸드 | … | 3,990 | 26R | 066℃ | ㅋ | ∞ | 금 | 길름입 | 혼 | 소 | |X{l | 내자'문Y | 문림영까 | (문닌미: | 0 | 크 | 공곡이돌 | 25 | 066 | 26 | EB | 3,990 | 1225 | 읍 | 필런 | 8802259020431 | 나산.에 | 롯데웰푸드 | 길:미국산) | 참유(말레 | 전분),전란 | 17 | 부터 | |소금,산도 | 까지 | 지방산에스 | 3,990 | 125 | 읍 | 프로필렌 | 8 | 802259""020431 | 혼합분유 | 가나산,에 | 롯데웰푸드 | 밀:미국산) | 팔유(말레 | 전분),전란 | 부터 | |소금,산도 | 까지 | 지방산에스",ocr
000083,miss,2026,07,01,NONE,NONE,NONE,fail,2026.07.01(도트문자),행사상품 | 상큼달콤롯데샌드 | 롯샌 | 파인애플 | T  | 까지 | 17 | 롯샌 | 상금달콤롯데샌드 | 행사상품 | 파인애플 | .. | … | 류이피 | HY | 행사상품 | 삼큼달콩롯데샌드 | 롯샌 | 파인애플 | 행사상품 | 상큼달콤 롯데샌드 | 롯샌 | 파인애플 | 까지 | …,ocr
000088,wrong_all,2026,09,03,2025,09,04,s1,2026.09.03(도트문자),부터 | 소비 | 25.09.04 00:34 | 까지 | 기한,ocr
000090,miss,2026,09,01,NONE,NONE,NONE,fail,2026.09.01(도트문자),Max | OPEN→ | KF | 식품유형 | 소비기한 | 원재료명 | OPEN→ | 뜨모게 | A | 끝 | x | xew | 용청 | 형한명민 | 유기 | 료 | 품비 | K | 휘CAY | 내려이 | xew | Max | OPEN→ | 온로도 | 내용량 | 식품유형 | 커피 | 소비기한 | 원재료명 | 프레소 | Max | OPEN→ | 으로도 | K | 커피 | 식품유형 | 상단표 | 용 | 소비기한 | 원재료명 | 프레소 | 이o%이상,ocr
000111,wrong_day,2025,10,25,2025,10,05,s1,2025.10.25(비닐 구겨짐으로 인해 숫자가 약간 알아보기 힘들 수도),asty | 5.10.25 11:50F21 | and | 다.소비자다 | GE | EAS,ocr
000120,wrong_all,2026,08,25,2028,08,02,rot90,2026.08.25(도트문자),202808.2 | .7,ocr
000122,miss,2027,04,28,NONE,NONE,NONE,fail,2027.04.28(도트문자+비닐 구겨짐),## | oueI.oN | HV## | EOEIN | 207.04. | No Brand | 브랜드가 아니다 소비자다 | 상신이 스마트 컨슈머가 되는 길 | N1303 | #노브랜드#스마트건슈머 | #옥수수차#구수한#식후한진 | #100# | 친주치/ 5 | 퍼#연# | ### | COEIN | OueiaoN | #100# | #옥수수차#구수한#식후한진 | #노브랜드 #스마트건슈머 | N1303 | No Brano | 이스마트 건슈머가 되는길 | Pteao | COH | puei..N | nll리 | H | EOELN | 퍼#0이#,ocr
000129,miss,2026,01,09,NONE,NONE,NONE,fail,2026.01.09(글씨 색깔이 포장지와 너무 비슷해서 분간 불가),"2026.0109 | 가장최저의 가격대를만드는것×⑥ | 이것이 노브랜드의 ⑥×⑥ 이념과 철학 | ×⑥당신이 스마트 컨슈머가 되는길 | 유형 | 원 | 최적의 소재와×⑥ 제조방법을 찾아 | nd | . | 380-5678 | 식용 | 돼지 | 서북구 | ×⑥당신이 스마트컨슈머가 되는길 | 이것이 노브랜드의 ①×⑥ 이념과 철학 | 가장최저의 가격대를 만드는 것①×⑥ | 최적의 소재와×⑥ 제조방법을찾아 | 충무로 | 2026.0109 | 스이 | xHE | 인도 | IT | 8195-085 | 공 |  @ | @×극리금클터스하처 | 2026:0109 | 최적의 소재와①×⑥ 제조방법을찾아 | 가장최저의 가격대를 만드는것×⑥ | 이것이노브랜드의⑥×⑥ 이념과 철학 | ①×⑥당신이 스마트컨슈머가 되는길 | nd | 원 | 한제품 | 뒷면 | 표시 | 18 | 일까지 | 67 | CHIFOOD COLTD | 서 | (년 | AN | DL-사과무 | ESG | 한색제 식용색소황생제 시 | 청색제회]동축오지주 | 으렌지오일,향료 4 대지 | 선을 | 9 | X | ~일원 | 원회 | 곤시 | 곳에 보관 | 용한제품 | 쟁해결 | 2026.0109 | 최적의 소재와 ×⑥ 제조방법을 찾아 | 가장 최저의 가격대를 만드는 것 @×⑥ | 이것이 노브랜드의 @×⑥ 이념과 철학 | ×⑥ 당신이 스마트 컨슈머가 되는길 | nd | .소비 | 슈머가되는길 | 유형 | ( | 한 제품 월면 별도폭시일까지 (년 | 원 | 2 | 80-5678 | 연산참나트D-사과산 나사 | 한색제4호 식용색소황색제5 식용 | 청색제1회],농축오렌지주 | 오렌지오일, 향료 4종 | 시에 보관 | 돼지 | 의거 교환 | 너 제조",rule_possible
000157,miss,2027,07,08,NONE,NONE,NONE,fail,2027.07.08(병뚜껑 라벨),N1586 | 61904 | 22028190 | ECIN | N1586 | 2027 | 노1우요4 | Q5-0722027 | nbbb,partial_in_text
000163,wrong_all,2026,11,20,2020,01,01,rot90,2026.11.20(왜 못잡아낸거지? 다 틀림 그냥),2026. | ·1.1.20까지 | 보관시 지퍼를 이용하세요 | 뜯는곳,rule_possible
000178,wrong_day,2026,06,26,2026,06,25,s1,2026.06.26(부터랑 까지 왤케 헷갈림;;),땅공신도 | HACCP | 2025.09.26 | 부터 | 2026.06.25 | 까지 맛있는 약속 | 화이트하임 | 무UEE,partial_in_text
000180,wrong_day,2026,06,25,2026,06,02,s1,2026.06.25(월까진 맞음. 텍스트겹침 문제발생),식품안전관리인증 | HACCP | 2025.09.26 | 2026.06.2 | 까지맛있는약속,partial_in_text
000181,wrong_all,2026,09,08,2025,09,09,s1,,부터 | 2025.09.09 | 까지 | 맛있는? | 2026.09.08,rule_possible
000182,miss,2026,10,01,NONE,NONE,NONE,fail,2026.10.01(맞는지 확인 필요),"TEN MINSTE HOUDBAAR TOT | (E)01:57 | 01 10 :2026 | 114464504 | 450 | -PAP21 | VER | CARTON | CARDBOARD | PAPER | Recydling | A CONSOMMER DE PRÉFÉRENCE AVANT LE / MINDESTENS HALTBAR BIS/ | PATES, ALIMENTAIRES DE QUALITÉ SUPÉRIEURE I TEIGWAREN AUS | HARTWEIZENGRIESS/ DEEGWAREN VAN HARDE TARWEGRIESMEEL | BarilaGR.Fratelli-Societa perAzioniViaMantova16643122ParmaItaly | PI | FR | PATES ALIMENTAIRES DE QUALITÉ SUPÉRIEURE / TEIGWAREN AUS | A CONSOMMER DE PRÉFÉRENCE AVANT LE  MINDESTENS HALTBAR BIS/ | HARTWEIZENGRIESS / DEEGWAREN VAN HARDE TARWEGRIESMEEL | BarilaGRFrateliSocietaperAzioniViaMantova,16643122Pama-Italy | 01. 10 :2026 | TEN MINSTE HOUDBAARTOT | 114464504 | (E) 01:57 | CARDBOARD | CARTON | PAP21- | PAPER | VERI | PUT | LS:TO (3) | 9zOz. 0T t0 | 000L | 6000 | 40 | [S:[0(3) | A CONSOMMER DE PREFÉRENCE AVANT LE / MINDESTENS HALTBAR BIS/ | TEN MINSTE HOUDBAAR TOT | 5（(E）01:57 | 01102026 | I14464504 | 450 | PATES,ALIMENTAIRES DE QUALITE SUPÉRIEURE I TEIGWAREN AUS | SHARTWEIZENGRIESS/DEEGWAREN VAN HARDE TARWEGRIESMEEL | laGFratelliSocieazonViaManova664322amataly | P | -PAP21 | VER | CARTON | FR | CARDBOARD | PAPER | Recycling | A CONSOMMER DE PRÉFÉRENCE AVANT LE/ MINDESTENS HALTBAR BISI | TEN MINSTE HOUDBAAR TOT | (E) 01:57 | 01 10 :2026 | 114464504 | 450 | PATES ALIMENTAIRES DE QUALITÉ SUPÉRIEURE I TEIGWAREN AUS | HARTWEIZENGRIESS/ DEEGWAREN VAN HARDE TARWEGRIESMEEL | Barilla G.eR.Fratelli-Societa per Azioni-Via Mantova,166-43122Parma-Italy | P | PAP 21 | VERI | CARTON | CARDBOARD | PAPER | 100g | 19 | 3 | Recycling | 100% | mm",rule_possible
000190,partial_wrong,2026,11,22,NONE,07,06,up2x,"2026.11.22(병뚜껑 옆면 라벨, 완전히 잘못 파악한 듯.)","(IBS)114615 | 2211.26 | 0203.250527 | o66 | [ulbe] | 게품명 | 바실리코 스파게티소스 | A.CO1 | 원료명및토 | 식품유형소시(살제품 | 29 | 원산지 | 이탈리아 | 수입 | 풀무원식품(주 | 안어업소 | 30-27 | 시p | 소비기시일까지일 | 보전방법실온보관 | 는보생을수 | 00g2256kca | 입업소 행 | 용기-유리,뚜껑-철제 | 포장운질 | aLwal | 폴리염화비닐(내면) | 0011399 | hurated | Gbuhyorate | 2.6 | 0.3 | 9 | 2.6 | 9 | Carbohydrates | 이용 | 0.3 | -Sugals | 7.6",rule_possible
000191,miss,2026,06,15,NONE,NONE,NONE,fail,2026.06.15(문제 확인),"：021750 | (주)크래프트하이츠크리아 | 기조원 | (주)에스피씨상립 | 소비기한 | 15까지A | 토바질 | 인 | 소비기한 | coee | 15까지A | HI_HST | HIYHLS T | 흐습서 | （0 | n번건 | K는 태KE | 울파이내스세터20 | 청추지 총택구 산단로 88 (송정동) | 소비기한: | 2026.06 | 15.까지IA | 0 | 입 | 재 | 토바질Ⅱ | AE | 표기울  | EE | 판대원 및 구업게 문의 | ：020750 | NE | 합조미식품 | 올리브 | (주)크래프트하이츠코리아 | 20 | 진탄검,오려가노 | 지조원 | 일, | (주)에스피씨살립 | 우유,대두 밀토마트 | 참수성공 추서시 홍덕구 산단로 8 (승정동) | 0 | 소비기한 | 0 | n. | 5Brox) | 05% | 시17 | 2 L마지A | Kcal) | 유리 | 002389 | 토바질 파스",rule_possible
000198,miss,2026,05,08,NONE,NONE,NONE,fail,2026.05.08(도트 문자열 문제),"오뚜기 오즈키친 토마토 | 3,980 | 100g台26219 | 영양정 | 총 내용량 | 245 | 90mg40%13g | 당튜 9g 9% | 16g30% | 다진 고기가 | 향신료와 | 트랜스지방 0.5g | 40% | 풍부하게 들어간 | 고기의와일드하고 | 45mg15%12g22% | 드라이카레 | 진한맛 | （%2.000kcal7 | 필요 열량이 따라 다를 수 있습니다. | KC | O지7O0W이용시 | 까지 | 분10 | 끝는물이용시 | 끝는물에제품을 봉지째넣고 3분간데워드십시오 | 제품명 오즈키친 포크키마 유형 즉석조리 | KR | 양우원원 | 우유,대두.밀.토마토,쇠고기,돼지고기조7 | OTHER | 号20010445055694 | ·계란 새우게.닭고기,오징어 조개류(전복, 홈회 | 오기 | 채로 투지 마십시오 | 822118 | 34659517 | RET | SECRET | RROTPE | RECIPE | 산) | 소금 | 소비기한 상단표시일까지포장재질 폴리 | 6318 | 때 화상에 및 | 车10 | 82211号 | 드라이카레 | 풍부하게 들어간 | 다진고기가 | 3,980 | 고기의와일드하고 | 향신료와 | 진한맛 | SECRET | 소비기한 상단표시일까지 | 소금 | 원료명 | 제품명 | 끝는물에제품을 봉지패넣고 3분간데워드십시오 | 끝는물이용시 | KC | 화상에 | 오즈키친 포크키마 | 트랜스지방 0.5g | 9g 9% | 영양정 | 量45mg15%12g22% | 790mg40%E个量13g | 포장재질 | 16g30% | 유형 즉석조리식를 | 40% | 고 | 총내용량 | 245 | 品 | 00g台26219 | 오뚜기 오즈키친 토마트 | 양후 | (( | 조 | · | %666 | IY융lo극 | 086' | 알 | 20010445055694 | ro MLne | T |   | .림 | 몬서 | ( | O | IY 융lo 롬극 | Hlo MooLne | JX | 5E%  | %0 | . | %666兰 | S | Cog0oo0 | 80 | 배투엇식 | 1창기인한R인   연 | nael | 오뚜기 오즈키친 토마트 | 3,980 | 100g台26219 | 영양정보 | 총 내용량 | 245 | 喜790mg40%13g | 4% | SECRET | 9g9% | 16g30% | 다진고기가 | RECTPE | 향신료와 | 0.540% | 풍부하게 들어간 | 드라이카레 | 고기의와일드하고 | 45mg15%12g22% | 진한맛 | （%2.000kca0 | 필요 열량이 따라 다를 주 있습니다. | KC | 리인지T00W이용시 | 시 | 끓는 물 이용 | 0최 | '끝는물이용시파우치 밀면(스텐딩 부분에뜨거운 물이 고여화상의 우려가 있으니 주의하십시오""개봉세용을] | .조시는것처의내용물을는곳아레로민후개봉하십시오가열후는파우치및내용물이메우뜨거위 | 제품명 오즈키친 포크키마 유형 즉석조리 | 원료명 돼지고기(국산),양파(국산),복은양파[양 | 카놀라윤(캐나다산)] 정제수 당근,마늘.토마토페이 | 양우 | 지국물농액 사액기스 비엑스 생,우스타 | 지,양조간장,설탕,변성전분 구운양파조각,체다치 | 코리안더,쿠민씨드 카레분,웬넬씨드,강황,고추가 | 카라멜색소테,카르다몸,로즈마리분,덱스트린, | 소금 | 우유.대두.밀.토마토,쇠고기,돼지고기.조? | OTHER | 소비기한 상단표시일까지포장재질 폴리 | 卫20010445055694 | ·계란 새우게,닭고기오징어 조개류(전복 흡화 | 인 u인가는·소비자기법에 따피해 보상 | 5318 | 채로투지 마십시오 | 때 화상어 | 电22119 | 오뚜기 오즈키친 토마토 | 3,980 | 100g826219 | 3465958 | 총 내용량 | 6p9 | 영양정보 | 245 | 88 | kcal | LE喜790mg40%量13g | 4% | m | CRET | SECRET | 元9g9% | 16g30% | RECIPE | RECIPE | 다진 고기가 | 트랜스지방 0.5g | 포화지방 | 향신료와 | 6g40% | 풍부하게 들어간 | 고기의 와일드하고 | 45mg15%12g22% | 드라이 카레 | 진한 맛 | 1（%2.000kcal | 개인 의 필요 열량이 따라 다를 주 있습니다. | KC | 까지 | 품생원의장신관 개봉한 후봉지피서워 |   | 1是10去 | 끓는 물 이용시 | 간70ON) | 끓는 물에 제품을 봉지째 넣고 | 3분 | 간데워드십시오 | 제품명 | 오즈키친 포크키마 | 유형 즉석조리식는 | 원료명 | 양우 | 소금 | 비닐류 | 우유.대두.밀.토마토.쇠고기.돼지고기.조 | OTHER | 소비기한 상단표시일까지 포장재질 폴리프 | 号工20010445055694 | 결람새우게,닭고기,오질어 조개류(전복 홈 | 10431 | 알 효입가능·소비자기본법에 따라 피해 호상 | 686318 | 포함 | [오뚜기 | 채로 투지마십시오·조리! | 때 화상에 | 피하고",ocr
000200,partial_wrong,2027,07,14,NONE,04,03,s1,2027.07.14(완전 잘못 파악),"오뚜기카레 | 노란 | 최고의 건강요리입니다. | 空车）100g | 2,380 | 오뚜기 카레 순한맛 | 엄격하게 선별된 원료와 오랜 향신료 블렌딩 노하 | OTOKI CURRY MILD | 재료(4인분)s | 물을 고 재료가 완전히 익을 때까지 끌입니다 | 유형 | 제조원 | 총개률 흥일기자 | 양정보 | 1회 섭휘참고 | 档4.3g | 설위참고량",ocr
000209,miss,2027,06,11,NONE,NONE,NONE,fail,2027.06.11(도트문자열),"테아린유(말레이 | 코리안데(.모로> | 는표시일까 | (내면) | 주식회사 오뚜기 | 제조원 | 십시오. | 용량 1kg | 415kcal | 영양성분 | 간편하기 따라할수 있는 | OKitchen | H한 비율 | 맛있는 요리가 한가득! | 키친l(www.okitchen.co.kr)에 | 219% | 늘러으세요 | 18% | 19% | 31% | 3% | 03 | 0% | 3% | 발생할 수 있으니 주의하십시오. | 에 | 여 주십시오.소비기한을 꼭 확인 후 사용 | ：080024-2311） | ·조리후 장시간 보관할 경우 품질 변화가 | 포장재 절단면이 날카로워 다칠 우려가 | 있으므로 개봉 및 사용시 주의하십시오 | 0% | 3% | 31% | 19% | 219% | 415kcal | 용량 1kg | ：080-024-2311） | 여 주십시오.·소비기한을 꼭 확인 후 사용하 십시오 | 18% | (내면) | 포장재 절단면이 날카로원 다칠 우려가 | 발생할수있으니 주의하십시오 | ·조리후 장시간 보관할 경우 품질 변화가 | 분,복합조미식품,식물성크림,양파 | 제조원 | A주식회사오뚜기 | DKitchen | 곳에보관하 | 말,마 | '친(www.okitchen.co.kr)에 | 맛있는 요리가 한가득 | 간편하기따라할수 있는 | 늘맛분 | ?(말레이' | '놀으세요 | 3 | ( 80: | C),코리안데.모로> | 석이 | (매거) | 행 | %6 | %8 | %91 | %91 | %8 | %8 | %0 | %E | %9E | %1 | %8 | %9 | . | ,복합조미식품,식물성크림,양파B | 테아린유(말레이 | 크리안데(.모로= | 느 표시일까 | 말마늘맛분 | 쇠고기,밀토마토우유대후 | (내면) | @주식회사 오뚜기 | 제조원 | 충북 음성군 대소면 대풍산단로 | 징어,새우계란,장조개류혼입가능소 자기본법에 따 | 여 주십시오.·소비기한을 꼭 확인 후 사용하 십시오 | 0800242311） | 용량 1kg | 415kcal | 영양성분 | 간면하기 따라할 수 있는 | )Kitchen | 맛있는 요리가 한가득 | 한비율 | (www.okichen.co.kr)에 | 219% | 늘으세요. | 18% | 19% | 31% | 3% | 03 | 0% | ·조리후 장시간 보관할 경우 품질 변화가 | 3% | 발생할 수 있으니 주의하십시오. | 포장재 절단면이 날카로워 다칠 우려가 | 이 | 에 | 있으므로 개봉 및 사용시 주의하십시오 | ,옥수수분,복합조미식품,식물성크팀,양교 | 코리안더.모로 | (일까? | 테아린유(말레이 | 분말 마늘맛분 | 쇠고기,밀,통마토,우유대후 | (내면) | 주식회사 오뚜기 | 제조원 | 3 | 충북 음성군 | 대소면 | 대풍산단로 | 징어,새우,계란,잣,조개류 | 류 혼입가능·소비'자기본법에 따라 | 는 | 주십시오.·소비기한을 꼭 확인 후 사용해십시오 | 여 | 0800242311） | 용량 1kg | 415kcal | 영양성분 | 간편하기 따라할 수 있는 | Kitchen | 맛있는 요리가 한가득! | H한 비율 | ""'(www.okitchen.co.kr)에 | 219% | 놀력으세요 | 18% | 19% | 31% | 3% | 03 | 0% | 조리후 | 장시간 보관할 | 경우 품질 | 1화가 | 발생할 수 있으니 주의하십시오. | 3% | 포장재 | 절단면이 날카로워 다칠 | 이 | 우려가 | 에 | 있으므로 | 개봉 | 및 사용시 주의하십시오.",ocr
000210,miss,2027,05,20,NONE,NONE,NONE,fail,2027.05.20(완전 잘못 파악),"2,980 | 100g号29809 | 지 | N3 | 백세카레 매운맛 | “더 맛있고 잘 녹는 과립형 카레"" | OTTOGI BEKSE CURRY SPICY | （）60g.2(25g)）700m(3%） | 물을 붓고 재료가 완전히 익을 때까지 끌입니다. | 카레라이스 | 밥위에없어내면완성됩니다 | 문,과일소스분,표고버 섯기스문말,마늘분 | 장재질 | 폴리에틸렌(내면) | 제조원 | 준실회삭 옵뜻길 | 추십시오 | 2311 | 含100g | 르는 | 오뚜기백세카레는 강황 함량을 더욱 증가시키고, | 로즈마리,월계수잎 등을잘 조화시킨 고급카레입니다 | 4外0,0。 | 2.불을 약하게한후오뚜기백세카레를 조금씩 넣어 충분히 풀면서 끝인 다음 | 형 | 명 | [곳기온징어,새으 | 후에 | 080-024-2 | 22g | 22 | 르는 | 00g号2980g | 포장재질폴리에틸렌(내면) | 료명 | 백세카레 매운맛 | OTTOGI BEKSE CURRY SPICY | 카레품목보고번호 | 카레라이스 | 2,980 | 100g | 제조원 | 20010445055183 | 0.88% | 밥 위에 없어내면 완성됩니다."" | 2.불을 약하게한오두기세카지를 조금씩 넣어충분히 풀면서 끝인 다음 | 물을 붓고 재료가 완전히 익을 때까지 끌입니다 | 82（±7）60g，2年712金(25g)量 700m|3%） | 로즈마리월계수잎등을잘 조화시킨고급카레입니다 | 오뚜기백세카레는강황함량을 더욱 증가시키고, | ""더 맛있고 잘 녹는 과립형 카레” | 088% | 소비기한상단표시일까지 | 122g | N3 | 을러 | 27 | EN | %88 | %8802 | 에서비 | 2 | 공D IEYAL | 80 | ()이 | 00 | ( | 눈 극러 | 60012号 | OY | (ㄹ)이륨 |  Y o | 공DIEY  | EN | 86 | 2,980 | 100g号29809 | [Ubel | ?지 | N3 | 백세카레 매운맛 | “더 맛있고 잘 녹는 과립형 카레"" | OTTOGI BEKSE CURRY SPICY | 오뚜기백세카레는강황 함량을 더욱증가시키고 | 로즈마리,월계수잎등을잘 조화시킨 고급카레입니다 | 2（全70）60g，2（25g）700m（3%） | 조리방법1공기 양파,감자당근을 적당한크기로썰어오뚜기식음유에 잘볶은다음 | 물을 붓고 재료가 완전히 익을 때까지 끌입니다. | 가레라이스 | 2 붉을 약하게 한후오뚜기백세카래를 조금씩 넣어 충분히 풀면서 끝인 다음 | 20010445055183 | 밥위에없어내면 완성됩니다 | 주부문,복합 | ,과일조스분,표고버섯기스문말, 마늘문 | 쇠고기,닭고기밀 토마토 우유.대두조개류(굴)함유 | 장재질폴리에틸렌(내면) | 제조원 | 주식회상 요뚜기 | [고기오징어,새으 | CH128 | 불량식유 | 후에 | 추십시오 | 80-024-2311（） | 含100g | 220 | 22 | 2,980 | 100g82980g | 869107111 | 르는 곳 | N3 | 백세카레매운맛 | ""더 맛있고 잘 녹는 과립형 카레” | 오뚜기백세카레는 강황 함량을 더욱 증가시키고, | OTTOGI BEKSE CURRY SPICY | 로즈마리,월계수잎 등을 잘 조화시킨 고급카레입니다. | (4外00g,(,30g()270g,()100g, | （）60g(25g)，700m1(3) | 조리방법 | 1.고기 양파, 감자당근을적당한크기로썰어오뚜기식용유에 잘 복은다음 | 물을 붓고재료가 완전히 익을 때까지 끊입니다 | 카레라이스 | 2.불을 약하게한후오뚜기백세카레를 조금씩넣어 충분히 풀면서끊인다음 | 밥 위에얹어내면 완성됩니다 | 카레 | 품목보고번호 | /）11号1#31.95%（25 | 20010445055183 | 명 | 소비기한상단 표시일까지 | 토마토분,유크림 | .과일소스분,표고버섯엑기스분말,마늘분 | 쇠고기,닭고기,밀,토마토,우유,대두,조개류(굴) 함유 | 장재질 | 폴리에틸렌(내면) | 제조원 | 주식회사 오뚜기 | CH128 | 가비기에따 행 | 추십시오 | 80-024-2311（） | 100 | 9 | 당류 | 22 | 시당 | 22g",ocr
000212,wrong_year,2026,12,16,2023,12,16,clahe,2026.12.16(연도 잘못 파악),"에니요 | U23.12.16까지 | 1:165F17L | 쇠고기스프 | 은, 신 들영이 품부하고 | molle | 수 으로니다 | 다있다! | HACCR | OTHER | 고 끝을 때까지 | 놓지 않도록 가끔 저으면서 | 불에 | 시작하면 | 3분 간 더 끝이면 맛있는 | ㅅ프가 됩니D",ocr
000215,wrong_year,2026,10,14,2020,10,14,clahe,2026.10.14(텍스트 흐림 문제 발생),"·참전물 또는 | 유래 성분이므로 안심하시고 사용하셔도 | 됩니다. | ·보관 중 갈변이 발생 할 수 있으나 과실 | 모조라임 | 농축액에서 나타나는 자연적인 현상이므로 | 안심하고 드셔도 됩니다. | ·본 제품은 소비자기본법에 | 의거 교환 또는 보상. | ·부정·불량식품 신고는 | 2150 | 1399 | ccM | AACCP | 소비자중심 | ∞ | 이상 레시 | 2개 | uaRR | 마지 | 이상구매시 | 2026:.10.14 20:02 | 11,980 | 홍초 | 명사삼품 | 정정원 | 2개구매시 | 10ml1 | 50 | 1기이스/점/· | 15 | 1051",rule_possible
000216,wrong_day,2026,03,16,2026,03,01,s1,2026.03.16(1과 6이 너무 떨어져있었음. 띄어쓰기 문제 발생),TIAS TO BE HEINZ | 3 AS A KIOK TO YOUR | [HOW TO USE] | IT HAS TO BE HEIN2 | 4.FRIED DISHES? | SPECAL WITH HEINZ | 2. MAKE YOUR TACO | TZNIEN | 소비기한 | 2026. 03. 1 6 | 8801065002990,rule_possible
000226,wrong_all,2027,03,15,2015,03,27,s1,2027.03.15(거꾸로 계산한 것 같음. 2015.03.27로. 왜냐면 27이 2027이 아니라 27로 돼있음. 확인 필요),27150 | 2개5 | 5c | 2개5 | E | 27.03 15 19:23 1지 | 맛술 | 고기 요리는 미림 3큰술로 | 고기를 부드럽게! | 맛술 | 갈비 불고기,rule_possible
000232,miss,2027,11,26,NONE,NONE,NONE,fail,2027.11.26(텍스트 색깔 = 배경 색깔),"15.980 | 사용기한 및 제조재P1, P2): | TOTAL | TOTAL | 7 | 메디컬혀브 | 제조번호:튜브 상단에별도표기 | INAOOS | 사용기한 및 제조재(P, P2):- | 제조번호:튜브상단에별도표기 | 메디컬허브 | 15.986 | SODYNE | 1VOT0 | TViO | 15.900 | 15 | 제조번호:튜브 상단에 별도표기 | 사용기한 및 제조재(P, P2): | TOTAL | TOTAL | 메디컬혀브 | 15.930 | [Unbel | 제조번호:튜브 상단에 별도 표기. | 사용기한 및 제조재(P1P2):- | TOTAL | TOTAL | 7 | 메디컬혀브",ocr
000234,wrong_all,2026,10,27,2027,10,26,s1,2026.10.27(날짜 거꾸로 읽은듯) 261027로 돼있었음,Dove | Dove | 037 090525 21:26 | R3 EXP 261027 | 도브스칼프 너리싱샴푸 | 너리싱삼푸를 만나보세요. | √약해진모발과 큐티클걸에 | 단백질&영양공급,rule_possible
000244,wrong_all,2026,06,21,2025,08,22,s1,2026.06.21(도트문자열),2025.08.22/00132 | 026.06.2 | 부터 | 까지,partial_in_text
000246,wrong_all,2026,02,04,2025,09,05,s1,,이탈리아 쉐프 | 마리오 파타타 | ROFILE | 이탈리아어로'감자'를 뜻하는 | '파타타쉐프의 대표 요리는 | 감자그라당양념바베큐어니언 | 등이 있습니다. | 25.09.05 | 26.02.04 | 부터 | 05:40A01F4 | 까지 | 식품인전관리안을 | OTHER | HACCP | 801117175280,rule_possible
000249,wrong_all,2026,02,16,2025,09,17,s1,,"신)볶음참께,구운천일 염 | 두토마토,쇠고기,닭ㄱ기, | 우함유 | 리에틸렌 | 장재질 | 2018060302219 | 달갈,우유,땅콩,호두,복숭아되 | 지고기,오징어,게,고등어,조개루 | (굴,홍합)혼입 가능 | 오리큰 소넥을 인터넷에서 만나. | htp://www.orionworld.com | 2025.09.17 | 2026.02.16 | 부터 | 기한 | 07:36A01 | 까지",rule_possible
000255,miss,2026,08,20,NONE,NONE,NONE,fail,2026.08.20(도트문자열),号130g（32.5gx4号） | 32.5g)175kcal | 6%异11g11% | 6g40% | 8802259026501 | % | 개인의 필요 열량에 따라 다를수 | 까지 | 6g40% | 6%11g11% | 32.5g）175kcal | 130g（32.5gx4号） |  이 이 | 8 | % | % | 개인의 필요 열량에 따라 다를 수 | /YL | %9 | % | 6% | 130g（32.5gx4号） | 32.5g）175kcal | 6%异11g11% | 6g40% | 880225902650 | % | 개인의 필요 열량에 따라 다를 수 | 가시 | 130g（32.5gx4号） | 32.5g）175kcal | 6%异11g11% | 6g40% | 8 | 1802259026501 | % | 개인의 필요 열량에 따라 다를 수 | 까지,ocr
000263,miss,2028,01,22,NONE,NONE,NONE,fail,2028.01.22(도트문자열 + 캔 재질),"양반 | 양반 | NO.7 | 기름김 | 양반김 | 들기름김 | :40 | 반 | 보관 | ·· | 개용, | 들기름김 | 철단 | 을<를 | 는 | 일 | 보관 | 르 | 물<를 | 'ON | VO. | 양반김 | 들기름김 | 20 | 양반 | NO.1 | 종은문아동이그음 | 들기름김 | 기름김 | 양반김 | 9. | [n1b | 동신자 | 고등 | …",ocr
000287,partial_wrong,2027,02,18,NONE,01,06,s1,2027.02.18(뭘 잘못 읽은건지 모르겟음),"조리예 | 06066 | 66666 | 300~350m1 | 끝는 물에급물내기한알 | 1개를 넣고 3분간 풀어줍니다. | ~2컵)를 끝여줍니다. | 물어진 국물에 | 소비기한 후면 별도 표기일까지 | 영양정보 | 100g | 식품유형 복합조미식품 | 295kcal | 号件2024068342470 | 총 내용량당 | 1일 영양성분 | L三云8.290mg | 기준치에 대한 비을 | 탄수화물54g | 415% | 당류 13 g | 17% | 지방1.6g | 13% | 대두,밀,쇠고기 함유 | 트랜스지방0g | 39 | ·국산) | 포화지방0.8g | 콜레스테롤95mg | 32 | 단백질16g | 29 | %200 | 기준이므로 개인의 필요 열량에 따라 다를 수 | 소비자중심 | 1 | I11 | 080-019-9 | DAESANG | www.daesang. | 분리수거를 생활화 ",ocr
000288,miss,2028,07,25,NONE,NONE,NONE,fail,2028.07.25(도트문자열 + 캔 재질),202930725 | LE 만,ocr
000289,miss,2030,07,23,NONE,NONE,NONE,fail,2030.07.23(도트문자열 + 캔 재질),030.02 | sue스E tn:t | LODEO | E트- -D DEO | [Uunll,ocr
000303,wrong_year,2026,07,31,2020,07,31,s1,"2026.07.31(연도 실수, 도트문자열)","号450mlm | 양지고기 | 풀어주세요 | 부드러운 | 남해안산 미역 | 더 끓여주면 맛있는 | 간이달라질수있으니 | 소(고기,조개류(굴,바지락)함유 | 가지 | 남실 및 구입 | 냉동보관 | 반품 및 교환장소 고객상 | -84 | 1000 | 비닐류 | kcal. | O DAESANG | 영양성분 | 139 | OTHER | 한비율 | 72 % | 소비기한: | 2% | 1% | 20.07.31 | 13 % | 까지 | o고객상담실 | 12 % | 3% | 80019-9119） | 9% | 8801052130583 | 18C이하 | 소비자중심 | 냉동보관",ocr
000305,partial_wrong,2026,02,24,NONE,01,02,up2x,2026.02.24(도트문자열 + 비닐 구겨짐),"소비기한: | 까지 | HOME:ings(호밍스)는?나만의 공간에서 나의 시간을 만드는편리함에 | 여유와 맛까지 생각하는 청정원의 가정간편식입니다. | ·엄선한 원재료로 깊고 진한 풍미 | 조리방법 | 양지를 가득 | 직접 가일 시 (원팩/2인분 기준) | 2mm두께로얇게썰어 | -냉동 상태의 제품을 봉지째로 찬물에 20분 이상 해동해 주세요 | 부드러운 양지살을 가득 | -해동한 제품을 개봉하여 님비에 붓고 중불로 가열해주세요 | 양지&야채육수사용 | -해동되지않은 부분없이 끌기시작하면 1-2분더여드세요 | *오래 끌이면 깔 수있으니 조리 시간을준수하여 주세요 | 진할 양지육수와 갖은 야채를 | 으린 을수를 함께 넣어 깔끔하고 | 끓는 물사용시(원팩/2인분 기준) | 깊은 국물 맛 | -끝는 물에 냉동 상태의 제품을 봉지째로 넣어 주'요 | 알록달록고명까지듬 | 1315 | 대파, 계란지단을 듬뿐넣어 | *제품을 꺼내실 때 화상에 주의하세요 | 푸짐하게 | 제품명 나주공 | 식품유형 즉석조리식품(가열하여 섭취하는 냉동식품/실균제품) | 원재료명 | 및교환 | 晋号早卫包堂20100370135373 | 내포장재질 폴리에틸렌 | 2115-84",ocr
000313,partial_wrong,2026,03,17,NONE,03,01,rot90,2026.03.17(도트문자열),제품명 | 지퍼포장 | 스ㅇ스-ㅇ3-1구까지 | →고온 복사! | 진동 효과 | 고온의 공기를 | 튀기지 않아 담백 | 1979 | 곡물 장인의노 | 국산 사양벌꿀과 비 | 질리지 않는 딘 | 고온 복사열로 구워 | 유탕처리 NO! | 바삭 바,ocr
000355,miss,2028,06,17,NONE,NONE,NONE,fail,"2028.06.17(도트문자열 + 캔 재질), 통조림 인식 많이 부족",3028.06.170 | 14.25 | 028.06. | 825 | K92 | SZADT | 42190820 | 328.06.0 | 00 | I | 9028.06.170 | 14F,rule_possible
000356,wrong_md,2027,09,16,2027,03,17,s1,2027.09.16(완전 잘못 파악),"제조원 | 566 | 유통전문 | (주)사조대림/경기도 | 판매원 | 125 | 포장재질 용기-폴리에틸렌테레프탈레이트 | (내면)우껑-폴리에틸렌 | 199104430241681 | 보관방법실온보관(개봉 후 냉장보관) | -본 제품은 공정거래위원회 고시소비자 분쟁해 | 결기준에의거 교환 또는 보상받을수 있습니다. | -반품 및 교환장소:구입처 및고객상담실-고객 | ：080-900-6133(）dr.sajo.0 | .kr-본제품은 밀,달갈,대두,우유,고등어게,새우 | 쇠고기,닭고기오징어 돼지고기 토마토 메밀,땅 | 콩,복숭아, 아황산류 호두 조개류굴,전복,홍합 포 | 함)를 사용한 제품과 같은 제조시설에서 제조하 | 고 있습니다.-원료에서 기인한 침전물이 발생할 | 수 있으니 흔들어서 사용해주세요. | 1399 | LDPE | 8801039006610 | OTHER | 소비기한 | 2027.03.17 A | 500g/10032kcal | 0% | 7,886mg 394 %不0g | 2% | 트랜스지방Og | 탄수화물5g | 3% | 포화지방0g 0% | 당류3g | 5% | 0mg0%3",partial_in_text
000358,miss,2027,09,16,NONE,NONE,NONE,fail,2027.09.16,SAUCE | 2027.0916城 | 량에 | 2027.0916瓶 | 절취선 | 라벨과 페트를분리하여 | 재활용해주세요 | M91602202 | HNGSAUCE | 8H | M91602202 | 재활용해주세요 | 라벨과 페트를 분리하여 | 절취선 | 2027.0916 | HNYSAUCE | 586% | 3% | 9% | 어의 | 0% | 6% | 요영량에 | 2027.0916瓶,rule_possible
000360,miss,2026,02,18,NONE,NONE,NONE,fail,"2026.02.18(빛 때문에 일자가 약간 가려짐, 추론 필요)","26: : 1 | 마지 | 아류멸치볶음 | 간편하게 | 즐기는 | 첨가 | 청정원이 만든 더욱 맛있는 반찬 | 견과류와 멸치를 따로볶아 더 고소하고바삭합니다. | 청정원견과류멸치볶음 | 식품유형 | 조림류(살균제품) | 후면상단표기일까지 | 품목보고번호 | 20030449009549 | （135℃） | 내포장재질 | 폴리프로필렌 | 환장소 고객상담실 및 구입처 | 1206菱 | 한장 | 물질 | 아류멸치볶음 | 후면상단표기일까지 | 청정원견과류멸치볶음 | 합조미식품,변성전분, | 티나,미국,베트남등), | 닭고기, | 청정원이 만든 더욱맛있는 반찬 | 1객상담실 | 구입처 | 볶음참께 | 내포장재질 | 품목보고번호 | 식품유형 | 폴리프로필렌 | 조림류(살균제품) | 1 | 첨가 | (x) | 륨 | 33 | 눔 | V.4E~어 |  ) | 9 | 성 | (OSE~) | 륨 | 연식 | () | M | 아류멸치볶음 | 간편하게 | 즐기는 | 첨가 | 청정원이 만든 더욱 맛있는 반찬 | 원반찬은?내가족의 맛과영양을위한 현명한 선택입니다. | 견과류와멸치를 따로볶아 더 고소하고바식합니다. | 청정원견과류멸치볶음 | 식품유형 | 조림류(살균제품) | 후면상단표기일까지 | 품목보고번호 | 20030449009548 | 1~35℃） | 내포장재질 | 폴리프로필렌 | ) | 합조미식품,변성전훈, 부음참께 | 물짓 고기,후유,말 대두 조개류(굴),쇠고기 함유 | 관장소 고객상담실 및 구입처 | 2133 | 원 | 대상주 | 0 | 6층 | 자류멸치볶음 | 간편하게 | 즐기는 | 첨가 | (사카린 | 청정원이 만든 더욱 맛있는 반찬 | 원 반찬은? 내 가족의 맛과 영양을 위한 현명한 선택입니다. | 견과류와멸치를 따로볶아더 고소하고 바식합니다 | 청정원 견과류멸치볶음 | 식품유형 | 조림류(살균제품) | 후면상단표기일까지 | 품목보고번호 | 20030449009548 | 1~35℃） | 내포장재질 | 폴리프로필렌 | 합조미식품,변성전문,볶음참개 | 발물질 | 닭고기,우유,밀,대두, 조개류(굴),쇠고기 함유 | 환장소 | 고객상담실 및 구입처 | 대상점 | 号1206含",ocr
000361,partial_wrong,2026,12,19,NONE,05,07,up2x,"2026.12.19(빛 때문에 일자가 약간 가려짐, 추론 필요)",샘표 | 깍짝할 새에 밥 한공기 | 해치우게 하는 | 스쏙싹싹 밥도둑! | 싹싹 | 발도둑 메추리알 장조림은? | 나뜻 킬칼 | 70년간 변함없이 | 국산과리추 | 사랑받는 | 샘표의 깊은 간 | Since19 | 6가지 국산 야채로 | 맛을 낸 비법장즈림 소스 | 19840533006114 | 품목보고번호 | 후면표시일까지 | 소무기한 | 폴리프로필렌 | 포장재질(내면) | 서울특별시 중구 충무로 2 | 9.33%[（ | 야채습S 5.7%{아채추출여과액 | 4%. 범베이 | 처야고츠,ocr
000368,partial_wrong,2026,09,22,NONE,04,02,s1,2026.09.22(도트문자열),RECIPE | 영양정보 | 240/kcal | 고기를잘게 | 다져 구현한 | L直喜960mg48%E个量134% | 정통 유니짜 |  11g 11% | 15g28% | 4.2g28% | 트랜스지방 0g | 量40mg13%E13g24% | （%2.000kcal） | 개인의 필요 열량에 따라 다를 수 있습니다. | 비닐류 | 까지 | OTHER | 끓는물이용시 | 1促10岁 | Z（700W） | 끓는 물에 제품을 봉지째 넣고 | 3분 | 간데워 드십시오 | 0초 | 지 개봉하여 주시기 바랍니다.|' | 제품명 오즈키친 정통직화유니짜장 | 유형 | 즉석조리식품 | 인드 선정,ocr
000370,partial_wrong,2026,09,02,NONE,03,04,rot90,"2026.09.02(도트문자열, 빛으로 약간 가려짐)","-019-91) | F12503 | A고객시 | ·부정·불량식 | 교환장소:곡객상담실 및 | 1399 | 소비자기본법에 의거 교환 | 포함)·아황산류 홍입 가능 | 땅콩 | 선을 | 남실 | 폴리에틸렌 | 적 한번에 드십시오 | 표 | 1일까지 | 화짜장 | 울특별 | 우유,대두 | 앉불베이스 | 풍미분말 | 밀:미국산 | OTHER | 비닐류 | [Unll | 종 | 8 | 801052 | 영양정보 | %200 | 단백질6g | 콜레스테를Omg | 3.4g | 275 kcal | 포화지방09 | 트랜스지방09 | 120.6 | 94- | 20g | 해조칼슘 | 0 | 55 g | 최고 | mg | 준치에대한 | 1일",ocr
000373,partial_wrong,2026,09,18,NONE,05,01,s1,2026.09.18(도트문자열),"우리쌀쇠고기 스프 | 식품유형 축석조리식품 | 소재지 | 입가능성이있습니다. | 1일영양성분 | 총내용량당 | 총내용량당 | 기준치에대한비를 | 영양정보 | 기준치에대한비를 | L三号1,360mg | 68% | 지방5.1g | 9% | 탄수화물45g | 14% | 트랜스지방0g | 총내용량60g | 당류17g | 17% | 포화지방3.1g | 21% | 237kcal | 콜레스테롤10mg | 3% | 단백질2.8g | 5% | 소비기한 | HACCP | 로므르트스 모크, 1들 | 비닐류 | OTHER | 8809847090135",ocr
000374,wrong_day,2026,08,28,2026,08,20,s1,2026.08.28(도트문자열),"식 그대로 재료 본연의 값은 맛 | Donguor | 단괄죽 | 1등 | 420g | 소비기한 | 광주광역시 광산구 하남산 | 2026 . 08.20 | (www.dongwonfnb.com) | 도시일까지 | 12.0%（) | 밤7.0%,설탕,비타민C,산 | 든든한아침을 책임지는 | 금, 산도조절제B),고운앙금 | 한끼 건강식 양반죽 | 설탕,정제수,팔24%, 물엿,정 | 雪5.7%（香60%叫 | 양반죽은 전롱죽에현대적인 가치를더하여 | 정제소금 | 모든재료를한번에 넣고오랜시간저으면서끌여내는 | 폴리프로필렌 | 19950227050186 | 양반죽은 맛과영양을제대로 담아내어 | 한끼의품격을을리는건강식입니다. | 토,돼지고기,메밀, 알류,땅고 | 아, 아황산류대루,밀,쇠고기,조 | 굴포함),오정어,새우,우유게 | 양반죽 1등비법 밤단팔죽은? | 용한제품과 같은 제조시설에서 제 | ·보관방법:1.실혼보관(냉장및 | 재료 본연의 맛이 살아 있는 | )2.개봉한 제품은변질의 우려가 | 쌀알이굵고깨지지 있은 | 한번에 드십시오.·조리 시 제품과 | 국내산 참쌀과 입쌀 | 나안전사고에 주의하십시오 | 에 손을 베일 수있으니 주의하십실 | 3(무)첨가",partial_in_text
000378,miss,2026,05,29,NONE,NONE,NONE,fail,2026.05.29(부터/까지도 없고 달랑 숫자만),2905 | 202540 | 29052026B1 | FLAVOUR | CHICKEN | naak | GEMEL | 맛이어 | M | 이 | (g | N | 6 | 6 | yoDua | 05 | 9 | 4 | m | GEME | 5 | Enaak | 6 | 9 | 9 | 2 | 2 | 0 | CHICKEN | FLAVOUR | 맛있어서 | Time | solo | awll | MOA | 2905 | 202540 | 29052026B1 | FLAVOUR | CHICKEN | GEMEL | ro | 29 | 05 | 2025 | 40 | 2026 | B1 | 29 | 05 | FLAVOUR | CHICKEN | GEMEL | aak | Ready To | 맛이어,rule_possible
000379,partial_wrong,2026,09,05,NONE,02,13,s2,"2026.09.05(추론 필요), 근데 연도는 웬만하면 26,27,28 등이 고정돼있는듯","영양정보 | #LH159 | 三喜2mg0%E个量14g4% | 13913% | 클레스테Omg0% | 단백질0g 0% | 050926 | 18049731306914 | 2.13 | 50693519301171138095480 | 식품유형 캔디류 | LH15g（60kcal） | OTHE | 원재료명 | 포장재진 | 구연산,구연산심니 | 6Ukcar | 기춘이으로 개인의 필요 열량에 따라 다를 수 있습니다. | 소비기한: 읽는 법 (일월년 순)BEST BEFORE: (DDMMYY)",rule_possible
000395,miss,2026,03,15,NONE,NONE,NONE,fail,2026.03.15(도트문자열),농심 | 인생을맛있게 | 농심 | 티범벽(6입) | 범벅 | 8801043015622 | 101003536 | 피범벅(6입) | 농심 | 인생을맛있게 | 농심 | 문욱 | 문욱 | 9) | (9)) | 무욱 | 0농심 | 인생을맛있게 | 농심 | 범벅 | 8801043015622 | 농심 | 까파 | 인생을 맛있게 | 농심 | (티범벽(6입) | 101003536 | 범벅 | 8801043015622,ocr
000406,wrong_all,2026,08,27,2028,08,05,s1,2026.08.27(텍스트색깔 = 배경색깔),5.08.28 40- | 경기 연천 먹는생물 | 갈승lC | 무기물합량(mg/L) | 241~28 | 칼습(Ca) | 나트륨(Na) | 칼륨(K) | 그승Me) | 불소(F) | 211~28.1 | 3.9~4.9 | 5.0~6.8 | 0.0~0.1 | 835-3568左 | 개업소명및,ocr
000415,miss,2026,05,27,NONE,NONE,NONE,fail,2026.05.27(텍스트 겹침),아삭아살 새콤달콤한 | 영양정보 | 60g/15kcal | 8809307 | 노뜯는곳 | 1390034 | 냉장보관 | OTHER | 뉴스마스마 | 영양정보 | 락교기 | 60g/15kcal | 아삭아삭 새콤달콤한 | 생장보관이 | 8093 | 노뜯는곳 | 운극릎스 | PH스 | 나기며 | 운극릎스 | URU5 | 누3 | 아삭아삭 새콤달콩한 | 3 | 양정보 | 4860g/15kcal | 8809307 | 390034 | 量391%弄00.8% | 0% | 냉장보관 | OTHER | 아삭아삭 새콤달콤한 | 락고기 | 영양정보 | 4860g/15kcal | 88093071390034 | 비닐류 | 냉장보관 | OTHER | 뜯는곳,ocr
000416,wrong_year,2026,04,07,NONE,04,07,rot90,2026.04.07(도트문자열),GO!~ | 2328.04.07 | 소비기한,ocr
000429,miss,2026,01,04,NONE,NONE,NONE,fail,2026.01.04(도트문자열),"CUPOF | RESPEGT' | 생산하도록고 있습니다. | —MESCAFE 0 1938-- | 식품유형 커피 업소명 및소재지 | 제품명테이스터스 초이스 마일드 모키 | 98104500245 | 소비기한 | 이미지예 | Nete | 백안상식 | 에게 이야기 하세요 | N2765080-730-536 | T2mg | g | 비널류 | 41043134/ | OTHER | Nestle. | RESPEGT | MESCAFE01938- | CUPOF | 98104500245 | 100%（ | 지속 가능하 | 상생협력을 통해 | 커피 한 잔에 담은 | 이미지예 | 품질 | 네스카페의 약속 | 커피원두를 | 00 | 0 | 와 | nse | 한 | 회AV | sed | 이 | RN | 이미지 예 | 케피한 잔에 담크 네스카페의 약속 | CUPOF | 지가고으 | RESPECTO | 생산하도록 고 있습니다. | 네스카페와 함께, 더나는 하루를 만드세요! | NESCAFE01938- | BEAN | 제품명테이스터스초이스 마일드모키 | 식품유형커피 업소명및소 | lesoe | 한상식 | 00 | 9810410245 | 것으 | ·품질 보존을위해 개봉 후에는 건조하고서늘한 곳에 반드시 밀통 | 영지  | 커피의 맛과을 가직하세요 소· | 에게 이야기 하세요 | X27869/086-730-5336 | 소 | 이D  전에는 | 72mg | DtL-t | n비기한e | 880 | 바분류 | 41043184 | OTHER | vestie. | 기 있다. Go od, O  의  부 영에 대 의  | 이미지 예 | 커피 한 잔에 담권 네스카페의 약속 | 네스카페는요커피 부과 | CUP OF | 지고리  재 으로 | 모 | RESPECT' | 생산하도록 고 있습니다. | 네스카페와 함께, 더나 하루를 만드세요! | NESCAFE 0 1938- | 식품유형 | 테이스터스 초이스 마일드 모키 | 커피 | 업소명 및 소재지 | 제품명 | 롯데네슬레코리아 주식회사| 충청북 | Neste | Gent tos, Goo5 1t | 소비기한 | |아래에 표시된 일자까지 | |원재료명 및 함량 | 100%（） | A한 상식 | 한의 표민 방신인 | 의국산)포장재질(내면) | 폴리에틸렌 | 19810415002415 | R로쓰은 출리체의 일중으로 세B이 | 선스의 활동을 먹는 것으로 | 품질 보존을위해개봉 후에는 건조하고서늘한 곳에 반드시 밀봉보 | 커피의 맛과 향을 간직하세요 질소전·본제물은 공정리유원고 | 레에게 이야기 하세요 | 080-730-5335 | 소비장해결기준에의거,환 보상으을수 | 스초이스 마일드 모가 한 집에는 | ·：080-730-5336· | 1399 | 이 입나 어 있나요? | 72mg | Ds | 5 | 소비키한 | 8801055209 | HACCP | 비닐류 | 41043194/20874 | OTHER | Ns기하니다 CFd,G    대한의 ",ocr
000433,wrong_md,2026,08,05,2026,03,05,s1,2026.08.05(빛 번짐),유기농 가루녹차 | 50 g | 식품유형 | 고형차 | 100%（) | 포장재질 | 대포장:폴리프로필렌 | 보관방법 | 실온보관 | 제조원 | (주)티젠 |  80-23 | 기한 | W2026.03.05 | 나·부정·불량식품신고 | 보관상주사항: | 보 | R.2및문의 | eazenmall.com | M1580247室,partial_in_text
000437,miss,2025,11,19,NONE,NONE,NONE,fail,2025.11.19(텍스트 조금 겹침),[Ue] | 행사상품 | 뉴케어 | T103070500E | 25 | 1119 | 흔들어드세요 | -ZmTO | 뉴케어 | 103070500E | 19까지 | n 오 | 흔들어드세요 | kolk욕 | OWZ4 | -ZmTO | S2 | kolk욕 | 뉴케어 | LLT103070500E | 25 | 11. | 19까지 | 17 | 32 | 은들어 드세요 | oamz- | [Uae] | 생사상품 | bl | 뉴케어 | T103070500E | 1119 | … | 흔들어 드세요,rule_possible
000438,miss,2026,02,19,NONE,NONE,NONE,fail,2026.02.19(도트문자열 + 통조림),1특제 | 226821908:56 | 388 2412288138852EH9 | 24 | TAYL | aPco | unb | 1름지 | 21 | 1988:56 | 368 | 226813885EH | 24개 | nbel | 1등 지 | 26268219186:56 | 813882412268138852EH9,ocr
000440,miss,2026,08,13,NONE,NONE,NONE,fail,2026.08.13(빛 번짐),"25:88:13 |  근탁주 | m6% | 포이 | 천동 | 当（7.927% | 기(국산,주산), 입국,모 | 니(감미료) | 시일까지 | 밀함유 | 우기 |  서한 곳에 보관 | 동백 | 는기형아출생위원을높입니다. | 011399 | 늘한 곳에 보관 | 페닐알라닌 함유), | 손상이나 치매를 | SN | ,입국,효모 | 927 | O: | de | 므 | 나프 | :8: | 천동 | 포이 | 밀 | 용 | '논명 | 0079- | ()h | “%∠26< | 90 |   | 듣동:8:마파지 |  식유형 실근탁주 | 0m | 포 | 천동 | （47.927% | 분6% | 가루(국산,주산), 입국,모 | 스(미,페널알라년 함음), | 니트(감미로) | 가시일까지 | 밀함유 | 고 서늘 곳에 보관. | 9 | 6400 | 01399 | ,기역력 손상이나 치를 | 는아 을입니다 | 25:88：13 | 리 식품유형 상근탁주 | 200ml | 예탄올함량알콜분 6% | ，（）7.927% | 가루(미국산,호주산), 입국,효모 | 이 | 나스파탐(감미,페닐알라닌함유) | 카린나트륨(감미료) | 용가상단표시일까지 | 밀함유 | 우기 | 중산을 미하고 서늘한 곳에 보관. | 0532-6400 | 300150833 |  이 | 1 |   다 | 이동백은",ocr
000441,wrong_md,2025,12,15,2025,02,13,clahe,"2025.12.15(도트문자열 + 숫자 많음?, 부터/까지 없음)",6개 | 8.25%（卫） | 午85mLx67H（510mL/510kcal） | 아이스주스 | 얼려먹는 | Freezer Pop | 글&배 | o수 | 7（60%） | 2025. 2: 13,partial_in_text
000446,wrong_year,2026,04,11,2025,04,11,s1,2026.04.11(빛 번짐),2025-04.111N | 누국가 | 나 | HYDRANGEA TEA | 32g0.8gx407H2） | 수국 22% | 꽃샘 수국차,ocr
000452,miss,2026,03,25,NONE,NONE,NONE,fail,2026.03.25,고래밥 | 법 용양녕1P | 640 | 돌고래() | 꽃게(어보세) | 4 | 망치상어(승임체) | 흰동가리(아네모네) | 기성비 | 복어(요리보고) | 거북이(메말부기) | 소비 | 부터 | 기한 | 까지 | 가재(집기가재) | 망치상어(송망체) | 흰동가리(아네모네 다랑어링하 | 돌고리(인들민) | 꽃게(어보에 복어(요리보고 거북이(메말부기) | 기한 | 고래법 | 6 | AH2C | ) | AY | 기 | 곳 | 는 | AR' | (XILA)HY-HL | AY | ( | (28) | R | AH2C | 19E | 메모리 게이 | 고래압 | 돌고래(엔를민) | 꽃게(0보) | 복어(요리보고) | 거북이(에탈부기) | 4 | 부터 | 기한 | 까지 | 2) | 가재(집게기재) | 망치상어(망체) | 흰동가2|(아네모네) | 다랑어(량해) | 메모리게임 | 고래밥 | 대법 봉용양녕1P 4 | 640 | 돌고래(엔물핀) | 꽃게(여보게) | 복어(요리보고) | 거북이(에탈부기) | 타피 | 소비 | 부터 | 기한 | 까지 | 가재(집계가재) | 망치상어(송망체) | 흰동가리(아네모네) | 다랑어(띠링해) | 사성비,ocr
000453,wrong_all,2026,01,26,2025,08,27,s1,,"E카리 | 유말레이시아산,고을레산 | (스페인산,아르헨티나산,우크이 | 양파맛시즈닝(양파분말(양파국) | 100% | 어니언 미국산,아스파탐(감미료) | emOriginal | 제철햇포카칩 | 19870415003246 | ·달길,영공,호두 복승아 | 덜햇감지 | 홍합 포함)혼입가능·제 | 의한 피해보상·고객센터: | 유리온 | 5700（）1522-4002 | 온·도가 낮은 곳에 보관 | 리 드세요·부정·불량식 | 2025 | 1399·外对：家于 | 보이는 겁은 반점은 감자 | 민간감자95 | 소 | 실처럼보이는것은 감자 | 이는 밝은 반점은 파맛 시 | 고충가루이므로?심하고 드 | 영양정보 | 위한 신품종 감자 개발! | 30 | 3000 | 나트륨 95 mg | 직접 농가를 방문하여 | 168 | 5% | 34日 | 꼽끔한품질체크까지 | 당류1일미만 | 1% | 28 | 지방11 | 트랜스지방0 | 9438 | 다양한 정보는 | 콜레스테Omg | OR코드로 | 단백질28 | 확인할수 있습니다 | 소비 | 25·08.27 | 기한 | 26.01.26 | 부터 | 08:38C05 | 까지 | 8801117760304",rule_possible
000459,partial_wrong,2026,01,19,NONE,07,29,s2,2026.01.19(빛 번짐),"농협 | 떡국 | 철원오대쌀 | 의 | 국산쌀로만들어쫄지하며 | 0 | 난곡물 | 10 | (周150g,13g) | 99.5% | 유통전문 | 7.29% | 국산원 | 물시골분말 | 426.01.19 | 2 | 쇠고기 항유 | 루 | 3.약 2분 후 내용물을 골고루 저어주시고 맛있게 드세요 | 한또는 보상법 | 알큼에 민감하니 | *부정-불량 | 습니다. | 163390kcal | 元202%/内21g4%#00 | 0gg15% | 163g(390Kcal) | 조리예 | 공는물에 | HACCP | 1.포장된 떡과 스프를 개봉하여 용기에 담아 주세요 | 주의사항'이지 | |조리방법2.용기 안쪽 표시된선까지 끝는 물을 붓고 뚜껑을 덮어주세요 | 같은 제조시설 | 조리예 | OTHER | 209-720130473042 | 아니므로 드시P | 일지 | 쇠고기 | 080-399-9988) | 데밀,탕콩,고등어게 새우, 복숭아, 아황산류,호두,닭고기,오징어 조개류/굴,전복,홍합 | 은제조시 | 고 있습니다.이 제품은 공정거래위원회 고시 소비자분쟁해결기준에 의거 교 | 있습니다.""본 제품은 식품용 주정이 포함되어 있어 떡 개봉시 약간의 냉새가 나며 | 旦量1720mg86%午站量85g26% | 에 주의를 해주시기 바랍니다.떡에 동봉된 탈산제는 인체에 무해하나 식용이 | 니므로 드시지 마십시오.제품중 일부 검은은 쌀눈의 일부분 이므로 안심하고 드십시오 | EN",rule_possible
000463,wrong_day,2027,02,14,2027,02,01,s1,2027.02.14(도트문자열),"열림 | 달함 | 닫힘 | 백설 | 영양정보 | 설 | 제품명 백설 소불고기양팀 | 식품유형 소스(실제품) | 500g | 제조원 씬산이연부 | 씨제이제일제당(주)충청남도 | 불고기월 | 모장재질(내면)응가-유리두껑-폴리염화비널 | 탄수 | 소비기한하단표기일까지 | 소불고> | 품목보고번호 | 20020464088-34 | 일새료명 합간장(아미노산역(탈지대두 | 100% | 국산배·사과 | 조리예 | 내두,밀함유 | 500g | 번품및교환장소 전국판매점 | (925 kcall | 고기1 kg용 | 까지 | 2027.02.1 | 05:31 | AB6 | 明 13.2 % 暂导",partial_in_text
000468,wrong_all,2026,04,06,2025,06,10,s1,"2026.04.06(빛 번짐, 텍스트 작음)","4,3 | 킨더조미 | 완구 원신지:배른남 | P 10 06 2025 | E06 04-2020",ocr
000473,wrong_md,2026,05,21,2026,03,01,up2x,2026.05.21(빛 번짐),"3 | A | 쓴디 | 2봉지더! | 25%풍량U | 고소함이 가득! | 라자름 | 275g | D40.5 | 2026.03.01 | [nabe] | [uUnllael] | PBN | IBP1수수 | 서 | HACC | ORIGINA | 2 | 리돌이 | 话160g | 당류 | 지방 | 렌스지방 포화지방 클레스테용=단백질 | 号号：刘1211530室 | 30-0899065 | 8% | 20% | 32% | 0g | 0% | 16% | ）/160g（694kca | 18g | 19 | 5 | 0.ng | 99 | 000 | 준이므로 개앤의 등요일량에 따라 다를 | 2026, 05.",partial_in_text
000475,partial_wrong,2026,07,30,NONE,08,02,s1,2026.07.30(숫자 텍스트 많음),eclipse | 이 | XE로 | cipse | BEST BEFORE | 30/07126B19 | 5069870 930249 8-2-0345-22 1125-4,ocr
000480,wrong_md,2026,06,04,2026,07,21,s1,2026.06.04(DAY가 약간 흐림),"보리가4.5% 함은 | 026.07.21 | ZERO | 연양갱 | 미료(아세설탐칼륨,수크람로스 | Red Dean Pasre Jell | 식품 | 교환장소구입상점 | 취시설사를일으킬수 | 30'C 이하에서 낮은 습도로 보관 | 정상 표면에 기포가 발생할 수 | 정보 | 300g（50g | 12（50g）95k | 33g | 유5g | 20g | 0% | 지방0g | 09 | 0% | 1802259021360 | 0mg | 2% | （）2000kcal | 인의 요 리다를 수 있습니다. | 2026.06.04 | 롯데웰푸드",rule_possible
000482,miss,2026,11,14,NONE,NONE,NONE,fail,2026.11.14(도트문자열+텍스트가 너무 많음),"码费：15419487447） | NCI | FRIEN | TIO | ㅇㅇ | 끓는물에 | 조리예 | 4분OK | ) | 조리예 | H | 분 | 살국수 | 방o | 0 | > | HO | ON | (R수사? | NC | 곡탕국물에 골 맛한 면발 | FRIE | 하면국수 | 3 | 쌀가루50% | 끔는 물에 | J분OK | 어 | 微线：15419467447 | NCNTIO | 1~한 금탕국물에한 면발 | FRIED | 청면국수 | 끓는물에 | 조리예 | 4분OK | '조 | 리 | 방법) | 바A바 | 8 | 열고 스프를 개봉하여 면위에 골고루 뿌릴 | 93.5g(80g.=13.5g/340kcal) | 100风早 | . | 닫은 후 4분간 기다린 후 잘 처어 드시면 됩니 | 1소 | 03195别F2:告 | 30 | 미국산),전분(9 | 변성전분,덕스트린),타피오카전분 | 린지방산에 스터 | 8803660-882 | 수(국산),천일염 | 도너사아 및 | 팔레이시아 | 89359340 | kca",ocr
000486,miss,2027,07,15,NONE,NONE,NONE,fail,"2027.07.15(빛번짐, 텍스트 잘 안 보임)","표 | %68商60 | wpio Pickled PerilLeaves in Soy Sauce | 샘표 | 리엄마 | D,긴 | 70g38.9% | 이미지사진 | 단부분이 날로우므로개봉보및가시주의하시오 | 4497570 | %6860 | 표 | mpio Pickled Perilla Leav | 우로보주하시오 | 70g38.9% | 우리엄마 | 샘표 | 이미지사진 | 16 | 표RO | %68  DO/ | AoSu! | S3 | 96[ | 표R으 | % 68%c 6 00 | 149757-0",ocr
000494,partial_wrong,2025,12,12,NONE,03,07,s2,2025.12.12(텍스트 겹침),2개입 | k | 2.780 | 베리 | 후레쉬베리 | 오에스 | 태 | mall | 쿠키앤크림 | 제조일 | COORIE•CREAm | 소비기한 | 아원료 3.7 % | HAITAI | 자연을 푸르게 환경을 깨끗이 | 스해터물에서 간시서,ocr
000515,miss,2026,01,NONE,NONE,NONE,NONE,fail,2026.01(날이 없나?),ERC | '제로 | o | 201045 46 +U | 이.1 | 영양정보 | 영양성 | 73g/400kcal | 0mg0%4g7% | 18022 | L三喜280mg14%空号44g14%号22g22% | 23g43%0g11973% | 8 | 0 | 레스테롤0mg0% | 양정보 | 201045 | 23g43% | 280mg14%空量44g14%号22g22% | 46 +0 2026. | 73g/400kcal | 포화지방 | % | 11g73% | 1802 | %/61 |   ()  | n+ sFso | 6 | %0w0号 | 방 | 영 | 나지 | 콜 | 2208 | 8 |   () | %  %0W0 | U9ㅇ | n+ SSFOIO | 거a | EKC | u!aabel] | o | 20104546+U | 2026.01 | 영양정보 | 否L73g/400kcal | LE喜280mg14%号44g14%号22g22% | 23g43%0g11g73% | 0mg0%4g7% | 000 | 8 | 8022 | ERT | o | E | 2门1口45 | 46+u | 영양정보 | 含号含73g/400kcal | L号280mg14%号44g14%号22g22% | 0g0%4g7% | 8 | 18022,partial_in_text
000530,miss,2026,06,24,NONE,NONE,NONE,fail,2026.06.24(텍스트 흐림),926.06.24 | 쓸주버리준1%함은 | 手2119390 | 젤리스트로우 | 송루베리증 1%함원 | 926.06.24 | 790926 | AOE6T XIM르EEI | 7790926 | 926.06.24 | 송두베리준1%함은 | 926.06.24 | 1% 함유 | 212午2119390,rule_possible
000534,miss,2027,01,29,NONE,NONE,NONE,fail,2027.01.29(도트문자열),  | E   를 |  극남 니 | 르 | %86 | n | 러 않이 맛있 | 행국국시와 함께 하세요 | 국수를 처음 선토인 해를 의미합니다. | 잔치극수는?* | 우려내 진하고 시원한 국를! | 반죽으로 더 쫄깃한 결발 | 게 먹는 방법» | 00mL（3 | 굴 필요 없이 바로 드세요! | 1g | 1일 영양성분 | 기준치에 대한 비율 | 50mg | 78 % | %8L | bWos | 험르 | 혀리여률 론 | 이IL ) | K극남 IL |  이 | i논 후공VT위지 H | 내이 을 로수 | 50mg | 기준치에 대한 비율 | 이 도 | 필요 없이 바로 드세요! | 30 | 00m（3 | 게 먹는 방법 | 반죽으로 더 쫄깃한 결발 | 우려내 진하고 시원한 국 클! | 잔치극수는? * | 국수를 처음 선로의 해를 의미합니다. | 포국시와 함께 하세요 | 1일 영양성분 | 78% | 루O  영위 식 | HLW | 이 | 널    를 |  극아  | 여서  V | 장운터 | %86 | 군 몽서 불수는 | bWog | D이 IL | 여서우 휘 허V논 | o를이 이 모수높 | 임르 | b00m | 0,ocr
000537,miss,2026,05,08,NONE,NONE,NONE,fail,2026.05.08(도트문자열),"영양정보 | 三Omg40%13g | 9g9 | 16g30% | 5 | 포화지방 Eg4.0% | 향신료와 | 4515%1222% | 개인의 필요 열량에 따라 다를 수 있습니다. | 까지 | 을고간데워드십시오 | 소금 | OTHER |  20010445055694 | 686318 | 채로투지마스 | 총 내용량 | 245 | REU | 기의와일드하고 | 디한맛 | %2.000kca | KC | 용시 | 끝는물이용시 | 是10去 | (TOON) | 론에 | 출력 | OTHER | 소비기한 상단표시일까지 | 소금 | 원료명 | 제품명 | 끌는물이용시 | KC | 두지 | 오즈키친포크키마 | 45mg15% | 트랜스지방 | 영정보 | 류9g9 | Omg40%量13g | 따라 | 15g | 포장재질 | 16g30% | 포화지방Eg | 내거나 | 245 | 용 | 메추리 | on ro | 면 | oin Rr | 살 | H | 69 | I0 | 단 | 포 | %4 | 수 | %07 | 6wu | 방 | 류 | 알 | 식 | 채 | MEE N0 | Y융lo롬극 | Y용 | 0()0 | 해 | %O | 666首 | E%Ot uC | 영양정보 | 2mg40%量13g | 鼻9g916g30% | APE | 행신료와 | 익와일드하고 | 4515%1222% | o（%）2.000kca | 이 | 개인의 필요 열량에 따라 다를 주 있습니다. | :-: | : | 까지 | 끝는을에 제품을 봉재매 넘고 3분간 데워 드십시오 | 이용 | 2을 품는 역로 후 제방하십시오'가열 화는 파우! 및 내용물이 때우 | 제플명오즈키친 포크키마유형즉석조리식품 | 기) | 소금 | 우유.대두밀토마토,쇠고기돼지고기 | 함유 | 류(골 | 손비기한상단표시일까지포장재질 | 내면 | OTHER | 20010445055694 |   | 식들 신고은 속번이 에심한 충격 | .부정 | 6863184 | 결을 | 피하고 | 채로 두지 | 총 내용량 | 영양정보 | 245 | 40% | 75Omg40%个13g | 16g30% | SECRET | 류9g9' | R | 포화지방 Eg4.0% | RECIPE | 5 | 기가 | 향신료와 | 4515%1222% | 기의 와일드하고 | 지한맛 | （%2000kcal | 개인의 필요 열량에 따라 다를 주 있습니다. | KC | 까지 | 용시 | 끓는 물 이용시 | 봉재세원 [분10초 | 끝는 들에 제품을 봉지때 넣고 3분간 데워 드십시오. | Z700 | 시이 고  우리가있으니주는 시오 시울물이 | 1000832 | 제품명 | 오즈키친 포크키마 | 유형 즉석조리식품 | 원료명 | 소금 | 비닐류 | 소비기한 상단표시일까지  | OTHER | 품목보고번호 | 포장재질골리조길() | 20010445055694 | 한 | 담물 | 을 | 686318 | 력 | 채로두지마신 | 게ㅐ거나 그릇에 | 바드시출",ocr
000539,partial_wrong,2027,08,11,NONE,01,01,up2x,2027.08.11(도트문자열),"카레 | 세카레 | 2027 | .1.1파지 | N2 | 넥세카레약간매운맛 | 오뚜기 백세카레는 강황 함량을 높억 더 거가하고 | 로즈마리,월계수잎 됐의 | 허브를더해 | 풍부한 향과 맛을 즐길 수 있는 카레입니다 | OTOKI BEKSE CURRY MEDIUM | 재료(4인분) | 0）1 | （）60g2（25g）700ml（3%） | 조리방법 | 1.고기 양파,감자, 당근을 적당한 크기로썰어 오뚜기식용유에 잘 볶은 다음 | 물을 붓고 재료가 완전히 익을 때까지 끊입니다. | 2.불을약하게한 후백세카레를 조금씩 넣어 충분히 풀면서 끝인다음 | 카레라이스 | 밥 위에 얹어내면 완성됩니다. | 카레 | 품목보고번호 | 20010445055182 | 号0.53%（ | 분 복합조미식품 | O달집 털데이기비프분말 효모추출물 이",partial_in_text
000540,wrong_year,2026,03,24,2025,03,24,s1,2026.03.24(도트문자열),2025.03.24012 | 원주르금최정 축의,ocr
000543,miss,2026,06,23,NONE,NONE,NONE,fail,2026.06.23(도트문자열),"'도록 주의 | 는 물에 넣고 3분간 데워드세요. | 보세요! | 면,칼국수면,우동면 사리 등과 함께 짜창면으로도 | 하탄 표시일까지 | 20010538182580 | 내면-폴리프로필렌 | 시중구 충무로2포장재질 | 메밀,땅콩 어,게,새운,복숭아,토마토 아황 | 의거,교환 또는 보상 가능 | 자기본비 | 180g150kcal | %8g8% | 3801005200257 | OTHER | 있으니주의·포장재 변형,팽당,손상 시 섭취 | L에주의·직사광선 피해 실온보관·개봉 | OTHER | 180g150kcal | 메밀,땅콩 | 경시중구 충무로 | 214-38.号2 | 우유,대두,밀,돼지고기, | 20010538182580 | 는 물에 넣고 3분간 데워드세요. | 68g8% | 스티드오니온,특제춘장소스, | 도록 주의 | 주의·직사광선 피해 실온보관·개봉 후는 | 게,새우,복숭아,토마토 아황 | 358-7 | 88010052002 | 하탄표시 | 보세요! | |얼까지 | -7 | CIA | 08. | r즐하 | ∞ | 88- | . | 글남을오 | b8 | %868% | 제연연제부프문정 | CIA | 도목주액 | 는 물에 넣고 3분간 데워드세요. | 세요! | 면,칼국수면,우동면 사리 등과 함께 짜창면으로도 |  장 성전분 대, | 지고기고기,최고기,조개류 합 | E214-383号星358-7 | 시중구충무로포장재질내면-폴리프로필렌 | 어,게,새우,복숭아,토마토아황 | 땅콩 | 거,교환 또는 보상 가능 | 있으니주의·포장재 변형,팽장,손상 시 섭주 | 에주의·직사광선 피해 실온보관·개봉 | 180g150kcal | %당류8g8.% | 0.7-g50k | 880100520025 | 량에 따라 다를2 | 2026.00. | OTHER | C1095 | 도록 주의 | 는 물에 넣고 3분간 데워드세요. | 보세요! | 면,칼국수면,우동면 사리 등과 함께 짜창면으로도 | 하단 표시일까지 | 소한l | 0010538182580 | 장소스 성전, 대,, | 대두일,돼지고기,고기,최고기,조개류함유 | 우유, | E214-383号P358-7 | 포장재질 | 내면-폴리프로필런 | 시중구 충무로2 | 동어,게,새우,복숭아,토마토 아황 | 메밀,땅콩 | 자기본 의거,교환 또는 보상 가능·부정 출량 | 있으니주의·포장재 변형,팽장,손상 시 섭추 | 주의·직사광선 피해 실온보관·개봉 흑O는 | 180g150kcal | %晚8g8% | 07-50 | 8801005200257 | 열량에 따라 다를 수 있습니디 | OTHER",partial_in_text
000544,miss,2029,06,25,NONE,NONE,NONE,fail,2029.06.25(도트문자열+통조림),여K문 | orvS | 국내 업계최초! | 안전하안심띠개 | 쉽게여세요 | L | SAJO | 안전한안심띠개 | 안침판개로 | 쉽게여세요 | 국내업계최초! | 작  | 여K류 | H | orvS | L이 | 영KR | HL131130797270 | orvS,ocr
000549,wrong_all,2027,01,16,2016,01,07,s2,2027.01.16(도트문자열),"샘표 | 그대로! 백숙 상계당 | 전 | (백숙용 한마리 아 삼계닭 투아리) | 새미네 육수 팩,물 노.5 L를 | 넣고 강불에서 끊이기 | 맛있는 국물을 활용하여 | 칼국수나 누륨지죽으로도 | 팔팔 끓으면 뚜껑을 닫고 | 즐겨보세요! | 약불로 줄여 45분 끓이면 | 맛있는 백숙/삼계탕 완성! | 백숙/상계란 메시대 | 확인 해 보세요 | 소비기한 | 까지 | OTHER | 중국산),양파분말 대두,밀,닭고기 함유 | 平E号82号 105H2 70 | 소비자중심 | 에의거,교환등보상을받으수 있습니다. | 영양정보 | www,sempio.com | 4100g | 고객지원실(요금은 콤표가 부딩나! | 60 kcal | 5异8g8%0g0% | 트랜스지방09 | 20E7.01.16/0 09:42 | （）199104450779630 | 정제수,백숙용소스[진간장(탈지대두(외국산),설탕,쌍화농축액(작약(국산),천국,당귀,황기 | 매업소 생표식품주식회사/서울특별시 충구 충무로2포장재질|폴리프로필렌 내면 | HACCP",ocr
000553,wrong_all,2028,10,24,2022,11,24,clahe,2028.10.24(도트문자열),"천연향신료(건조제품) | 식품유형 | 제조업소:(취신영에프에스 | 12-4/031-964 | 업소명 및 | ·유특전문판매업소:롯데쇼핑(취 | 소재지 | 是至81（）18993 | 100% | 원재료명 | 월 | 드장재질(내면) | 끝에탈 | 소비기한 | -면 하단 | 도시일까지 | 품목보고번호 | 201903878548 | 반품및 교환장소 | 구입쳐 및 판""! | ·취급·보관 시 주의사항:직사광을 피하그서는전한곳에 보 | 오.본 제품은 소비 자기보법에 따트 소비자는 쟁해결 기준에의기 교환는행 | 1399 | 땅콩,대두,밀,고등이,거 새우,돼지고기,부숨아,토마토,아신류 효류 | 닭고기,쇠고기,오징어, 조개루 찾혼입누성기 있습니다 | 소비기한 | 22.11.24 | 3092 | 58659402 | 가지 | 1OTNER",ocr
000573,miss,NONE,10,22,NONE,NONE,NONE,fail,10월22일,1.2A | 오늘 하루 요거트 한스푼 | 오늘 | 떠먹는 요거트 | 좋은 | 복숭아 | Peach Yogurt | 8억마리 | 320g (288kcal/ 80g×4) | 프로바이오틱스 | 개입 | 유산균 | 냉장보관 | 6%0.00142% | gx4 | (0~10℃) | 연출된 예 | GOOD TODAY | gx4 | 개입 | bNI | 320 g (288kcal / 80g×4) | Peach Yogurt | 복숭아 | 떠먹는 요거트 | 오늘 하루 요거트 한스푼 | 냉장보관 | %0.002% | 기한 | 10.22 | 8억마리 | 프로바이오틱스 | 유산균 | 연출된예 | O임무테무지 | L여극 | lo옷눔 | (0.01~0) | JNCJ | SOOOO | 어kb | (0.OT~0) | 있 재0..%. | HS | AO무테무지 | lo옷눔 | L여 극문 | 흑ㅎ | 손비 | 10.2 | 기한 | 오늘 하루 요거트 한스푼 | 떠먹는 요거트 | 복숭아 | GOOD TODAY | Peach Yogurt | 8억마리 | 320 g (288 kcal/ 80 gx4) | 프로바이오틱스 | 개입 | 유산균 | L | gx4 | (0~10℃） | 연출된 예 | D2LN | 소비 | 기한 | 오늘 하루 요거트 한스푼 | 오늘 | 떠먹는 요거트 | 좋은 | 복숭아 | GOOD TODAY | Peach Yogurt | 8억마리 | 320g(288kcal/80g×4) | 프로바이오틱스 | 개입 | 유산균 | 냉장보관 | %002% | gx4 | (0~10℃) | 연출된 예,ocr
000580,wrong_all,2026,02,28,2027,01,09,s1,2026.02.28(도트문자열),"ER6 | 김2E I2 28 B9 1.27 | 보관방법 실온보관 | 식품유형|과자(유탕처리제품 | 금),정제잠올레인유(잠올레 | 파래,효모추출물),향신료올레오레진류",ocr
000582,wrong_md,2025,11,21,2025,01,21,s1,2025.11.21(빛번짐 + 비닐구겨짐),2025-1.21.까자.F1 | 6 | With,partial_in_text
000583,wrong_year,2025,11,23,2035,11,23,up2x,2025.11.23(글자 겹침),"지지 | 5 | 35-11.23C | 01:35 | 더급 | GS8 | 피두슬콩 | 까지 | 제품) | 가슴살/국산),정제수,가놀라유[카놀라유(외국산 | 규소수지]포도당,흑후추분말[흑후추(외국산(베 | ㅠㅅ수 | 시아 등)}],안데스소금,혼합제제(젖산나트륨 | 곡류가공품,혼합제제(폴리인산나트륨,피로인산 | 탄산수소나트륨,향신료조제품1,비타민C, 향신 | 1향미증지제 향시르조제품3 복합",ocr
000586,miss,2026,03,14,NONE,NONE,NONE,fail,2026.03.14(도트문자열),프으프는.으르.그스파지 | 원 주 트속리 정 수 는그등1,ocr
000592,wrong_all,2025,03,25,2023,03,26,s1,"2025.03.25(거꾸로봄, 부터/까지 문제)",TUHE50ITEE7096 | KOBKM/DATE D'EMBALLAGE | 26-03-2023 | ATE/ FECHA DE EXPIRACION | 25/032025 | )/DATE DE LIMITE DE | MATION | E2204401D3085 | /NUMERO DE LOTE | APTMM/NUMERO DE LO | 30 g/r | NEFWEIGHT | JONAL FACTS | ECNET1O | TIN | MDS NET | 1.05oz | AMG6 NETO | -EE-E | 4ES | PR/1443/995 | 17960041231798 | 1200334V01 | ALLI스 | K4LZWEASRLANGA10640 | BAL-NFDeELAESCOM,rule_possible
000593,miss,2026,07,22,NONE,NONE,NONE,fail,2026.07.22(도트문자열),PEPERO | LOTTE | 까지 | LOTTE PEPERO | 까지 | |YHLL | |YLL | 크LLO7 | PEPERO | LOTTE | 까지 | PEPERO | LOTTE | 까지,ocr
000608,miss,2026,08,13,NONE,NONE,NONE,fail,2026.08.13(도트문자열),"6OSMC | …”……………… | ………….……..…시 | . | …………………” | ——…↑""……”………… | DwsO9 | 6OSMC | 으므으트. 모는. 1 르까지 | 6OSMC | …………………1…까지 | ”……………",ocr
000622,wrong_day,2027,01,22,2027,01,02,s1,2027.01.22(도트문자열),양파(중)1기 | 남은 국물에 | 700 | 볶아 드셔도 | 2 끓기 시작하면 야채와 | 양념을 넣고 센 불에 | 추가재료를 넣고 | 면을 따로 삶 | 3분간 끓입니다. | 약 5분간 더 끓입니다. | 더욱 맛있습! | 신비가한 | 2027.01.2 | 식품유형 | 품목보고번호 | 1991044507755 | 소스(살균제품) | 포리프르픽레반품,partial_in_text
000627,miss,2026,10,06,NONE,NONE,NONE,fail,2026.10.06(도트문자열),ZEROSUGAR | PRC | EXP | sugarlsls | 맛있는 | 곤약젤리 | 청포도 | 받말 01%e | sugarlsls | XT | 비무 | 00 | NN | 00 | Green Grape | NIN | ZEROSUGAR | 리 | n | 는젤도 | NN | 00 | NN | 있약포 | CICHDNS | ZEROSUGAR | PRO | EXP | sugarls | 맛있는 | 곤약젤리 | 청포도 | ioc tel Green Grape | 한말0.1% | ZEROSUGAR | 28：188.F2 | 건전조 | PRO | EXP | sugarlsls | 맛있는 | – | 곤약젤리 | 청포도 | 말0.1%,ocr
000642,wrong_md,2026,09,01,2026,03,01,clahe,2026.09.01(도트문자열+비닐 구겨짐),2026.03.01 | 400g | 영양정보 | 100g495kcal | 1일9 | 영양성분 | 388 | 0 | 기준치에 대한 비율 | 기씨 | 100g | 8% | 푼[설 | 150mg | 나트륨 | 글리 | 20% | 탄수화물 | 65g | 21% | 당류 | 21g | 23g | 43% | 지방 | 트랜스지방 | Og | 36%,partial_in_text
000648,miss,2026,08,25,NONE,NONE,NONE,fail,2026.08.25(글자 겹침),"밀,우유,대두함유 | (이 | (%∠) | (%E)97 | (%)2 | ,탄산 | .글리세린 | 융h울 | 10| | 원산지: | 2026708725 | t | (우유향) | (%) | 2026708 | 80 | CHA트 | (%E)9 | (%) | (K) | 철탕,팔유,변상전분,포 | .난산수소암오늄,탄산수소타트 | 4.정제소금.합성향료(우유항),글리세린 | Rila80 | 보관방법: | 지방산에스테르,우유분말,대두레시틴,카 | 리락쿠마컵 | 틴(학생료)밀,우유,대두 함유 | 2025San-X | THER | LA널(TEL | 4三64mg(3%） | 지방4g(7%) | 0mg（0%）1g（2% | 트랜스지방08 | 12g（4%） | 포화지방2g | 총내용 | 구입처 | 컵 | 리락쿠마 | .양이 | 총내용 | （）2000c | 量12g（4%） | 포화지방2g | 4三号64mg(3%) | 트랜스지방0g | 지방4g(7%) | 일 | 콜레스테를 Omg(0%)|단백질)여(2% | STHER | 2025San-X | 산에스테르 우유분말,대두레시틴,카 | 제소금,한상향료(우유향). | 산수소암요능 | 밀,우유,대두함유 | (%어o불b룹 | (% | 설탕,팔유.변 | (%돈)Bp9 h | . | 등,탄산주소타트 | (%)21 | ,글리세린 | FE | 원산지:중 | 202670872508 | +품및교환처: | HIAE | 청제소금.합성향료(우유항),글리세린 | 산에스테르 우유분말,대두레시틴,카 | PIHEE | 산수소암모능,탄산수소타트 | 밀,우유,대두 함유 | (이이터쿨입 | 실탕,팔유 | (%) | (%0I기 | (%)2 | 변상 | 내 | 10| | F | 원산지:중국반품및교학처: | 본제품은 공정거래위원회고 | 2026708725",partial_in_text
000649,miss,2027,04,07,NONE,NONE,NONE,fail,2027.04.07(글자 겹침),". 구파지 | ""더 맛있고 잘 | 아레 순한맛 | 오뚜기백세카레는 강홍 | 로즈마리,월계수잎 등을 | KSE CURRY MILD | （）60g(25g)7 | 조리방법1.고기 양파, 감자 당근을 적당한 크기 | 물을 붓고 재료가완전히 익을때까지 | 2.불을 약하게 한후 오뚜기백세카례를 | 레라이스 | 밥 위에 얹어내면완성됩니다. | 소비기 | 품목보고번호 | 20010445055181 | （4100g | 레라이스 | (SE CURRY MILD | 레 순한맛 | 품목보고번호 | 조리방법 | 재료(4인분) | 20010445055181 | 100g | 2.불을 약하게한후 오뚜기백세카레를 | 물을 붓고재료가완전히 익을때까지 | 1.고기,양파, 감자,당근을 적당한 크기 | （）60g，2(25g),7 | 밥 위에얹어내면 완성됩니다. | 로즈마리,월계수잎 등을 | 오뚜기백세카레는 강홍 | ""더 맛있고 잘 | 소비 | 이 이러티ㄷ어 |    | A서 |   | CSSEAHLCI | 입 | 흐겨ㄴ거눔폼 | CIAY |     | SUSSPLCC(T | 누 | ""O, | 바문면 | 그디스?. | . 그7파지 | 10:- | ""더 맛있고 잘 | 가레 순한맛 | 오뚜기백세카레는 강홍 | 로즈마리,월계수잎 등을 | KSE CURRY MILD | （4100g | （7）60g，（25g）7 | 조리방법1.고기양파, 감자당근을적당한크기 | 물을 붓고재료가 완전히익을때까지 | 2.불을약하게한후오뚜기백세카레를 | 레라이스 | 밥위에 얹어내면 완성됩니다. | 소비기 | 품목보고번호 | 20010445055181 | 루(믹:미국산/능즈사)데스트린,카레분12%강 | RIE | ㅣ구파지 | 1: | '더 맛있고 잘 | 아레 | 순한맛 | 오뚜기백세카레는 강홍 | 로즈마리,월계수잎 등을 | KSE CURRY MILD | 재료(4인분) | 100 | （）60g（25g） | 조리방법 | 1.고기,양파, 감자.당근을 적당한 크기 | 물을 붓고 재료가 완전히 익을때까지 | 2.불을 약하게 한 후 오뚜기백세카례를 | 레라이스 | 밥 위에 얹어내면 완성됩니다. | 소비기 | 품목보고번호 | 20010445055181 | 르(믹:미국산/호주산) | 델덱스트린.카레분12%[강",ocr
000666,miss,2026,09,01,NONE,NONE,NONE,fail,2026.09.01(도트문자열+화질저하),LOTTE | 8801062893546 | 금·1 | 까지 | :·1A | 268290108 | 8 | S | 3LLOT | 8801062893546 | ·1A | 까지 | LOTTE | 8801062893546 | 금물·11 | 까지,ocr
000669,wrong_all,2026,09,02,2025,09,03,s1,,SALTINE' CRACKERS | 2025.09.03# | 까지 | 2026.09.02 | 맛있는 약속,rule_possible
000670,miss,2026,06,24,NONE,NONE,NONE,fail,2026.06.24(도트 문자열),릿이 통째로 | 부터 | 까지 | 릿이 통째로 | JHD- | 10 | |Y | 10 | 릿이 통째로 | 부터 | 그 | 까지 | 릿이 통째로 | 2 | 7 | 부터 | 까지,ocr
000673,miss,2026,06,02,NONE,NONE,NONE,fail,2026.06.02(도트문자열),"-814-8950 | 피해 서늘한 곳 | 법:직사광선을 | 하얀 표면층이 발생할 수 있으 | 반품 및 교환장소:구입처 및 제조원 | 후 보관하시고 유통기한내 드 시T바를 | 새우 | 품은 계란,메밀,땅콩,고등어, | 아 토마토,아황산류,호두.닭소기,쇠 | 11399 | -03 | 조개류(굴, 전복,홍합포함),잣을 사용한 | 제조시설에서 제조하고 있습니다. | 정거래위원회 고시 소비자분쟁해결기준 | 한 또는환불을 받으실 수 있습니다 | 하얀 표면층 | 0- | 래위원회 고시 소비자분쟁해결기준 | 씨설에서 제조하고 있습니다. | 류(굴,전복, | 끝 | 보관 | 목 | 타나는 | 한불을 받으실 수 있습니다 | 0- | Yㅁ | 1399 | 교환 | 층이 | 목 | 구음 | 발생할수 | 피해 서늘 | 0 | 이 | F> | 합포 | 우 | Hnon도o | 움 | IR. | F | 우쇠 | 조 | 용 | 후 | 봉 | 걷을다 | 습 | 심입 | 특IY H이피 | 한구 | 의기 | 포 | K | 땅산홍 | 연연터터 | 유 | ) | 1 | 디Y | 을 | 이 | 극게 | 공 | 표 | 후은 | 법 | 하 | 품 | 행90백ㄱ | 연위연제위연정연정추 | 814-8950 | 법:직사광성을 피해 서늘한 곳 | 이 | 하얀 표면층이 발생할 수 있으 | 어 나타남는 현상으로 안심하고 드 셔도 | 반품 및 교환장소:구입처 및 제조원 | 80-200-3222午：号享 | 후 보관하시고 유통기한내 드 시 바랍 | 우 | 사 | 품은 계란,메밀,땅콩,고등어, | 소 | 아 토마토,아황산류, 호두,닭소기. | 을 사용힌 | 초개류(굴.전복,홍합포함),잣을 | 제조시설에서 제조하고 있습니다. | 공정거래위원회 고시 소비자분쟁해결기준 | 또는 환불을 받으실 수 있습니다. | 11399 | -814-8950 | 피해 서늘한 곳 | :직사광선을 | 법:2 | 하얀 표면층이 발생할 수 있으 | 어 나타나는 현상으로 안심하고 드셔도 | 반품 및 교환장소:구입처 및 제조원 | 2·주의사항:개봉후 님 | 80-200-3222 | 유통기한내 드시1바람 | 새우 | 후 보관하시고 우 | 품은 계란,메밀,땅콩,고등어, | 아 토마토,아황산류,호두.닭소기,쇠 | 을 사용한 | 조개류(굴,전복,홍합포함),잣을 | 제조시설에서 제조하고 있습니다. | 공정거랜위원회 고시 소비자분쟁해결기준 | 환 또는 환불을 받으실 수 있습니다. | 11399",ocr
000691,wrong_all,2026,09,22,2025,09,23,s1,,GAERS | HKIERS | T | SNIGKERS | 자뉴' | 부터 | 25.09.23/07:31 | 까지 | 26.09.22/F3 | Milka | 갱 | 연.양 | 연 양캠,rule_possible
000693,wrong_all,2026,09,01,2025,09,02,s1,,"BCAA 2,000mg | 닥터유 프로 단백질바 크런치 70 | 온)닥터유PRO단백 | un | W2.700 | 16 | Post | 애너지바기 | 부터 | 25.09.02/04:33 | 까지 | 26.09.01/F3 | Ghama | Mika",rule_possible
000694,miss,2026,09,01,NONE,NONE,NONE,fail,2026.09.01(도트문자열),"착한 카카오 | 프로젝트 | 지속 가능한 상생을 위한 | SUSTAINABLE CACAO 사용 | 공 | 이륨 | ∞ | 연 | %% | 얀밝 | 폴리에틸렌 | 19690086003670 | 품목보고번호 | 코코아매스),코코아버터(외국산;말레이시아,싱가 | 가공유지I,코코아매스II(코코아빈;베네수엘라산) | 우유,대두 함유 | SUSTAINABLE CACAO사용 | 열,유통 중 변질품은 구입상점 및 본사에서 교환 | 얀 반점이 생길 수 있으나,인체에 무해하니 드셔도 괜찮 | 착한 카카오 | 밝은 마음 | 프로잭 | 롯데웰푸드 | 70g385kcal | 12%异38g38% | 15100% | 9% | 8801062636822 | %6 | %0065品五店 | OSAC CIUAI NRIAL IN | %% | 장렛.양으 | .연배  | 루이륨 | 15100% | 12%异38g38% | 70g385kcal | 밝은 마음 | 얀 반점이 생길 수 있으나,인체에 무해하니 드셔도 괜찮 | 유통 중 변질품은 구입상정 및 본사에서 교환 | 롯데웰푸드 | 19690086003670 | ∞ | 801062636822 | 폴리에틸렌 | 곡산;말레이시아,싱 | 우유,대두 함유 | \,돼지고기 | SUSNC CAIURI NREALIN | 착한 카카오 | 프로젝트 | 지속 가능한 상생을 위한 | SUSTAINABLE-CACAO 사용 | 장.으 | 228929m | 2901 | %8688兰 | 제 | % | 얀 | 밝 | 1 | A00 | 착한 카카오 | 프로젝트 | 지속 가능한 상생을 위한 | SUSTAINABLE CACAO 사용 | %68 | %0016品五 | %4 | 밝",ocr
000698,miss,NONE,10,12,NONE,NONE,NONE,fail,10월12일,"10.12 R1435 | 낮아진 | 당 함량 | 12 | 20%00WN | *식약처 평균값 대비 | CHU아상컵당,아연함 | 7 | THU상컵당,.아연함ㅠ | ·식약처 평균값 대비 | 12R1435 | 04241373 | 여 | 함 | o이. | 04241373 | kO | 10.12 R1435 | 낮아진 | 당 함량 | 20%D0Wm | ·식약처 평균값대비 | U아상생당,아연함/ | 10.12 R1435 | 낮아진 | 당 함량 | 20%00WN | ·식약처 평균값 대비 | CU0상컵당,아연함",ocr
000699,miss,2025,10,27,NONE,NONE,NONE,fail,2025.10.27(화질저하),"차모찌리도 | 2025 | 809720 | 822525 | 폰즈,와사비 미 포함 | 차모찌리 | 2025 | 폰즈,와사비 미포함 | 809720 | 822525 | 9CR | ab | 8 | U9CR | 차모찌리도 | 2025 | 809720 | 822525 | 폰즈,와사비미포함 | 차모찌리도 | 2025 | – | 822525 | 809720 | 8 | 폰즈,와사비 미포함",partial_in_text
000717,miss,2025,10,12,NONE,NONE,NONE,fail,2025.10.12(도트문자열),Maeil | Enioy Yogurt | 언요 | Maeil | Enjoy Yogur | OR | Maeil | Enioy Yogurt | Maeil | R | 게 | Enioy Yogurt,ocr
000722,miss,2026,08,04,NONE,NONE,NONE,fail,2026.08.04(도트문자열 + 병뚜껑),,ocr
000723,miss,2026,05,10,NONE,NONE,NONE,fail,2026.05.10(병뚜껑 + 빛 번짐),상단의 링는피오일입니는 | 제조원퇴 | 상단의 링 | 이며 | 제스일며 | 90 | AT | 상단의 링모입 | 제조웨통레 | 26.050 | 상단의 링는오실입니 | 제칠성음 | 제조원투,partial_in_text
000727,miss,2026,06,22,NONE,NONE,NONE,fail,2026.06.22(도트문자열),"간편하게 뜰우세요! | EASY CUT! | RKK4T | 까지 | 사골로만 고아 | 준) | 하고 맛있게 | ,쇠고기미역국 | 전자레인지 이용시 | 5분 | 전자레인지용 용기에 부은 후 | 전자레인지용 덮개 또는 별을 | 씌워5분 | （700 | I,쇠고기미역국 | 하고 맛있게 | 준) | 사골로만 고아 | 전자레인지 이용시 | 700W | 전자레인지용 덮개 또는 벌을 | 전자레인지용 용기에 부은 후 | 간편하게 뜰우세요! | IEASY CUT! | RKK4T | 불 | BAAET | TSUCSL  | 흐금이융 융무위러무터 | l상융l이|지이러지 | 신매미ㅣ | Hoㄷ{금Y | 준 | 골S | 작삼융이지ㅔ이러지지 | 미다 | (골 | Hoㄴ금륨Y | |Y | CSTCSL   | 간편하게 뜯우세요! | EASY CUT | RKK4T | 까지 | 사골로만 고아 | 준) | 하고 맛있게 | ,쇠고기미역국 | 전자레인지 이용시 | 전자레인지용 용기에 부은 후 | 5분 | 전자레인지용 덮개 또는 별을 | 700 | 간편하게 뜰우세요! | EASY CUT | RKK4T | 까지 | 사골로만 고아 | 준) | 하고 맛있게 | ,쇠고기미역국 | 전자레인지 이용시 | 전자레인지용 용기에 부은 후 | 5분 | 전자레인지용 덮개 또는 별을 | 씌워 | 5号（700W）",ocr
000730,miss,2026,02,26,NONE,NONE,NONE,fail,2026.02.26(도트문자열),,ocr
000732,miss,2026,03,16,NONE,NONE,NONE,fail,2026.03.16(도트문자열),트르르 로로크로토 | 느그르는. 그르.오는 파지 | 원 주 트가스 림 절 수 프트크는 | 우유추 트징,ocr
000736,wrong_year,2026,12,17,2025,12,17,s1,2026.12.17(글자 약간 벗겨짐),품명 | 오/늘/은 말차 | 식품유형 | 고형차 | 중량 | 장재질 | 폴리에틸렌 | 100g | 품목보고번호 | 원및 판매원 | 200906311472 | 064-787-2254www.onulun.com | 소비자 상담실 | 장 주의사항 직사광선을 피하고 건냉한 곳에 보관하십시오. | 기한:제품의 별도표기일까지 | 2025.12.17,ocr
000749,miss,2026,01,21,NONE,NONE,NONE,fail,2026.01.21(도트문자열),"의 맛을 살린 | 엇국 | d Pollock Soup | MUJI EDJ | [10g(32kcal)X57H] | | 끊인 해장국입니 | 사규하게 | [10g(32kcal)X5H] | d Pollock Soup | 엇국 | 의 맛을 살린 | 깜끄하게 끊인 해장국입니 |  MUJI EJJ | o | 승돈패우 ㅎ표두더우따 ㄷ | [PSTKXCST,] | 작면면매터 | 논F | [PST/XSE) ] | oil [ | 논F | P6D리 가지스크 | 의 맛을 살린 | 엇국 | d Pollock Soup | [10g（32kcal)X5H】MUJI無印 | | 맛을 살린 | 엇국 | ed Pollock Soup | MUJ EJJ | [10g(32kcal)X57H] | 해장국입니 | 채 | 코 L브 | 까꾸하게 | 끝이 | |",ocr
000752,wrong_all,2026,07,09,2020,07,19,s1,"2026.07.09(도트문자열, 숫자 착각한듯)","mg,제날레프린영산염(P)-10m로 | -50 | 니라민레산염(P)-25m,인무 | 量P）300mg风：全理 | →트르산나트륨수물,시트르산수화를물,오연 | 19, | 1수 프락토올리고당,프로필런글리콜[성생) 미황 | 연노랑)의 투명한 액제[효능·효과 감기 제장상 | (여러 증상)][곳물,코막힘, 재채기,인휘목구멍통 | 기침,가래,오한춤고떨리는증상),발열,두통, | 전통,근육통]의 완화 | 제조번호/사용기한(연,월.일) | 20460/20.07.19",ocr
000753,miss,2026,03,18,NONE,NONE,NONE,fail,2026.03.18(도트문자열),"1:1. | 카레 약간매운맛 | ""더 맛있고 잘 녹는 | SI BEKSE CURRY MEDIUM | 오뚜기백세카레는 강황 함 | 로즈마리,월계수잎 등을 잘 | 밥 위에 얹어내면 완성됩니다. | 182 | 소비기한 | 号12%31.9 | I BEKSE CURRY MEDIUM | 카레약간매운맛 | 민,훼누 | 목보고번호 | 그비과지 | 오뚜기백세카레는 강황 함 | ""더 맛있고 잘 녹는 | 2소비기한 | 을 | Tㅇ | t | Y이름 | 0 | PLA | 14:12 | 카레 약간매운맛 | ""더 맛있고 잘 녹는 | SI BEKSE CURRY MEDIUM | 오뚜기백세카레는 강황 함 | 로즈마리,월계수잎등을잘 | 물을고가하니다 | 2을악하게한카를조금 | 밥위에 얹어내면 완성됩니다. | 5182 | |소비기한 상 | 号12%31.95 | . | 카레약간매운맛 | '더 맛있고 잘 녹는 | SI BEKSE CURRY MEDIUM | 오뚜기백세카레는 강황 함 | 로즈마리,월계수잎 등을 잘 | 재료(4인분) | 들을고재가전지입니다 | 을약하게카를조금씨 | 목보고번호 | 밥 위에 얹어내면 완성됩니다. | 밀:미국산/호주산) | 20010445055182 | 쿠민,훼누그릭 웨널'로즈 | 유(말레이시아산) | 덱스트린 키 | 토마토부 | 소비기한 | 12%31.95",ocr
000760,miss,NONE,11,20,NONE,NONE,NONE,fail,11월20일(도트문자열),"제품명 요플레 오리지널 |품목복보고변호 | 낮아진 | 당 함량 | 20%DOWN | CFU 이상/컵당 | ·개봉후에는 반드시 | 20%DOWN | NMO0%0 | ,NMO0%0 | 릎영 | :- | 제품명 요플레 오리지 | |품몸보고면 | 낮아진 | 당 함량 | 20%DOWN* | CFU 이상 | ·개봉후에는 반드 | 품몸보고번호 | 제품명 요플레 오리지널 | SUGAR | OWER | 업소명및소재지(그, | 낮아진 | 당 함량 | ㅇ비Ö | . | 20%DOWN | 80.64%（ | 변성전분,향료, 올리고 | . | 설팅 | ㅇ | (변성전분,덱스트큰 | o | CFU 이상/컵당) | ·개봉후에는 반드ㅅ",ocr
000761,miss,NONE,11,11,NONE,NONE,NONE,fail,11월11일(도트문자열),"콜레스테롤 30 | 0-022-0056 | 기로배출 | ………… | 기로 배출 | 00 | … | r | … ! ""…! | 콜레스테롤30m | 022-0056 | 영양성부 | 기로배줄 | 11.110PF1 | 클레스테롤30m | 913%16 | 객장보관하거나,빨리 드세요 | 1일 영양성분 기 | 기준이므로개인이  | 080-022-0056 | 게기로 배출 | ……… | .. ...",ocr
000763,miss,NONE,11,12,NONE,NONE,NONE,fail,11월12일(도트문자열),"含240ml195kcal | 240mL195kcal | 위해 | #뜬먹 | 98%27g27% | 원유78%,미론 | 4.5g30% | 농축과집고형분 | 96g11% | 65%)0.1% | 2000kcal | 수있습니다 | 11.12 | 농추구집고형분 | 2978%喝 | 65%0.1% | 240mL/195kca | / | %0%9 | EY000Z | ‘%8/ | %00S | 8 | 倍240mL195kcal | 240mL195kcal | 위해 | 798%27g27% | 원유78%,메론 | 4.5g30% | 농과집(고형분 | 6g11% | 65%)0.1% | 2.000kca | 수있습니다 | 11.12 | 05,시F | EF""트 | 위해 | 品240mL195kcal | 240mL(195kcal | #뜬익 | 7g8%27g27% | 원유78%,매론 | 4.5g30% | 농과집고형분 | 96g11% | 65%)0.1% | 2000kca | 수 있습니다 | 11.12m | -",ocr
000764,miss,2026,03,12,NONE,NONE,NONE,fail,2026.03.12(도트문자열),"SDIYA | 0 | 01""21 | 2025.65.12 | 달콤한 두유 | 달콤한두유 | N | 0 | - | 01:21 | 2026.63.12 | 달콤한두유 | 지밀 | IDIYI | 01""21 | 2025.65.12 | 달콤한 두유 | 지밀",partial_in_text
000765,miss,2025,11,21,NONE,NONE,NONE,fail,"2025.11.21(도트문자열, 글자 겹침)",,ocr
000767,miss,2026,03,12,NONE,NONE,NONE,fail,2026.03.12(도트문자열),COCO | ZERO | CO | ZERO | CO | 3 | U | ZING | BPRO | COCO | ZERO | COCO | ZERO | 2126.03.1,partial_in_text
000770,miss,2030,04,NONE,NONE,NONE,NONE,fail,2030년 4월,"HEWOVSER | 9412030 | LOTNO, | 94-2030 | HEWONE | etb | BSOMEH | HEWONSEBS | LOTNO, | 9412039 | HEWOVSEE | LOTNO, | 제조 | 9412030 | EXPIRYDATE | 사용기",partial_in_text
000771,miss,2026,11,19,NONE,NONE,NONE,fail,2026.11.19(도트문자열),"교로라핑의 | 2+1 | ¥2.800 | 12.1-12.31 | 세APP | 쓰육보관 | 2 | SAMOS | 12000m | 1.000 | ot이lA | 이이져 | 당 | 딸기소다 | 5148206 | 2+1 | 1.000 | 12.1-12.31 | 2+Z | n | 0281150 | 000* | 0007 | D | CNS | ddv | 2+Z | UJWEDe | 2로리핑의 | 밀했디 | [Uabe] | [une | na | 2+1 | #2,800 | 12.1-12.31 | 세APP | 복보관 | SAMOE | ab | 자mcitcg | 2000 | 1.000 | 아이a | doa | 아이져 | 22 | 무설당캔디 | 모로리질의 | S밀M지 | l] | 189739388172 | 딸기소다 | 으트리피비원기 | 2+1 | W2.800 | 12.1-12.31 | 세븐APP | 쏘옥보관 | SMO의 | 번지ttg | 172000m | 1.000 | 0205148206 | 아이서 | 아이져 | 이이져",ocr
000775,wrong_all,2025,12,17,2017,12,05,clahe,"2025.12.17(도트문자열, 날짜 거꾸로 읽음)","880112 | 5.12.17 | 절취선 | 코 | 간편하게! | 커피를 | 탐지분 | CMC | 요 | 숭아향. | 각미료 | 유와제 2종 | 소수지, | la | (용기) | 플리에릴렌(두평) | 수 있으니 | /반드시 일용 | m | 청양군 청남면 막골길7",rule_possible
000777,miss,2026,03,NONE,NONE,NONE,NONE,fail,2026년 3월(빛 번짐),"황색제4호 | drate 6g | 2% | (우하리재) | 0% | (2b) | Fiber 0g | 두함유 | [n l | gan 5g | ·내포장재 | 10% | 을피하고온도 | des 5g Added Sugars | 교환장소구입 | w4.000 | 위원회고시소비자분성에 | 0% | Calcium11mg 0% | 교환 또는 보상받을 수있습니다. | 139 | Potas. 34mg 0% | ：080-215-980（ | vouhow much a nuttient in | 영양정보 | 132 | 100g559kcal | 1일명당 | LE号42.8mg | 号599 | uc, MILK | 弄53.69 | 54% | INCENTRATE, SOY LECITHIN (AN | 33.79 | 62% | ), NATURAL AND ARTIFICIAL | PPERMINT OIL, COLORS ADDED | 트랜스지방09 | AKE, BLUE 1 LAKE). | 03% | UCT CONTAINS MILK AND SOY. | 콜레스테를2mg | 19% | 단백질59 | 9% | K26560-14C23-F | 소비기한: | 202603 | ANDES CANDIESI | DVANWI11 | ©TRI, LLC | www.tootsie.com | 10-26560-KORQ1PP | 트오일 | 제1호 | [Unab | 부정 | 100ga | 5 | 8 | JCT CONTAINS MILK AND SOY. | AKE, BLUE 1 LAKE). | PERMINT OIL, COLORS ADDED | NATURAL AND ARTIFICIAL | NCENTRATE, SOY LECITHIN AN | s5g Added Sugars | rate 6g | 1how much a nutientin | Potas. 34mg 0% | Calcium 11mg 0% | C,MILK | 14118600041 | 10-26560-KORQ1PP | www.tootsie.com | ©TRI,LLC | DELAVAN,WI53115USA | ANDES CANDIESI | 소비기한: | K26560-14C23-F | 콜레스테 | 영양정보 | 포화 | m | 수화물59 | fru | A | 号42.8mg | 2026 | 100g559kcal | 8132 | 수신자부 | m1 | 31 | DZEL | 77 | 방 | Y | CAY | 류 | 트 | 포 | 을 | %0 |  b, no | %0 bte'ser | SuebnS peppy Bg sa | Bg ayeur | dd | IR | ∞ | 9 | F | CIAV | S | abrR | %6 | bs | %1 | %EO | 60E | 60 | %79 | DLEE AY | %9 | %81 | b69 | 86000 | u wueunu e uonu houun | %0 bWte'sepo | %0 | M,00 | Kc | 0 | %00 | SuebnS peppy Bg s | %0 | BYE | () | %7 | Bg aeaup | drate 6g | 2% | (우해피제출) | 0% | (개l) | Foer 0g | n수  | gan 5g | 함유 | des 5g Added Sugars | 10% | 을 피하고 온도 | 교환장소:구입 | w4.00 | 위원회고시소비자분 | 0% | Calcium11mg0% | 교환 또는 보상받을 수 있습니다 | 부정 | 6 | • | Potas.34mg 0% | ：080-215-980 | wouhow much a nutient in | 영양정보 | 41329 | 100g559kcal | 100g | 1일명g | LE号42.8mg | 18% | Uc,MILK | 弄53.69 | 54% | ICENTRATE, SOY LECITHIN (AN | , NATURAL AND ARTIFICIAL | 33.7g | 62% | PERMINT OIL, COLORS ADDED | 트랜스지방09 | AKE, BLUE 1 LAKE). | 30.4 | 03% | JCT CONTAINS MILK AND SOY. | 콜레스테를2mg | 단백질59 | K26560-14C23 | 소비기한: | 202603 | ANDES CANDIESI' | DEVANWI53115US | ©TRI, LIC | www.tootsie.com | 10-26560-KORQ1PP | 색료식용색 소황색제4호 | 네민트오일 | 2% | (우위인재) | drate 6g | 크식요새청색제1호 | 0% | u(b) | Fiber 0g | 알루미두함유 | u수  | Igars 5g | ·내포장재 | 사장신 | 10% | 을 피하고 온도가낮은 곳·반들 | des 5g Added Sugars | 10 | 교환장소구입처은 구정가 | W4.000 | 위원회 고시 소비자분정내 | 교환 또는 보상받을 수있습니다정 | 0% | Calcium 11mg 0% | 1399 | Potas.34mg 0% | ：080-215-9800（ | Hn wou how much a nutrient in | 영양정보 | 132 | 100gg559kcal | 100g | 1일 명양기준 | L三号42.8mg | 59 | 18% | UC, MILK | 53.69 | 54% | INCENTRATE, SOY LECITHIN (AN | 33.7 | 62% | ),NATURAL AND ARTIFICIAL | 트랜스지방09 | PPERMINT OIL, COLORS ADDED | AKE, BLUE 1 LAKE). | 304 | 03% | JCT CONTAINS MILK AND SOY. | 콜레스테를 2mg | 1% | 단백질59 | 9% | O0Kca | a니다 | 5 | K26560-14C23-F | 소비기한: | 2026 03 | ANDES CANDIESI | DELAVAN,WI53115USA | ©TRI,LLC | www.tootsie.com | 비닐류 | 10-26560-KORQ1 PP",partial_in_text
000778,miss,2026,06,22,NONE,NONE,NONE,fail,2026.06.22(도트문자열),연세우유 | 10 | 크림(이등특) | lotus | Biscoff | Nbe | () | Biscoff | Lotus | 2026 06 22 0 | 크림( 등-복) | 연세우유 | 100 | 8 | 양아투정 | 0 22 90 9202 | smo | 3 EE 키 모리IE | smo | 180 | 물이는 | 양하무지 | 9연세우유 | 크림이등-북 | 8 | () | mlel | e | lotus | 2026 0622 08 | Biscoff. | 연세우유 | 8 | 크림(미등복) | C | Nw전의을 | nlbel | 519 | lotus | 온은 1은 그글 ㄷ | Biscoff.,rule_possible
000784,wrong_year,2027,05,22,2037,05,22,clahe,"2027.05.22(도트문자열, 빛 번짐 약간)",20370522 | 1455F,ocr
000788,miss,NONE,12,21,NONE,NONE,NONE,fail,"12월 21일(도트문자열, 우유)",빙그레 | 아나나앗 | 우유 | ….… | …………… | …… | !..… | …… | RZR | 6빙그레 | 아나나와 | 우유 | ·…   | 빙그레 | 아나나앗 | 우유 | ….… | ………… | ……,ocr
000789,miss,NONE,12,19,NONE,NONE,NONE,fail,"12월 19일(도트문자열, 우유)","2+1 | 2200 | 2.300 | 2300 | 2.300 | Unael | .b | 12.19 D1758 | 오플레 | 2200 | 1700 | [Unbel] | 0 | 23 | 2.3 | 독점개발 | to.l. | .. | "" | . | .. | . | 11 | 8 | 2+1 | 1+7 | 8 | 30 | 60 | . | 배 | …) | 1 | HAO | 0 | 85210 61 Z1 | 25 | MD | T0EE | ODEE | 2+7 | 2+1 | [Unbel | Unel | 12.19 D1758 | HC | M10 | S | 플레 | 60 | 특허 | #10-25784 | 2+1 | 신abl | 2250 | 2300 | 2300 | 2.300 | 700 | Unael | 12.19 D1758 | 00 | 플레 | 점개발 | 배H",ocr
000790,partial_wrong,2027,07,NONE,NONE,01,02,s2,2027년 7월(도트문자열),소비기한 | 01일까지(년월순) | 신고는 국번 | 제조회사 | formance | 원재료명 | 0100%の | 비타민B2우유함유 | L | 영양정보: | 총내용량81g | 309kcal | K | 1227mg61%g3%69%14g3% | EyB2) | 비닐류 | 424mg12%4.617mg | PP | < | 11100 | (28) | C | 1901550151289 | 4-0141 | A10 | g1.2g8%0g0%0g0% | New Taste New Happiness/www.neje.co.kr | 00 | D/,ocr
000791,miss,2026,06,30,NONE,NONE,NONE,fail,2026.06.30(도트문자열),I'mReal1002 | I'mReal1002 | 1* | .1. | 굼리 | I'mReal100号 | I'mReal1002号,ocr
000795,miss,2026,07,14,NONE,NONE,NONE,fail,2026.07.14(알아보기 어렵긴 함),Endak | SPICY | LEVEL | Enaak | ANTAR TOP | 오에스 | VIIS BSVL ROI | ndak | yppUE | SIANTAR TOP | HIGH TASTE SPECIAUST | GEMEE | Enaas | SPICY | LEVEL3 | yOpUE | ANTAR TOP | Endak | IANTAR TOP | IGH | - | LSITVIS3S 3SVLI | 오에스,ocr
000796,miss,2026,07,14,NONE,NONE,NONE,fail,2026.07.14(알아보기 어렵긴 함),SIANTAR TOP | HIGH TASTE SPECIAST | GEME | Enaa | DDU | IANTAR TOP | TASTES | EMY | fraan | 6 | MIGH | IANTAR TOP | Y | GEMSE,ocr
000798,miss,NONE,12,20,NONE,NONE,NONE,fail,"12월 20일(도트문자열, 우유)",43 | 비요 | 비요 | 24 | 24 | 12.20 D1539 | 요플레 | 1000m | 1000 | 요플레 | 비요 | 2424 | 40. 40 | DD | AC | 2륨 | 비영IR | OIR | UOOL | HH | 2륨 | 독정개발 | 6510 0Z Z1 | 비영IR | 비OIR | cb | 비요 | 12.20 D1539 | 요플레 | 1000m | 더강한 이중캠 | 단백점 | 단백집 | 4Re | 40. | 40 | 43 | 비요뜨 | 비요뜨 | 24 | 12.20 D1539 | 요플레 | 1000 | 더강한 이중캡,ocr
000799,miss,NONE,12,20,NONE,NONE,NONE,fail,"12월 20일(도트문자열, 우유)",12.20 D1539 | 요플레 | C | 요플 | f.. | .... | ... | ··· | … | .1 | · | 2륨 |  0'Z1 | 12.20 D1539 | 요플레 | 12.20 D1539 | HC | 요플레,ocr
000804,miss,2027,09,01,NONE,NONE,NONE,fail,"2027.09.01(도트문자열, 숫자 구분이 아예 없음)",블-랙 | EXP M9T | EXP | 랜 | - |  X |   | H2-\ | [Unbe] | 블-랙 | PRD M0E5 | EXF W9E7 | 블-랙 | D  | EF MT,ocr
000805,miss,2027,07,NONE,NONE,NONE,NONE,fail,2027년 7월(도트문자열),"제조회사 | 설탕,포도당,물옛 | nance | 원재료명 | 비타민B2우유함유 | 총내용량81g | 영양정보: | 309kcal | EK | 비닐류 | /B2) | PP | 424mg12%4.617mg | LT<1 | New Taste New Happiness/www.neje.co.kr | ) | … | … | ① | 901550151289 | tnte | A10 | () | CU1 | ① | T< | /B2) | K | nance | 424mg2%4.617m | 영양정보: | New Taste New Happiness/www.neje.co.kr | 원재료명 | 제조회시 | () | 비타민B2우유함유 | 설탕,포도당,물엿,구연산나 | PTT | 1901550151289 | 309kcal | 총내용량81g | 비닐류 | (6(0) | R | dd | 68을해울 | B0K0 | X2 | “ | 4C그 | 기구0 | <>27 | ( | 6 | MNC-4£CT | 2 | 4C그 | 구74> | ……… | ( | 0 | (6(0) | <1>2 | dd | 68융 | 제조 | 유화제.유당영화갈들0.6%,성향료(자몽항)푸마르산나트름 | 설탕,포도당,둘 | iance | 원재료명 | 비타민B2 우유함유 | 총내용량81g | 영양정보: | 309kcal | m6% | EK | B2) | PP | 424mg12%|74.617mg | 일양성분지 비은므로인의필다를수있니 | 存礼工< | New Taste New Happiness /www.neje.co.kr | () | T—I | ① | ① | 4901550151289 | CO | A1o | 제조회사 | 181.54%, | 설탕,포도당,물엿,구연산 | 원재료명 | rance | 우유함유 | 비타민B2 | go | 총내용량81g | 영양정보: | 309kcal | '비닐류 | EK | %% | /B2) | PP | 424mg12%|74.617mg | 일성분지한기이므로는필요따다를수있니다 | UT<t | New Taste New Happiness /www.neje.co.kr | ()) | ) | * | ① | NCL | 4 | ""901550151289 | 95 | A10",ocr
000806,wrong_all,2026,10,02,2016,02,10,s1,"2026.10.02(도트문자열, 순서도 거꾸로 읽고, 시작도 이상함)",3 | [nel] | nbe | 31500 | nbe | 여수너공를글 | 2026 10 02 16:30 2041255 | ASSAM MILK TEA,rule_possible
000813,wrong_all,2026,08,24,2024,01,02,s1,2026.08.24(도트문자열),"手外 | Cte ge i e | nlel | 9연세우유 | W4OC0 | 110g(580kcal) | iscoff.com 을 참조해주세요 | s Bakeries Belgie, | at52,9971Lembeke, | -에서 생산하였습니다. | 리2 1 24 FS | Best before",ocr
000814,miss,2026,06,22,NONE,NONE,NONE,fail,2026.06.22(도트문자열),8 | 연세우유 | 크림이등-북! | 8 | 드 | Co | NEN산상품 | W1500 | W4.000 | otus | coff | 160g | ..1 | [nbel | 잃 | tus | EN산상품 | @연세우유 | 크림이등-북 | :0 | W4.000 | 8 | 8 | 8 | :. | sm | ’ |   | smo | :8 | 8 | 8 | @연세우유 | 1 | 크림이동-북) | 8 | 10 | EN 산상을 | #1500 | W4.000 | [unbel | [unlabl | otus | coff. | : | 8 | @연세우유 | 8 | 크림이듬~북! | [unle | [Unlbel | NEN신상을 | [Unel | unlel | W150 | w4.000 | [nabel | otus | coff | R | 160g | (B),ocr
000815,miss,2026,06,22,NONE,NONE,NONE,fail,2026.06.22(도트문자열),신상동 | 0 | 8 | ……… | R | 상도 | W4000 | H6ml | unabe | uk e | [Unbel | W4000 | [unlbel,ocr
000816,miss,2026,10,09,NONE,NONE,NONE,fail,2026.10.09(도트문자열),wt300 | EASY OUT | YVELK | Apple Shine | . | Apple Shine | THE | 름띠 | EASY OUT | 리린 | 젤블 | N: | |ㄹ | OOCAT | O0C | JE | VEL | HE | Apple Shine | w1300 | [Unael | unlbe | EASY OUT | 젤리 | HE | 블리 | Apple Shine,ocr
000820,wrong_all,2026,05,18,2018,05,02,s2,"2026.05.18(819번이랑 같은 사진인데, 조금 확대됐다고 이렇게 결과가 다른가? 확인 무조건 필요)","W5.GCC | naub | L0LLS | WVOOT WOH VIVAOIS NIW | unipos | siebns | U] | aq | (PTIW) | 6w86 | o | bw 009 | 09 | 내응 | 609 | B, | 00 | BEST BEFORE: 18.05.2U26 | MI1882IB23114:23G1",ocr
000822,miss,2026,02,02,NONE,NONE,NONE,fail,"2026.02.02(index 821이랑 같은 사진, 이렇게 같은 사진인데 결과가 다르면 안 됨. 확인 필요.)",21 | PEEL HERE | 리지 | 031120:28 | choolchoice. | 수민업소명모소 | 함량:부분탈지우유 | 원산지:미국°내용 | ·식품유형:치스 | choolchoice. | → | PEEL HERE | BB | 하  | EBE R | : | 식품유형:처스 | 원산지:미국·내용 | 함량:부분탈지우유 | 수인업소명및소기자 | Unab | PPB  | 1+3 | PEEL HERE | choolchoice. | 산자: | - | 21 | PEEL HERE | schoolchoice. | 수인업소명및소p | 함량:부분탈지우유 | ·원산지:미국내용 | ·식품유형:치스,ocr
000826,wrong_all,2026,06,22,2016,06,02,rot90,"2026.06.22(도트문자열, 우유) index 825에서는 같은 사진인데 잘 읽음",2016.06:2 | 흔들어드세요,ocr
000827,partial_wrong,2026,08,09,NONE,07,07,s2,2026.08.09(도트문자열),소비기한(아래8승자) | Best Befon | (YYYY/MN.EO) | 제품명 | 수입판매업소 | 원재료명 | ·소비자상담 | 해결기준에 의거 교 | ··· | （40114MarsF | 7.7,ocr
000828,miss,NONE,12,21,NONE,NONE,NONE,fail,"12월 21일(도트문자열, 우유)","Melon Aavored Nalk | 세기한 용기 표기일까지 | ※뚜껑은 제거후 일반쓰레기로 바 | F | EN | HK | … | …… | … | "" | … | … | Sd | NCR | [Unbel | Melon Aavored Nalk |  기봉보하나, | 080-022-0056 |  무은제거후일반쓰기 | ROTHER | 666666660 | TE ·-I D트F | Melon Aavored Nilk | , | BC | 유함개봉후 냉장보관하거나.리 | 080-022-0056 | PS | ※뚜껑은 제거후일반쓰레기로바 | OTHER | 66666",ocr
000831,miss,2026,07,16,NONE,NONE,NONE,fail,2026.07.16(도트문자열),"8833：75.37.8925 | 42 | 원산지:폴란드 | *이 제품은 공정거래위원회 고시 소비자분쟁해결기준에 | 의거 교환 또는 보상받을 수 있습니다 | 제품명:락티마 익스를루시브 올리브 8포션(Lactima Exclusive with olives 8portions) | （130）ACIMAP00 | 2470251727 | 41） | ：45%（，，（）7% | (그린을리부, 정제수 정제소금,구연산상나트를), 탈지분유, 구연산삼나트름, 제상인산나트를 산성피로인산나트를 | 피로인산나트를, 플리인산나트를, 우유단백질, 유청분말(우유) 정제소금,카라기난,로커스트콩결 우유함유 | 영양정보 | 140g（17.5gx8）/17.5g（1）40kcal | 12002 | *7：（XP：：140g[17.5gx8315kcal] | (그린올리브, 정제수, 정제소금,구연산삼나트름) | 트륨 | 플리인산나트름,우유단백질,유청분말(우유) 정제소금,카라기난,로커스트콩검 | 내용량 | .37 | 의거교환또는 보상받을 수 있습니다 | *반품및교환:구입처및수입처*포장재질: | .235 | 탈지분유 | 구연산삼나트름 | 异1g0已1% | 제삼인산나트륨 | Z0.0. | 알미늄(외포장:동이) | 우유함유 | 3.:3. |      | R<) | 수 | ( | L | : | nc | 여류 | h | P0007器高 | %6 Bug | IY1O | %9682%06营8%0001客# | (  | (() | 3. | 4: | E.U7.E. | 제품명:락티마 일스루시브 올리브 8포션(Lactima Exclusive with olives 8portions) | （130cO20）LACTIMASP.Z0.00： | 2470862517427 | ：45%（，，，合，，，（7% | (그림을리부, 정제수,정제소금 구연산상나트를) 발지분유 구연산삼나트를,제상인산나트를 산성피로인산나를 | 피로인산나트름, 플리인산나트를, 우유단백질, 유청분말(우유)정제소금,카라기난,로커스트콩검 우유함유 | 영양정보 | 140g（17.5gx8）/17.5g（1）40kcal | 量175mg9%午量1g0r0%弄1g0p1%2.8:5% | 0g2大23g15%营大10mg4%明3g5% | 200202 | 7：（日XP：：140g17.5gx8，315kcal | *이 제품은 공정거래위원회 고시 소비자분쟁해결기준에 | 의거 교환 또는 보상 받을 수 있습니다. | ~ | Bd스ESA스 | 제품명:락티마 익스클루시브 올리브 8포션(Lactima Exclusive with olives 8portions) | （1302ACA0.0 | *원산지:폴란드 | 45%7% | (그린올리브 정제수, 정제소금, 구연산삼나트름) 탈지분유, 구연산삼나트름,제삼인산나트름, 산성피로인산나트를 | 피로인산나트륨, 폴리인산나트륨,우유단백질, 유청분말(우유)정제소금,카라기난,로커스트콩검 | 우유함유 | 영양정보 | 140g（17.5gx8）/17.5g（1）40kcal | LE号175mg9%E午量1g口r0%异1gmp1%X2.8g5% | 0g23g15%10mg4% | 단백질3g 5% | 2000 | ：(X：：140g[17.5gx8315kcal] | *이 제품은 공정거래위원회 고시 소비자분쟁해결기준에 | 의거 교환 또는 보상 받을 수 있습니다.",ocr
000832,miss,2026,07,16,NONE,NONE,NONE,fail,2026.07.16(도트문자열),"*원산지:폴란드 | 영양정보 | 의거 교환 또는 보상받을 수 있습니다. | 제품명:락티마 이스클루시브 올리브 8포션(Lactima Exclusive with olives 8portions) | （130ACMA0.0 | 140g（17.5g×8）/17.5g（1）40kcal | 00至23g15%人10mg4%时3g5% | 200ca | ：（P：）：14017.5g8315kca | 139 | *이제품은 공정거래위원회 고시 소비자분쟁해결기준에 | 제품명:락티마 익스클루시브 올리브 8포션(Lactima Exclusive with olves 8portions) | 3 | (그린올리브, 정제수, 정제소금,구연산삼나트름) | 영양정보 | 랜스지방0g | m | 175mg9% | *이제품은 공정거래위원회 고시 소비자분쟁해결기준에 | 포화지방2.3g | 37. | 의거 교환 또는 보상받을 수 있습니다. | 탄수화물1g미만 0% | .2325 | /17.5g（1至）40kcal | 4% | *원산지:폴란드 | 2.: | %682 | %9 6 | 3. | % | 6 | %91 | () | 0012）冠百品：品品百 | %66 | 0 | ( | 3. | 3.: | [Unle | P809：4537.2025411412 | 제품명: 락티마 이스클루시브 올리브 8포션(Lactima Exclusive with olives 8portions) | ：（130c20）LAHASP20.0： | ）02470862517274 | ：45%（，，，#合，），（）7% | (그린을리부, 정제수 정제소금 구연산상나트름) 탈지분유구연산삼나트를 제상인산나트를 산성피로인산나트 | 피로인산나트를, 플리인산나트를우유단백질,유청분말(우유) 정제소금,카라기난,로커스트콩경우유형유 | 영양정보 | 140g（17.5g×8至）/17.5g（1）40kcal | 量175mg9%1g00%#1g1%2.895% | 01至23：15%量人10mg4%3.5% | 1200c | ：（P：：14017.5gx82，315kca | *이 제품은 공정거래위원회 고시 소비자분쟁해결기준에 | 의거 교환 또는 보상 받을 수 있습니다. | . | …:………. | 원산지:폴란드 | 제품명:락티마 익스클루시브 올리브 8포션(Lactima Exclusive with olives 8portions) | （130）CAP0.0 | 4） | ：45%（，，（）7% | 우유함유 | (그린올리브, 정제수, 정제소금,구연산삼나트름), 탈지분유,구연산삼나트룹, 제삼인산나트름, 산성피로인산나트를 | 피로인산나트룹, 폴리인산나트룹, 우유단백질, 유청분말(우유), 정제소금,카라기난,로커스트콩검 | 140g（17.5gx8）/17.5g（1）40kcal | 영양정보 | 1g0%1g1%2.8g5% | ㅣ단백질3g 5% | LI三喜175mg9% | ‒ | 트랜스지방Og | 2.3g15%10mg4% | 2.00ca | ：X：：140g[17.5gx8315kcal | *이 제품은 공정거래위원회 고시 소비자분쟁해결기준에 | 의거 교환 또는 보상 받을 수 있습니다.",ocr
000836,wrong_all,2026,05,18,2018,05,02,s2,2026.05.18(도트문자열),단백 | 단백 | 20g | 20g | LOLLS09/ | 66 | DN | w009 | 600L | BSL | w08L | H | BEST BEFORE: 18. 05. 2Ui26 | M1882I B 23:14:23 G1 | EA | 601 | 4*,ocr
000852,miss,2026,08,14,NONE,NONE,NONE,fail,2026.08.14(도트문자열),"BE I. | "" | ! | ! |   | CBE14:0826 | [Unbe | LE",rule_possible
000853,wrong_md,2026,09,24,2026,05,24,s1,2026.09.24(도트문자열),LT |  26.05.24,ocr
000854,wrong_all,2026,09,04,2025,11,05,s1,,식품안전관리인증 | HACCP 마크란? | HACCP | 식약처에서 위생적이고 안전하다고 | 인증한 식품에만 표기하는 마크입니다 | 801117282301 | 소비 | 부터 | 기한 | 2025.11.05/15:11 | 까지 | 2026.09.04/ A-1,rule_possible
000856,wrong_md,2026,06,03,2026,03,16,s1,2026.06.03(도트문자열),"경기도 평택싱언웃 | 판매원:매일유업(주)경기도 | 2유,대두 함유 | 평택시 진위면 진위서로 63 | ：1588-1539 | ·반품 및 교환:구입처 및 수입원 | (밀가루,니코틴 | 본 제품은 공정거래위원회 고시에 | 염,비타민B2,엽 | 의거 교환 또는 보상 | 가추출분말,효모. | 받을 수 있습니다 | 플라스틱 | 텐),보리(글루텐) | ·부정·불량식품 | 를 사용한 제품과 | 신고는 국번없이 | PP | 하고 있습니다. | 1399 | 개봉필름:알루미늄 | 원산지:캐나다 | 52g267kcal | 空量33.5g10% | 03 16 2026 | 13.1g | 24% | L234K07---83 15:37 | 4.7g31% | 3.8g | 7% | (%)2.000kcal | 량에 따라 다를 수 있습니다. | ·소비기한(일-월-년 순 까지) | ·냉장보관을 하지 마시고, | 건조하고 서늘한 곳에 보관 | 80005",partial_in_text
000859,miss,2021,10,28,NONE,NONE,NONE,fail,2021-10-28(858과 같은 사진),1298 | 1398 | 2 | 0 | 8 | · | O,ocr
000860,wrong_day,2022,07,23,2022,07,29,s2,2022.07.23(도트문자열),isletmeKayitNo:TR-41-K-001282 | Parti Sen No Batch No | kg | 2000)70.550z | sgararang Bupo | Hnmase | Ea Aose It.Jar.B.ane | -COI | hestour dam and sunigts Store in aoyour-fe pao/Corsener daes unendrt tetr de la chalaur | cantains lard andits dervaves /Aucun de nos poduits ne cantient pes ar saindour ou dadifs/ | e.Tuciye | Tavsiye edlan tiketim tanhi(TEt)ve partinumarasi ambalajn izenindedir. | Best before date see on the package | 0227472840-01001641646-01005400549 | Cesit No/ Sote-Nr | 0g | Ref No/ Kind No | Ner Agritk /Netto Gewicht | Product Date / Best Before | Uretim Tarihi/TETT | babgmbos No/ Namero de Articulo | HOMDD H BAB Soort nummer | Pards Net Ner Weighr | Temo / Netto gewicht | tayas | (03 | VRSTA BR Nr Speciment | ulgo fembs / Peso Neto | 29 | AOIB | NETO TEZINA.Grcutaten | GIDA SAN Ve TIC.AS | Kadapd Bapos  | Cobze Organlze Sanay. | Od/Yyroboe/Prolivodac | 9 | LOT:233 | han Dede Cd 0 ak No2 | Oebz8 /KOcaall/TURKEY | BEST BEFORE | To02620466713(PbX | 29.07.2022 | FaX-0.2626410680-90 | www.layas. com tr | 690997 | BOXNO:B056291 | 156297 | numh.nnboaaahawysiby,partial_in_text
000861,miss,2022,07,23,NONE,NONE,NONE,fail,2022.07.23(도트문자열)(860과 같은 사진),"s2kg | (2000)70.55OZ | ar SesNo Bach | Pradust Dale | tayas | Best Betoeu | LOT:232 | BEST EEFORE | 23,07.2022 | 8690997156297 | BOYMOB05629 | mumf.mpb)oa.aafw ysiy | mumk.npb)oL.aafal ysi.wy | (2000)70.55OZ | 4Kg | tayas | 2307.2022 | BEFORE | Karisik Meyye Dolqulu Yunu | Kawrisik Metve'Dolqulu'Yumu | seael | -nbe | Pat Ser No BachNo | Prpdus Date Bes Betoru | tayas | 4 | LoT:23z | BEST BEFORE | s2kgf | 2307.2022 | 890997156297 | (2000)70.55Z | mamk.mbo.aaaw ysimy | De DB6S3 | tayas | 5629 | LOT-232 | s2kge | BEST BEFORE | 2307.2022 | 390997136297 | B0YMO:305629 | (2000)70.55OZ | mumf.mpb)oLaafaw ysi.y",rule_possible
000862,miss,2021,10,22,NONE,NONE,NONE,fail,2021.10.22(도트문자열),A consommer de préférence avant le/ | Consumir preferentemente antes del/ | 35-239-001 | 编线:18:8889 | EXP | Poids net: 125g | Best before/ | FR | A consumir de preferéncia antes de : | CE | PRP | A consumir de preferéncia antes de: | NN | Best before/ | :18:8889 | Hopa | 280201481846 | 11S | A consommer de préférence avant le / | Best before/ | Consumir preferentemente antes del/ | FR | 35-239-001 | A consumir de preferéncia antes de: | CE | PRUO | 编线：18:#88 | EXP | Poids net; 125 g | 80 | A consommer de préférence avant le/ | Best before/ | FR | Consumir preferentemente antes del/ | 35-239-001 | A consumir de preferéncia antes de: | CE | FFRC | 125g | Poids net : | 22802011481846,ocr
000863,miss,2021,10,22,NONE,NONE,NONE,fail,"2021.10.22(도트문자열)(같은 사진 약간 돌리고, 화질 저하)",Cnm | 31889 | 125g | Aconsomme  pretrence ante/ | R | Best betore! | 35-239-00) | CE | Acosm deptrincaantes de | PRUC | EXP | Poids net: | PRR:18:281 | Best belore! | rence aant le/ | 8 | PESIOEN | mben | ud sunsuoo | 125g | :1au spod | 30 | 100-6EZ-SE | 4 | Acorsomme dptenct ante/ | Bestbelore/ | （35-239-00 | R | Cnmpetesdel | CE | Aonsmr de pternca stsd | PROD | 188 | EXP | 125g | Poids net:7 | Acorsmmrde prenceaante/ | FR | Best betore/ | 35-239-001 | Consumir prederenlemerte antes del/ | CE | Aconsmir de preterinca antes de | 글:18: | PROC | .10.2020 | EXP | 125g | 32280261281848 | Poids net:,ocr
000865,miss,2021,09,25,NONE,NONE,NONE,fail,2021.09.25(도트문자열),DELI | 1.8% | FOODS | DOEL! | 3hh4b-+ | 1.8% | %8 | 0.Z | -G4YS | T | %81 | -G*Y | DELI | FOODS | 3kh시-+ | B | 1.8% | DELI | FOODS | -- | 1.8% | 연에크시원크일,ocr
000867,miss,2021,10,23,NONE,NONE,NONE,fail,2021.10.23(도트문자열),EGOGold | PBD | nATE | 2020 | 2021 | ATCHA COOKIES | EATCH | E | DAT | E | NO | 0 | EGOGold | TCHA | Wm | X | -00 | n | HOO | omm | -CINN | NωU | 0 | 초코집21%은 | NN | 00 | NN | O° | 초코집 항량의 차이를 느로? | Or | NN | 00 | NN | 0 | NeN | NN- | O00 | C | 0a1- | LOPOTTCVH UT | 3 | 00 | 20 | 초코집 항량의 카이를드로타 | TEGOGold | PRD | DATE | 7 | 29 | DATE | 20 | E | P | 1.0 | ATCH | 2 | 0 | 21 | ATCHA COOKIES | NO | Y | 20 | BY | TEGOGold | PRR | DRTE | NON | 07 | 2020 | 8e | DATE | 1 | 2021 | BATCH'NO | OEY | ATCHA COOKIES,partial_in_text
000868,miss,2021,10,23,NONE,NONE,NONE,fail,2021.10.23(도트문자열)(위와 같은 사진),E | EGOGold | HA COOKIES | BATE | FcA | 08 | EGO | WmT | -70 | 100 | omm | NWUR | -RUN | 0+0 | D | 2829 | 21 | E | NON | 9 | U | E | EGOGold | IA COOKIES | TCH | 초조 | EGOGold | wcn | F | IA COOKIES | na | AT | TC | H | N | 6,ocr
000872,miss,2021,02,26,NONE,NONE,NONE,fail,FEB/26/21(2021.02.26으로보임),"AANVZZON | QEDITS | HESIMH | BestByFEB/26/21 | 10:48NDL2A | o | 690001 | 16 | Open & Enjoy! | BELGIOIOS | BestBy FEB/26/21 | FRE3H | MO2ZAREL | AMERICA'S FAVOIRITECH | 10:48NDL2A | SLICED | CRAFTED IN WISCONS | PASTEURIZED MILK,I | EIMES, SA | ""No stgmiamt difo | 'om cors beat | BELGIOIOSO CHEESEC | GERATEI | BELGIOIOSO.COM | EE- FER | NETWT16071453 | 69000 | psON | S S | QEDITS | cacEPCENREEBR스 | TOYVZZON | HESINH | ILV | acECCIABA스T | Nutrition Facts Servings | AMERICA'S FAVOIRITE | MO2ZAREL | BEDLGIOIOS | BELGIOIOSO CHEESE | 43 | Calcium (8% DV), tron | SLI | NETWT16071250 | FRESH | HEEIAH | AOMVZZR | C | QEDITS | APTT VAPTCRIIE | 4 | BestByFEB/26/21 10:48NDL2A | TAAVZZON | s (d%9)6usL | QEDIIS | aip osON | HEAMH | 9 | 169000 | (Incl. og Added Sugars | BestByFEB/26/21 | 10:48NDL2A",ocr
000873,wrong_md,2021,02,26,2021,08,26,s1,FEB/26/21(2021.02.26으로보임),HEHAH | AOMRZZEET | QEDITS | BELGIOIOS | BestBy FE8/26/21 | 10:48NDL.2A,ocr
000877,partial_wrong,2023,04,03,NONE,12,30,s1,2023.04.03(왜 못읽음? 색깔이랑 약간 겹쳐서 그런가),sera | BEST BEFORE103V0472 | BATCH:0946/1/3 | SADE | HELVA | SUBE SESAMPASTE | TRADITIONAL HELVA | Netwt.:12.3oz- | 350ge,ocr
000878,miss,2023,04,03,NONE,NONE,NONE,fail,2023.04.03(왜 못읽음? 색깔이랑 약간 겹쳐서 그런가),Sera | 109467173 | SADE | SUBE SESAMPASTE | HELVA | TRADITIONAL HELVA | 350.e | Netogowiche | Nerwt:123at | BEFUREH | HELVA | SADE | TRADITIONAL HELVA | SUBE SESAMPASTE | Sera | IQVS | VVTIH | RATIH TNHLINIA | SS SSESN SSEE | AUVS | E/T/9PEO | 5240450:300/3日1533 | Sera | BEST BEFUREHUCTUT | BATCHF094613 | SADE | SOBE SESAMPASTE | HELVA | TRADITIONAL HELVA | 350.e | Nonogewichr | New:123ar | Sera | BEST BEFORE:OSPUNVES | BATCHF0946V13 | SADE | SUBE SESAMPASTE | HELVA | TRADITIONAL HELVA | 350.e | Nonogowichr | Notwt:123ot,ocr
000883,wrong_md,2021,07,03,2021,01,04,clahe,2021.07.03(부터/까지 문제),생산일자 | 2021.01.04 | 유통기한 | 2021.67.03 | 까지 | 80115030045,partial_in_text
000885,miss,2021,07,09,NONE,NONE,NONE,fail,2021.07.09(도트문자열),①주의사항 | 본제용은 용국과 건과류가들어가 있어서 유통종에섭게 변집원 | 우려가 있습니다.그러므로 개봉 후에는 가급적 떨리 드십시오. | SSG.COM | 유통기한 | 8804433100120 | 6874207.09 | 까지 | HACCP | 0% | 8804433 | 우려가 있습니다.그러므로 개봉 후에는 가급적 리 드십시오. | 0 | 주의사항 | 클리 | 1001 | 874297.09 | 유통기한 | HACCP | SSG.COM | 까지 | SSCSL V | PEADCN | ① | 1x | SSCSSN | B/Y① | 0주의사항 | 문제품은 용곡물과 간과류가 들어가 있어서 유통중에 업게 변절 원 | 우려가 있습니다.그리므로 개봉 후에는 가급적 필라 드십시오. | HACCP | SSG.COM | 유통기한 | 20% | 8804433100120 | 6874297:09 | 까지 | a | 주의사항 | D0% | 본 제품은 통곡물과 건과류가 들어가 있어서 유통중에 섭게 변질 될 | Aly 2%7 | 2200% | 우려가 있습니다.그러므로 개봉 후에는 가급적 빨리 드십시오. | HACCP | 2200% | SSG.COM | 28% | 30203% | 25%20g200% | 25%2#206% | 유통기한 | 5% |  00% | 3 | 80% | 80% | 6874297.09 | 8804433100120 | 까지,ocr
000886,wrong_year,2021,07,09,NONE,07,09,rot90,2021.07.09(도트문자열),유동기한 | SSG.COM | 07.09 | 까지,ocr
000887,miss,2021,12,04,NONE,NONE,NONE,fail,2021.12.04(도트문자열),"Contains Sachets oa: | R | Seasoning Powder, Seasoning Oil, Sweet Soy | Sauce, Chili Powder, Fried Shallot | 12 | 스 1 | ant Noodles | eng | G Spicy | Pedas | reng | ntanées | s/Ins | EEF CFEE | 1 | HALAL | mlenie | ant Noodles | Pedas | 1 | oning Oill, Sweet Soy | 1 | OspaS | 2 | O | DidS B | SUIS | SDpod | bua | Dids B | bua | Contains Sachets of: | R | Seasoning Powder, Seasoning Oil, Sweet Soy | Sauce, Chili Powder, Fried Shallot | ant Noodles | eng | 9Spiey | reng Pedas | tondes | STIR FRY NOODLES | tees Inst | V/AL | 10 | Contains Sachets of: | anie | Seasoning Powder, Seasoning Oil, Sweet Soy | R | Sauce, Chilli Powder, Fried Shallot | FF | 12 | F | ant Noodles | SERVING SUGGESTION | eng | G Spicy | eng Pedas | STIR FRY NOODLES | tees Insntanées | HALAL",ocr
000888,miss,2021,12,04,NONE,NONE,NONE,fail,2021.12.04(도트문자열),"wkmie | Seasoning Powder Seasoning Oi, Sweet Soy | Sauce. Chi Powder, Fid Shallot | BEFORE 2021 12 | KRA152 | tNoodles | eng | 9 Spicy | 04 | Pedas | hnie | tondes | edas | Noodles | KR 71 | BEFORE | 52 | 2021 | Powder Ft | 12 | ing Ol, Sweet Soy | fos iaMs ro buu | BEFORE 2021 12 | Dids | SDpod | Dids | 6ua |   | fos wams ro buuoses aMed buuoses | Contains Sachete oti | Saoning Powder Seasoning Oil, Swee Soy | Sauce ChM Powder, Fid Shallot | BEFORE 2021 12 D4 | CKRA1520 | tNoodles | eng | 9 Spicy | eng | Pedas | ODLE | wsnie | Contains Sachets of! | Seasoning Powder, Seasoning Ol, Sweet Soy | Sauce Chili Powder, Fried Shallt | BEF'ORE | 12021 | FKR AI52 | 12 | nbel | tNoodles | SERVONG SUGGESTION | eng | 99 | Spicy | ing Pedas | STIR FRY NOODLES",partial_in_text
000904,wrong_all,2021,08,31,2022,06,22,clahe,"2021-08-31(위와 같은 사진, 사진이 약간 회전됐다고 틀린건가?)",22-06-2022 | Merba | 12024403234 | PATISSERIE | EDITION | N | 19 | 2 | DOUBLE | CHOCOLATE | COOKIES | with delicious Dark and. | M.o. OReeolate CRunks,ocr
000905,miss,2022,01,NONE,NONE,NONE,NONE,fail,2022년 1월,"제품명 초코크레커 비스킨 |원산지 인도네시아 | 식품 | UBM | 포장재질 폴리프로필렌 유통기한 제품의 별도표기된 해당 | EXP:01.2022 | BP.1.5102 | 밀가루(밀),설랑(보존료 무수아황산 함유),팜유경 | 포도당(보존료 무수아황산 함유),탄산수소암모눔,탄산수 | 원제료명 | 능성 | 밀우유 때두 아신류 함유 | 01399T | 보관방법직사광선을 피하고 건냉한 곳에 보관반품 및 | 본제품은공정거래위원회고시소비자분쟁해결기준에의거 교환 | BISCARS | BP.1.5102 | EXP:01.2022 | HI | HI | 0건 |   |  N    |     | 제품명 초코크레커 비스킨 |원산지 인도네시아| 식품 | 2 | 8 | UBM | 포장제질 폴리프로필렌 유통기한 제품의 별도표기된 해 | BIScis | EXP:01.2022 | BP.1.510 2 | 밀가루밀),설팅(보존료 무수아황산 함유,잠유,경 | 포도당(보존료 무수아황산 함유,탄산수소암모늄,탄산수 | 원재료명 | (유전자형두포품가능성이음 성 | 가능정없음 | 밀우유대두아산류함 | 1399U | 보관방법|직사광선을 피하고 건냉한 곳에 보관 반품 및 | 본 제품은 공정거래위원회 고시 소비자분쟁해결 기준에 의거 교환 | 제품명 | 초코크래커 비스킨 원산지|인도네시아 |식품 | 수입관대원 | UBM | 포장재질 폴리프로필렌유통기한 제품의 별도 표기된 해당 | B1ScuTs | EXP:01.2022 | 밀가루(밀),설탕(보존료 무수아황산 함유),잠유,경호 | BP.1.5102 | 원재료명 | 포도당(보존료 무수아황산 함유),탄산수소암모늄,탄산수 | 대두레시티(유전자변형대두포함 가능성있음) | 한성 | 밀우유 대두아용신류 함유 | 제조사 | PT,UN | 보관방법 | 직사광선을 피하고 건냉한 곳에 보관 | 반품 및 | 본 제품은 공정거래위원회 고시 소비자분쟁해결 기준에 의거 교환",partial_in_text
000906,miss,2022,01,NONE,NONE,NONE,NONE,fail,2022년 1월,UBM | EXP:01.2022 | BP.1.5102 |   E | 일가루일 보존로 우수행산 위 | 은    | BP.1.5102 | EXP:01.2022 | 1유 | 보로 위수선 위 |   |   | - | MMV EE  | HanN | EXP:01.2022 | BP.1.510 2 | E | 보  | 진을 | 은  을  | UBM | 품명 초크크기 비스세 완신지 인도택지 | EXP:01.2022 | BP.1.5102 | 글리프로린|유통기한제품의 별도 표 | 유  | 부정 물령시를 신고는 국이 B 제조사 | 보양일 직용선을 대2 전한 해 보 | 본제품은 공정회 그시 소세부해를 기준에 있,partial_in_text
000907,miss,2022,01,NONE,NONE,NONE,NONE,fail,2022년 1월,"UBM | 35g（650kca | EXP:01.2022 | 밀가루릴,경화팜유산화방재째 부달하드록시아니솔 함위 | BP.1.2072 | 원자료명 | BISCUITS | M | 제브매O이 | apeol | Nu | BP.1.2072 | EXP:01.2022 | Toacker | ""N | wan | oacker | 35650kca | UBM | BISCUITS | EXP:01.2022 | BP-1.2072 | 원치료명 | 을 | 0 | 제품은공정거위의회분정결기준에의거또받을수있 | INFORA | arpoo | 지품명 대크러커 이스지안지인도식유형지 제진 | 2088660 | 내용량 | 135g（650kcal | UBM | BISCUITS | 밀가류밀,경화팜위산화방지부발해드독록시아니솔함위4 | EXP:01.2022 | BP.1.2072 | 관방법 직사광산을 피하고 건당한 곳에 보관 포장제질 몰리프로를 | 제품은 공정거위원회기소지분정해결기준에의거교환또는보상받을수있 | ""N | INFORMA.SINE",partial_in_text
000908,miss,2022,01,NONE,NONE,NONE,NONE,fail,2022년 1월,raypvo | UBM | EXP:01.2022 | BP.1.2072 | 'N | opeo | BP.1.2072 | EXP:01.2022 | Zoacker | UBM | utcurs | ATT | EXP:01.2022 | BP-1.20702 | UBM | BISCUITS | EXP:01.2022 | BP1.2072,partial_in_text
000913,miss,2021,10,19,NONE,NONE,NONE,fail,2021.10.19(도트문자열),"NG | 스 | 아이밀 | 남냥 | 8180115750545 | DHA웨하스 | 유통기한: | 요구르트 | 22   5 | HACC | 탄우린 | M10μg | 워질 | 약A북말 | 0.36% | mg | 24mg | 36g[190kcal,6 g(27H)×62] | 요구르트 | 含含量含6.74.% | B | 까지 | 9  | DHA웨하스 | 아이밀 | 4m | 냥남 | 요구르트 | !/읽지정 | 36g[190 | 유통기한: | kcal. | 1550545 | 까지 | ST""LT | 9 | T2 | 서위하H | 스I | 삐a다여 | Y우하HH | 8 | OdoE | u | %9ε0 | 콤콤H어 | Ho | DHA분말 | 0.36% | LiE | 혼합분말 | 6.74% | 36g[190 kcal,6 | 9(2개H) × | NG | 아이밀 | 스 | 남냥 | 818011571550545 | DHA웨하스 | 유통기한 | 요구르트 | 까지 | 읽지정 | 아HA분말 | 0.36%. | 탄윤린 | 요구르트 | 含含量含6.74% | 24mg | m9 | 36 g[190 kcal.6 g(27H)×62] | NG | 아이밀 | 스 | 냥냥 | 81801157550545 | DHA웨하스 | 유통기한: | 요구르트 | 까지",ocr
000918,wrong_all,2021,09,17,2017,09,01,s2,"2021.09.17(숫자 거꾸로 읽음, 도트문자열)",②모양만들기 | 쁘피 초콜릿 | 서늘한곳 혹은 냉장고약10분에서 | 간단하고 쉽게 만들 수 있는 | APPLICATION | WRAPPING TIP | Bread | 유통기한 | Cardens | 잘녹은 ①을 티스푼 등을 | 이용하여 몰드에 채운다. | Tip 입회용말주머니를이용하여 | 돌드에 당으면 깔끔하게 차을 수 있어요 | 귀여운동물모양의 | ③굳히기 | 귀여우면서도다양한 모양과 | 초클릿을군한다 | 크기의동물얼굴초콜릿을 | 화이트핑크엘로우3가지색상으로 | Tip 초클릿이군기 전에몸드를바닥에치면 | 표먼이 매끄러운 초골릿을만들 수 있어요 | DIY제품이에요 | 활용도가높은다크초코펜이 | 들어 있어 다양한 모양의 | ④장식하기 | 나만의 초골릿을만들수 있어요! | 따뜻한 물에중당하여 녹인 초코펜으로 | 다양하게장식하여 완성한다. | Tip 다양한 모양과 색상으로 꾸민 초콜릿을 | CR코드를 통하여 확인하세요 | 응용예 | 응용예 | 응용예 | 귀여운동물들의표정을 | 동그라미와하트초콜릿을 | 초코펜을이용하여 | 푸드데코펜을이용해 | 띠초콜릿을초코덴을 | 이용하여 귀여운인형을 | 다양하게 표현해보세요 | 메시지를쓰고케이크나머핀 | 이용하여 롤리랍스틱과 앞뒤로 | 만들 수 있어요 | 위에 올려 장식해보세요 | 붙이고 예쁘게 포장해보세요 | 202 1.09.17 | FCM003 | 8809409690124,rule_possible
000921,wrong_day,2022,02,26,2022,02,25,clahe,2022.02.26,ICC | | | PAPER | 쌀가루40% | EXP:20220225AU | 라이스페이피,partial_in_text
000923,wrong_all,NONE,02,01,2020,01,02,s1,2월1일,02.01.20:49.N0 | 천안신 | 유통기한 | 까지 | GT | 아인슈타인 | 100%/1A | 두뇌구성성분DHA | 머리가 마시는 우유! | 아인슈타인,ocr
000924,wrong_year,NONE,02,02,2018,02,02,s1,2월2일,2입 | 02.02.18:17.M0 | 천안신 | 유통기한 | 까지 | 남양 | 맛있는 우유GT | 100%1号司！ | 우유 | 맛있는 | 우유 | GT | 대한민국최고등급!,ocr
000925,wrong_year,NONE,02,02,2018,02,02,s1,2월2일,2임 | 02.02.18:17.M0 | 맛있는 우유GT | 100%1号司！ | 우유 | 앗있는 | 후유 | GT | 대한민국 최고등급!,ocr
000932,wrong_all,2021,05,26,2036,05,01,s1,2021.05.26(뭘 어떻게 잘못 읽은거임?),E0E1.05.36 | 10:38 F1,ocr
000933,miss,2021,05,26,NONE,NONE,NONE,fail,2021.05.26(뭘 어떻게 잘못 읽은거임?)(화질저하 위와 같은 사진),,ocr
000943,wrong_all,2021,05,29,2020,08,28,s1,"2021-05-29(바로 위와 같은 사진인데, 왜 못 잡았지?)","PROD -28 08 2020 | 29052021 | Cheese Snack Biscuits. | Wheat Flour, Vegetable | Sunfloweri, Dried Cheese (12s | PowLerrd Cheese, Natural R | (Chuese), Yeast Exracf | Siuuose Syrup, Salt, Dr | Earley Malt Extract, Rais | (mronium Bicarbons | Eicarbonate), Acid (Laci | Flavcirings (Pepper, | Milk, Gluten, Mmy alsc | J,J",rule_possible
000945,wrong_all,2021,07,03,2020,04,03,s1,2021-07-03(바로 위와 같은 사진임),gullón | PROD:03/04/2020,ocr
000958,wrong_day,2021,02,22,2021,02,02,clahe,2021-02-22(바로 위와 같은 사진인데 왜 틀림?),영양정보 | 套48820m/115kca | 35 | -0d | Ong 0EDg0 비EPAgE | - | 车1C0mg0%合7mg2800 | 号200 | 21:02:2 | e] | 8801114139844,ocr
000965,partial_wrong,2021,07,23,NONE,06,02,s1,2021.07.23,"DT&SPRUNGLI GMBH·수입판매업소:(주)농심 서울 | 방동)·유통기한제품 뒷면의 표시일까지(일월년순,첫번째 1= | 세조일자원재료명설팅,코아매스,코코아버터무수유지방, | 영양정보 | 100g530kcal | 12mg4%6.2g11% | (E701.13)J25 | ood SA | Mah. Baglargid. No:14 | DE-52072AACHEN | 23.07.202 | L5700 17 | Prod. date / Fecha de producción / Data de | fabricaco// | 3""046920""029674 | (//) | 100g NET | STORE IN A COOL AND DRY LACE | Consenar en lugar frescoy seco· Consenar em loc | /Serin ve kur yerdesal",ocr
000973,miss,2022,12,02,NONE,NONE,NONE,fail,2022.12.02(도트문자열),LOCAdeHONES | 플로어 하니 | 식물유형 | LOCAdeHONES | 4 | 그라 | R용공 | Fe  | LOCAdCHONEY | 1 | Uunael | BEST EY | 021222 | LOCAdebONES | mnde | 제품명 | 물로버 허니 | 식물유형 | [] | 수입원 | 제a심 | - | 2,rule_possible
000974,miss,2022,12,02,NONE,NONE,NONE,fail,2022.12.02(도트문자열)(화질 저하),LOCRLMONEP | LOCRLHONEH | L,ocr
000977,wrong_year,2021,11,03,2020,11,03,s1,2021.11.03(부터/까지 문제),03 11 20 20 | 03112021 | 222A3 | snuead pue,rule_possible
000978,miss,2021,11,03,NONE,NONE,NONE,fail,2021.11.03(부터/까지 문제),"222A3 | 31í | ""uossuued sepun pesn dnou uogeepul zeapuow | oul soudduud zopepuow | Aq peinqusi pue pouodul | u uupeuo sanpoud sesseood osje jeug juudinbe uo paungoenuew | sinueod pue | uouo ogeuls pue pued jo aue sae poo | d uedIo qwabay peugoop-oN enS nol eum uopaibul | DVIN ISVMHOANI | pue | 1 | NCC | NWW | VSOUBS | cc | 08 | MINIl OREO and device are trade | ° | ·· | lnc | der | KOMPOSIS: TEPUNG TERIGU, GULA MINYAK NABAT MENGANDUNG | ANTOKSIDAN TBHOI BUBUK COKLAT, SIRUP FRUKTOSA PENGEMBANG | (NATRUM & AMONIUM BIKARBONAT), GARAM, PATI JAGUNG. PENGEMULSI | MENGANDUNG ALERGEN, LIHAT DAFTAR BAHAN YANG DICETAK TEBAL | (LESITIN KEDELAl), PERISA SINTETIK VANILA | DIPRODUKSI PADA PERALATAN YANG JUGA MEMPROSES BISKUIT YANG | INFORMASI NILAIC | MENGANDUNG SUSU DAN KACANG | JUMLAH PEN SAIAN/AM | Kemel-ContainsAntioxidant TBHO (INS319mCocoaPowder.FructoseSyrup. | ingredients. Wheat Flour, Sugar, Non-Hydrogenated Vegetable Oil Palm, Paim | Enerer TotaR/Tota En | Energi dari Lemake | Raising Aoents (Sodum Bicarbonate (NS5oo(i), Ammonium Bicarbonate | ONS503Salt.ComStarch,Emulsfier(SoyaLecithin(NS322Nature | identical Vanilla Flavour. | Food additives are of plant and synthetic origins. | Allergen information: Contains wheat and soya. | Manufactured on equipment that also processes products containing millk | and poanuts. | Nab | PRODUCT OF INDONESIA | UR AA be | Imported and Distributed by: | B378Dr.ASantosAvenue.ParanagueCity.Phlippines | Mondelez Phiippines Inc. | ConsumerResponseCenter:(02)820-2866 | phconsumercare@mdiz.com | MiINIl OREO and device are trademarks of | Mondelez Intermational group used under permission. | DONEGIA | … | 93113839 | 222A3 | 02 | O | ""uopsspuuad sepun pesn dnou puogeuueul zejapuow | -ul souddund zopopuoy | :Aq peinqusi pue pepodul | Mi Duupeuoo sonpoud sesseooad osye peg uudinbe uo panjoeynuon | sinueod pue | ubuo ouls pue pued jo aie sapDe poo | DNVOA NVO NSNS DNNANVDNAW | 0301 | 0311 | ° | 2 22A3 | ab | w7 | uossuued aapun pesn dnoul uogeueul zeepuo | ARATEE | jo syeUepeu Be aaep pue OBO INIw | woozipwpeuraueunsuooud | [ne] | oulsuud aepuow | ab | Aa pejnqusia pue pouoduj | miu Duupeuoo sonpoud sesseooud osje ie suauadinbe uo paunoejnuew | synueod pue | upouo oguvs pue iund jo aue lenalppe poo | d'ed qaben paeueoop-uoN bns'nolum suepebu) | ANTSAMPBIMVESAMAOMSIAMPEISAESAMRRRMIAMPURSAMMIISUS | wv/irvsiadivimnr | AUIIAMSVCSANSANRHIAMEAYPSAMARRINONIRISANIUNTINII | ONT S N SNNN ONNONGONIE",ocr
000979,wrong_all,2021,06,14,2020,12,15,s1,"2021.06.14(도트문자열, 부터/까지 문제)",오리온 | 후레쉬베리 | FRESH BERRY | 801117545512 | 2020. 12. 15>08: 53 | 221.06.14F2,rule_possible
000985,wrong_all,2021,12,28,2022,02,02,rot270,"2021.12.28(DEC => 12월), 문자열을 숫자로 읽을 수 있어야함.",c22-2-2 | 962810107,ocr
000986,miss,2021,12,28,NONE,NONE,NONE,fail,"2021.12.28(DEC => 12월), 문자열을 숫자로 읽을 수 있어야함.",EXPDEC-28-2021 | L0TGC184296 | EFDE2021 | NOW | SMPPoN | 임영 | EXPiDEC-28-2021 | LOT:OC184296 | NOsW | EXP-DEC-28-2021 | 10 | L0TGC184296,partial_in_text
000987,wrong_all,2021,12,28,2022,02,02,rot180,"2021.12.28(DEC => 12월), 문자열을 숫자로 읽을 수 있어야함.",Ba2/2-22-2CEE1 | DONO,ocr
000988,wrong_md,2021,12,28,2021,01,22,rot90,"2021.12.28(DEC => 12월), 문자열을 숫자로 읽을 수 있어야함.",EP: DE1-22-2021 | Newt | NANGO,partial_in_text
000989,wrong_year,2021,07,20,2020,07,20,clahe,2021.07.20,27 | DA CONSUMARSI PREFERIBILMENTE ENTRO IL: | PREPARATO A BASE DI | BEST BEFORE: | GRASSO VEGETALE | ALUNGA CONSERVAZIONE U.H.T. | DA MONTARE E PER CUCINA | P20/07/20 | 14:54:2309 | MIX | responaible sources | Board from | FSC | KOg | FSCC014047 | 1000mle | da | for | Whipping | Montare | Pooking | e perCucina,ocr
000990,miss,2021,07,20,NONE,NONE,NONE,fail,2021.07.20,ALUNGA CONSERVAZIONE U.H.T. | 1000mle | Whipping | Montare | HOPIA | eperCucina | PREPARATO A BASE DI | DA CONESMAARA PREFERRLMENTE ENTIO IL | GRASSO VEGETALE | BEST BEFONE: | DA MONTARE E PERCUCINA | MUX | 14-34:232409 | FSC | F8C-C014047 | da | DECTNOOAA | 1000mle | e perCucina | da | DA MONTARE E PER CUCINA | PREPARATO A BASE DI | Whippin | ZIONE U.H.T. | fmos | op | mmyoo3 | 10 | omnd | bnddmM | rop | 10 | ∠POFIOO-O84 | XIN | C | WENTE ENTRO IL | PREPARATO A BASE DI | DACONESNARTREFER | ALUNG CONSERVAZIONE U.H.T. | GRASSO VEGETALE | BEST BEFORE | DA MONTAREE PER CUCINA | 20 | MIX | 14:34:2309 | 200 | ESC | P80*C014047 | 1000mle | Montarea | Wnipping | Pooking | epercucina | PREPARATO A BASE DI | GRASSO VEGETALE | DA CONSUAARSI PREFERIELMENTE ENTRO IL | A LUNGA CONSERVAZIONE U.H.T. | BEST BEFONE | DA MONTAREEPER CUCINA | 2P2697261 | MUX | F2007 | 14.34:2309 | FSC | F8C-CG14047 | 1000mle | for | Whipping | da | fCooking | Montare | HoPIA | e perCucina,ocr
000994,miss,NONE,02,18,NONE,NONE,NONE,fail,2월18일,02 | .18까지 | T5:49.F1R | PROB | 0 | 18까지 | a dd | PR OB | IYICSI | 02.180 | T5:49.F1R | PROB | 02.180 | 15:49.F1R | P RO B,ocr
000995,miss,NONE,02,18,NONE,NONE,NONE,fail,2월18일,PROB | PROB | PROB | 18까지 | PROB,ocr
000996,wrong_day,NONE,02,19,NONE,02,17,fail,2월19일,1 | .19까지 | :10F1E | R OBIO | 4본 바코드 | 8 | 8011 | 딸기요거 | 8 | 4본 바코드 | 0 | 영c | 10.F1E | 온까지 | P R OBIOT I C | 딸기요거 | QT' | 8 | 80112151010 | ] | 02 | 19까지 | 13 | :10.F1E | 4본바코드 | 8 | 801 | 딸기요거 | 1 | 02.17A | 13:10-F1E | PR OBIOT I C | 4본 바코드 | 880112151010 | 딸기요거,ocr
000997,miss,NONE,02,19,NONE,NONE,NONE,fail,2월19일,131826 | 딸기요거 | 4본 바코드 | 8 | 4본 바코드 | 연륨 | PROBIOTIC | 딸기요거 | 비EA | 880112151010 | EA | 우3:1요까지 | 4본 바코드 | 8801121 | 딸기요거 | 1510 | 18 | PROBIOTI C | 4본 바코드 | 880112151010 | 딸기요거,ocr
