image_id,kind,year_g,month_g,day_g,year_p,month_p,day_p,stage,note,texts
000018,wrong_all,2026,04,24,2025,04,02,s1,2026.04.24,OPEN | ABC | 코쿠키 OPEN | 맺있는 곡물로만든 t's ABe Time | 씨리얼 ABC | 초코 초코쿠키 | 쿠키앤크림 | kcal5%45% | ABC | 초코쿠키 | ：1801062879890 쿠키앤크림 | 25.4.2 B 까지 | 17:20 | 렛트 HEEDA
000023,wrong_day,2025,10,11,2025,10,10,s1,"2025.10.11(텍스트 지워짐), 도트 문자",빅단팥슈크림빵 | 25.10.10外A1F2 | 맛도BG!기도B | 산균 | 공법 | 풍부한 단팥앙금 수크림 | 36o kcal)
000024,false_positive,NONE,NONE,NONE,2025,10,11,det5,,"아J리브 | 통밀식빵 | upgr | 발효빵맛춤 | 허유산균 F1. | 효공법 9 25.10.11까지 아 | 럽고 품부한 | 18.8.%, | 90.002% | (1,480kcal) 이미지 사진입니다."
000028,wrong_all,2026,02,10,2025,03,31,s1,"음성메시지 유효기간을 유통기한으로 알아들음 => 실제로는 2026.02.10 따로 유통기한, 유효기한 등이 안 적혀있음",GHANA행복사서항 | 970-4567-5050 가나와 함께한 50년의 이야기를 | 지금 바로 들어보세요 | （：25.3.31） | B한간 2.8. ∞ | 품릿습 | 변정통서 | 통능
000032,wrong_year,2026,03,22,2025,03,22,det5,"2026.03.22(22에 빛이 들어와서 약간 흐려짐, 확인 필요)",2025.03 22까지 | B8 13:40 | 너라면할 수있어
000078,wrong_year,2026,06,19,2025,06,19,s1,2026.06.19(월과 일 사이에 점이 빠짐. 이걸 월/일로 인식하지 못한 듯),"옥수수전분), 국산)변성전분},과·채가공품/미 {토마토,정제소금,구연산 | 대두,밀,토마토함유 | 300g 안전관리인증 | 보 100g270kcal HACCP | OTI | mg27%59g18%18g18% | 3%트랜스지방 0g | 5g2%1g2% | 8809781220032 | 2025.0619刘至"
000088,wrong_all,2026,09,03,2025,09,04,s1,2026.09.03(도트문자),소비 25.09.04 00:34 부터 | 기한 까지
000111,wrong_day,2025,10,25,2025,10,05,s1,2025.10.25(비닐 구겨짐으로 인해 숫자가 약간 알아보기 힘들 수도),5.10.25 11:50F21 | asty 다.소비자다 and | GE | EAS
000178,wrong_day,2026,06,26,2026,06,25,s1,2026.06.26(부터랑 까지 왤케 헷갈림;;),땅공신도 | HACCP | 2025.09.26 | 2026.06.25 부터 | 까지 맛있는 약속 | 무UEE 화이트하임
000180,wrong_day,2026,06,25,2026,06,02,s1,2026.06.25(월까진 맞음. 텍스트겹침 문제발생),식품안전관리인증 | HACCP | 2025.09.26 | 2026.06.2期 | 까지맛있는약속
000190,wrong_all,2026,11,22,2022,11,26,det5,"2026.11.22(병뚜껑 옆면 라벨, 완전히 잘못 파악한 듯.)","185)114615 722.11.26 | 원재료명및함토마토필프 까4 | 제품명 (바실리코 스파게티소스 (고분29 | 식품유청 소스(실균제품 원산지 이탈리아 전방료 | 조 BaniaGeRFrtsp.(바틸라) | 수인 무원식(주) | 730-27 | 껑열면 표시일까지(일/월/년) | 실온보관 용기-유리,뚜껑·철제 | 00g225.6kcam 포장재질 폴리염화비닐(내면) | Carbohydr | 2.6 | 0.3"
000192,wrong_all,2026,06,24,2024,06,02,det5,,식품유형 는한결같은 만촉스러운 | 소비기한 등을선형기문법D | 제품과 을품요통게하는기치를찾이는 토가도 | 원재료명 | 22理：080-2193-075014开手） | 유전문판매원 (주)크레프트하인츠코리아 | 제조원 (주)에스피씨삼림 C00 | 청수공항 총북 청추지 치총택구산단로88(송정동) | 비간한 2 6 24까지D | (508 kcal 01 인 TH | 유리 | (50g 350 | 002280g
000212,wrong_year,2026,12,16,NONE,12,16,s1,2026.12.16(연도 잘못 파악),VONO | VONO | 어니언 | 12.160 | :16 SF17L | 어 | Q4기 쇠고기스프 malle 온뚜기 | OTHER |  으 어니다. 280go禁量800ml 불에 올려놓고 끝을때까지 3분 간더 끌이면 맞있는 놓지 앞도록 가끔 저으면서 | 잘저어준다을기 시작하면 오뚜기최고기스는가됩니다. | 불을 약하게 합니다. | 가열된용기는 뜨거우므로 화상 | 120010445055201
000215,wrong_all,2026,10,14,2015,01,25,s2,2026.10.14(텍스트 흐림 문제 발생),"·참전물 유래 성분이므로 안심하시고 사용하셔도 | 됩니다. ·보관 중 갈변이 발생 할 수 있으나 과실 | 농축액에서 나타나는 자연적인 현상이므로 | 안심하고 드셔도 됩니다. | ·본 제품은 소비자기본법에 | 의거 교환 또는 보상. | ·부정·불량식품 신고는 | 11399 | ccM | 이상레시 2150 HACCP 소비자중심 2개 | 가지 이상구매시 | 5E E BRRS | 11,980 | 홍 청정원 | 명사상품 | 2개구매시 10ml | 50 25-1 15 | 1기이스/점/ | 1051"
000232,miss,2027,11,26,NONE,NONE,NONE,fail,2027.11.26(텍스트 색깔 = 배경 색깔),"INAGOS | 15,맛지g 15.980 1통,맛게 | 메디켈허브 사용기한및제조재(P,P2):- 제조번호:튜브상단에별도표기 15,맛g 15.930 | 1% | 15.986 | 제조번호:류브 상단에별도 표기 제조번호:튜브상단에별도포기 제조번호:튜브 상단에별도표기 | 사용기한 및 제조재P1, P2): 사용기한및제조자(P1,P2): 사용기한및제조재P,P2): | TOTAL TOTAL TOTAL TOTAL TOTAL TOTAL TOTAL TOTAL | 내9주지 메디캘허보 메디캘허브 메디컬허브 메디컬혀브 메디캘허브 + T 7 7 7 7 | 제조번호:튜브 상단에별도 표기. | 사용기한및제조자(P,P2): | TOTAL TOTAL P2 TOTAL TOTAL | 7 | 메디켈허브 메디캘허브"
000288,wrong_year,2028,07,25,2029,07,25,s1,2028.07.25(도트문자열 + 캔 재질),2029 07 25 | LE 만
000310,wrong_md,2026,09,28,2026,07,28,s1,,"제조및(주)석보유통 | 2011044104650 | 원재료명 | 축액,해바라기씨유)]20% 호두함유 | 정보 200g20g122kcal | 글레스테롤Omg)0% 3g6% | 소비기한 2026.07.28 까지 | 종이 | 809019711769"
000356,wrong_md,2027,09,16,2027,03,17,s1,2027.09.16(완전 잘못 파악),"제조원 566 | 유통전문 (주)사조대림/경기도 | 판매원 125 | 포장재질 용기-폴리에틸렌테레프탈레이트 | (내면)우껑-폴리에틸렌 | 199104430241681 | 보관방법실온보관(개봉 후 냉장보관) | -본 제품은 공정거래위원회 고시소비자 분쟁해 | 결기준에의거 교환 또는 보상받을수 있습니다. | -반품 및 교환장소:구입처 및고객상담실-고객 | ：080-900-6133(）dr.sajo.0 | .kr-본제품은 밀,달갈,대두,우유,고등어게,새우 | 쇠고기,닭고기오징어 돼지고기 토마토 메밀,땅 | 콩,복숭아, 아황산류 호두 조개류굴,전복,홍합 포 | 함)를 사용한 제품과 같은 제조시설에서 제조하 | 고 있습니다.-원료에서 기인한 침전물이 발생할 | 수 있으니 흔들어서 사용해주세요. | 1399 | 8801039006610 LDPE OTHER | 소비기한 | 2027.03.17 Ax | 500g/10032kcal | 7.886mg 394 %不0g 0% | 탄수화물5g 2% 트랜스지방Og | 당류3g 3% 포화지방0g 0% | 0mg0%3 5%"
000360,wrong_day,2026,02,18,2026,02,13,erode3,"2026.02.18(빛 때문에 일자가 약간 가려짐, 추론 필요)","25. 08. 19 정조 | 26. 02. 13 까지 | 화류멸치볶음 게 특첨가 | 정장원이 만든 더욱 맛있는 반찬 | 원 반찬은?내 카의 맛과 영양을위한 현명한선택입니다. | 원과와 메치를 따트 볶아 더 고소하고 바삭합니다. | 강정원 견과류밀치볶은 식품유형 조류(균제 | 포면상단표 7 품목보고번호 200304490095 | 내포장재질 리프로렌 | 마는.이질는 정재소을,소스 이재동"
000368,wrong_year,2026,09,22,NONE,09,22,det5,2026.09.22(도트문자열),"SBCRET | 고기를질게 RBCTPE 영양정보 240/kcal | 다져구현한 L巨号960mg48%量13 4% | 정통 유니짜장 白异 11g 11% 15g28% | 장을 트랜스지방0g 포화지방4.2g 28% | 量40mg13%E g 24% | （%2.000kcal 므5 | 개인의 필요 열량에 따라 다를 수 있습니다. | 4 0U | 비닐류 | OTHER 09.22.06:19F3.7 까지 | 꿀는물이용시 | 1促10岁 Z(700W) 꿀는 물에 제품을봉지째 넣고 3분 간데워드십시오 | 0초 *꿀는 물 이용시 파우치믿면(스패당 부분)에 뜨거운물이 고여 화상의 우려가 있으니주의하십시오*개봉시 내용이 퇴지 없드록 | 지 개봉하여주시기 바랍니다. 조리시뚜는근처의내용물을는곳아래로후개봉하십시오*가열후에는우치및내용물이매우거주하십시오 | 제품명 오즈키친 정통직화유니짜장 | 유형 측석조리식품 | 카라엘색소덱스트린,효모추물 대파,참맛짜장양념분 향미증진제 | 난각분말,생강 | 국 | 상 | 원드선정 | 의 상량"
000373,partial_wrong,2026,09,18,NONE,02,08,s1,2026.09.18(도트문자열),"우리쌀쇠고기 스프 | 식품유형 축석조리식품 | 소재지 | 입가능성이있습니다. 1일영양성분 | 영양정보 총내용량당 기준치에대한비를 총내용량당 기준치에대한비를 | L三号1,360mg 68% 지방5.1g 9% | 탄수화물45g 14% 트랜스지방0g | 총내용량60g 당류17g 17% 포화지방3.1g 21% | 237kcal 콜레스테롤10mg 3% 단백질2.8g 5% | 소비기한 | 로므르트스 모크, 1들 HACCP 비닐류 | OTHER | 8809847090135"
000374,wrong_day,2026,08,28,2026,08,20,s1,2026.08.28(도트문자열),"식 그대로 재료 본연의 값은 맛 Donguor | 단괄죽 1등 | 420g 소비기한 | 광주광역시 광산구 하남산 2026 . 08.20 | (www.dongwonfnb.com) | 도시일까지 | 12.0%（) | 밤7.0%,설탕,비타민C,산 든든한아침을 책임지는 | 금, 산도조절제B),고운앙금 한끼 건강식 양반죽 | 설탕,정제수,팔24%, 물엿,정 양반죽은 전롱죽에현대적인 가치를더하여 | 정제소금 雪5.7%（香60%叫 모든재료를한번에 넣고오랜시간저으면서끌여내는 | 폴리프로필렌 양반죽은 맛과영양을제대로 담아내어 | 19950227050186 한끼의품격을을리는건강식입니다. | 토,돼지고기,메밀, 알류,땅고 아, 아황산류대루,밀,쇠고기,조 양반죽 1등비법 밤단팔죽은? | 굴포함),오정어,새우,우유게 용한제품과 같은 제조시설에서 제 재료 본연의 맛이 살아 있는 | ·보관방법:1.실혼보관(냉장및 국내산 참쌀과 입쌀 쌀알이굵고깨지지 있은 | )2.개봉한 제품은변질의 우려가 | 한번에 드십시오.·조리 시 제품과 | 나안전사고에 주의하십시오 | 에 손을 베일 수있으니 주의하십실 3(무)첨가"
000392,wrong_all,2026,08,28,2025,08,29,s1,,SORION | THE | 실속형 2배UP 응가중량 대비 | 소비기한 | 간편하게 즐기는 | 25.08.29 14:52 | 깔끔한 더 자일리톨 25.08.28 | THE 용기 또는 파우치에 리필해서 드세요! | KYLITOL | 달지않아 깔끔한더자일리톨 | 더 드립니다 | 복숭아맛 | OTHER | 19870415003279
000394,wrong_year,2020,04,14,2026,04,14,det5,,"죽장연 개장 인지조 | 축장연은 마을 이를측장연과자연을 | 0号三量个看01100% | 지역에서생산되는원료와전통방식으로 | 직접 장을 만드는브랜드입니다. | 원료명된장대두(외 | 수,된장2대두 | BE바 | 사골에 시준 | 대두밀쇠고기 함유 | 号20010445055895 | 우유,새우,돼지고기닭고기,토마톤,란,온징어게조개류 굴,통합전 | 함),잣,이황산류 혼입가능소비자법에 따라피해 보상 부정 | 이사이 일을 때(부문 제품 등)는 드시지 시고구입 에서 교환하 | 광을 피하여 실온에 보관하십시 | 조리방 재료 1/4左（80g） 영양정보 香202kcal | 200g）1（8g）30g400 총 내용량당 1일영양성분 주 마한내을 | 나트륨 3.300mg165% | 3. 6분 탄수하물 39g 12% | 6g 6% | 지방 59 9% | 트랜스 방09 4 | 감재박,두분 묵배기에물,양 깊어오는 하지방 0.9g 6% | 쌀어준비합니다. 감자,매호박을넣 4분간 행이버섯을넣고 2분 인두부 콜레스테롤 mg 0% | 간 더좋여완성합니다. 단백질 %）200kca7 15% | 1일영양성분 기준대 이므로개인의요열량 따라다를수있습니 | 오뚜기 | 함사 오뚜기 다있다! mal | 내소면 내품식 128 ACCP 비닐류 녹색인증 881045728834 | 국가한품기포장지 | OTHER ：G1-23-0679 | 2026.04.1422 F345153"
000406,wrong_all,2026,08,27,2028,08,05,s1,2026.08.27(텍스트색깔 = 배경색깔),5.08.28 40- | 경기 연천 먹는생물 | 갈승lC | 무기물합량(mg/L) 241~28 | 칼습(Ca) 나트륨(Na) 칼륨(K) 그승Me) 불소(F) | 211-28.1 3.9~4.9 5.0~6.8 0.0~0.1 | 835-3568左 | 개업소명및
000415,miss,2026,05,27,NONE,NONE,NONE,fail,2026.05.27(텍스트 겹침),뚜 | 까스마스아 | 영양정보 | I0% 냉장보관이 8093 00 60g/15kcal 락과조사기 아삭아살 새콤달콤한 아삭아살 새콤달콤한 야식아식색지관7 아삭아삭 새콤달콤한 아삭아삭 새고닫골한 아삭아살 새콤달콤한 | 0 4 0 락 락과초사 락과초사기 락과초사기 과초사 | 든는곳 | 영양정보 영양정보 영양정보 양정보 #48960g/ 19kc 60g/5kca 60g/15kcal 4860g/15kcal 5-8093 8809307 8809307 1390034 390034 | 量391%弄00.8% | R% | 0% 냉장보관 냉장보관 냉장보관 OTHI OTHER OTHER OTHER 는곳 노뜯는곳 들는곳 | 15C리이조산락고 | 나기 U장J산함 JU/1UV 아삭아삭 새콤달콤한 아삭아삭 새콤달콤한 P | 락리초사 락리조사기 MTR | 영양정보 영양정보 4860g/15kcal 4860g/15kcal 8809307390034 88093071390034 | 售420mg21%午量3g1%异1g可0.8% | 비닐류 | 레스테톨Om오 0%단백질0g 0% 뚜는곳 뚜는곳 | 냉장보관OTHER 냉장보관OTHER
000429,wrong_year,2026,01,04,2025,01,04,erode5,2026.01.04(도트문자열),CUPOF | BESPECI | 2025.01.04 | 41873557 06:59
000433,wrong_md,2026,08,05,2026,03,05,s1,2026.08.05(빛 번짐),유기농 가루녹차 | 50 g 식품유형 고형차 | 100%（) | 포장재질 대포장:폴리프로필렌 | 보관방법 실온보관 | 제조원 (주)티젠 |  80-23 | 기한 | W2026.03.05 | 나·부정·불량식품신고 | 보관상주사항: | 보 | R.2및문의 | M1580247室 | eazenmall.com
000440,wrong_all,2026,08,13,2025,NONE,13,fail,2026.08.13(빛 번짐),"IN | 동백 기형아출성위험을높입니다. 해손상이나 치매를 011399 늘한 곳에 보관 페닐알라닌함유), 입국,효모 927 de 므 08: | 나피 | 울한 | 22 원동:담물:13까지 25:88:1300 25:88:13 | 0ml 리식품유형영균택주  근탁주 리식품유형실균택주 m6% 에판율량알분6% 포 포 포이 천동 천동 천동 | ：（47.927% （47.927% 当（7.927% 0 이 | ,주산),입국, 기(국산,주산), 입국,모 미국산,주산),입국,모 국,효포 이 | 스페(감미료,페닐알라함유), 스페(김미료,페닐알라함유), 보단품 | 카린나트륨(감미료) 니(감미료) 카린나트륨(감미로) 밀함유 밀함유 밀함유 | 시일까지 기상단표시일까지 가상단표시일까지 9 | 6400  서한 곳에 보관 피하고서늘한 곳에 보관 피하고서늘한 곳에 보관 9 우기 | #01399 01399 | ,기에 손상이나 치매를 ,기역력 손상이나 치매를 | 는기아볶을입니다 | 25:88:1308 25:88：13 | 200ml 200ml 리및콜리식품유형살균탁주 우리젤약결리식품유형살균탁주 에탄올함량알콜분6% 에탄올함량알콜분6% 포천 동 | ，（）7.927% ，（7.927%， 이 이 | 기루(미국산,호주산),입국,모, 가루(미국산,호주산),입국,효모, 터륨이 | 스과담(감미료,페닐알라년함유) 스피(감미료,페닐알라닌함유), | 사카린나트륨(감미료) 사카린나트륨(감미료) 밀함유 밀함유 | 용가상단표시일까지 용기상단표시일까지 | 电201300150833 1031532-6400 0532-6400 품을피하고서늘한 곳에 보관 선을 피하고 서늘한 곳에 보관 우기 | 1% 300150833 ：801390 | 성이    입니 | 이동백트 이동백우"
000441,wrong_day,2025,12,15,2025,12,NONE,s1,"2025.12.15(도트문자열 + 숫자 많음?, 부터/까지 없음)",6개 | 8.25%（卫 85mL×67H(510mL/510kcal) 굴&배 Freezer Pop 아이스주스 얼려먹는 상하로 | 75%（60%） | 2025.12:53
000463,wrong_day,2027,02,14,2027,02,01,s1,2027.02.14(도트문자열),"열림 달함 | 닫힘 | 영양정보 제품명 백설 소불고기양팀 | 설 식품유형 소스(실제품) 씨제이제일제당(주)충청남도 500g 백설 | 제조원 씬산이연부 | 모장재질(내면)응가-유리두껑-폴리염화비널 | 불고기월 탄수 품목보고번호 소비기한하단표기일까지 20020464088-34 소불고> | 일새료명 합간장(아미노산역(탈지대두 | 100% | 조리예 국산배·사과 | 500g 내두,밀함유 | (925 kcall 번품및교환장소 전국판매점 | 고기1 kg용 | 까지 | 2027.02.1 AB6 | 05:31 | 明 13.2 % 暂导"
000473,wrong_md,2026,05,21,2026,03,01,hires,2026.05.21(빛 번짐),1 좋디 | 2 2봉지데! | 25%30 | 325keall | 1005 고소함이 가득! | 75g 보리니 | 9405 미 현미 | 2026.03.01 달 경향 함쌀 목문 수수 | 56% 목수수 | 부두서리테 | 20 | 160g 号：1211530 | 0당 지방랜스지방포화지방콜레스테롤단백질 | 당류 32 % / ( 0% 16% )/160g(694kca | 8% 20% 0g 5r 0.ng 9g | 18g 11g | 9 | 준이므로 개인의필요 량에따라 다를 | 000 | 2026.05 F07
000474,wrong_day,2026,06,26,2026,06,25,erode5,,캘리셔스 | 26.06.25 A
000480,wrong_md,2026,06,04,2026,07,21,s1,2026.06.04(DAY가 약간 흐림),"026.07.21 보리가4.5% 함은 | ZERO | 미료(아세설탐칼륨,수크람로스 연양갱 | Red Dean Pasre Jell | 식품 | 교환장소구입상점 | 취시설사를일으킬수 | 30'C 이하에서 낮은 습도로 보관 | 정상 표면에 기포가 발생할 수 | 정보 | 300g（50g | 12（50g）95k | 33g | 유5g | 20g | 0% | 지방0g | 09 0% 1802259021360 | 0mg | 2% | （）200kca | 인의 요 리다를 수 있습니다. | 2026.06.04 | 롯데웰푸드"
000482,miss,2026,11,14,NONE,NONE,NONE,fail,2026.11.14(도트문자열+텍스트가 너무 많음),"2026 | ) | 码费：15419487447） 보트:1등하는 주비분의국주세주) 电：154-9487447) 국수세구 이류 | NC NC NCI NCI TIO | 일-한 공당국물에 줄 한 변량 1~한 공탕국물에 골.한 면발 로방국불에 을 있한 받든 곰탕국물에 놀 한 면발 FRIE FRIE FRIE FRIEN 장면 | 3 0 | B- 요T또 00뚜 리 조리예 면수 국수 면국수 微线：15419467447 154144RA47 | 2025. 202-21427 14까진 3-한 곰당국물에콜시한 면발 1-한 콤탕국물에 놀한 면발 딸기루 50% 는 ㅇㅇ NCNTIO NCNTg 3 양일아 | V프주 Va68 꿀끔는물에 믿는들에 끓는물에 FRIED FRIED | 조리에 조리예 조리예 분OK 4분O0K 4분OK 부OK 데드호오 | <조리방법> | 93.5g(80g.=13.5g/340kcal) | 제품명 피공당면 쌀국수 식품의 유 2097 | )충남 황성군 천읍 담산길30 | 1(변성전분,덱스트린,타피오카전분 | 이정제소골 | 라까러 #185g340kcal 국수 면국수 | 꿀는물에 꿀는물에 | 조리예 조리예 4분OK 4분OK | 조 조리 리 방법 | 8 | 93.5g(80g.=13.5g/340kcal) 93.5g(80g.4=13.5g/340kcal) e 바 3 미미 9 100° 100风早 열고 스프를 개봉하여 면위에 골고루 뿌 C)을 용기의 안쪽 표시선까지 부어출 스프를 개봉하여 면위에 골고루 뿌릭니 % | C 껑 9 닫은 후 4분간 기다린 후 잘 처에 드시면 됩니 을후 4분간 기다린 후찰처에드시면됩 | 곰탕면 쌀국수 식품의 유형 건번 조 209-7 | 03195别F2:告 2013047302216/F2202407203195230 30 | 미국산),전분(9 면불가루(웰외국산),밀가루(밀:호주산,미국산),전분(밀전분:호주산),혼합제제(변성전분,택스트린),타피오카전분 현성전분,덱스트린),타피오카전분 | 린지방산에스터 744 수(국산),천일염 8803660-882 88030601082441 | 도네시아 자경화원(정제가공유지(외국산:인도네시아,말레이시아,필리핀 등),L글루탐산 빨레이시아 영양정보 총 내용량 89359340 kca | ,복합조미식품기,건파(중국산),복합초미식품3사골액 9 | 프본오일SW(정제우지:호주산),설탕,복합조미식 | D"
000486,miss,2027,07,15,NONE,NONE,NONE,fail,"2027.07.15(빛번짐, 텍스트 잘 안 보임)","cwpio Pickled Perila Leaves in Soy Sauce | 샘표 | 리엄마 | 0지 | Kosu 표 표 표 표g 이아 이아 27 7 /61 BMEs 9이루지2어 이 Fd 70g38.9% %68商0 %68商60 % 68602 Yl N | auad pa거pd c AeaT 리니dd pappd Oic 들단부분이 날가로므로개봉,보판및제기시주의하십시오 이미지사진 A | 20 | 표 2 1w 9이륨스2어 9이루스2어 0 | pones fos ut sayeaj eluad papd oiduss aones ros u saear eluad papd oiduas % 68%c 6 00 % 6-88 书c 6 0 9757-0 149757-0 9"
000494,wrong_md,2025,12,12,2025,06,13,det5,2025.12.12(텍스트 겹침),12개입 | 추침가량분 360g(1.740kcal) | (관리트로#그림0#오에스후기인크림 | 2.780 | 사리 후레쉬베리 | HAITAI 호데 오에스 자연을뚜르게환경을깨곳이 해터롤에서간식자기 | 쿠키앤크림 제조일 2025.06.139 2823.12.120A2 | COORIE·REAM 소비기한
000540,wrong_year,2026,03,24,2025,03,24,s1,2026.03.24(도트문자열),2025.03.24012 | 원주르금최정 축의
000544,wrong_day,2029,06,25,2029,06,02,erode5,2029.06.25(도트문자열+통조림),1wt ka the | atkin noa | J 2029.06.2 | 나어
000573,miss,NONE,10,22,NONE,NONE,NONE,fail,10월22일,gx4컵 개입 전을에 | 냉장보관 320 g (288kcal / 80g×4) 오늘 하루 으거트 함식 오늘 하루 요거트 한스준 오늘 하루 요거트 한스푼 오늘 하루 요거트 한스분 오늘 하루 요거트 한스분 속비 속비 기한 한 10.2粥 10.22M 10.22 10.2 10.2 Peach Yogurt 복숭아 오늘 하루 요거트 한스준 | 좋은 좋은 좋은 좋은 음볼 오통 오는 오통 오늘 떠먹는 요거트 떠먹는 요거트 떠먹는 요거트 떠먹는 요거트 떠먹는 요거트 떠먹는 요거트 | GOODTODAY GOOD TODAY GOOD TODAY GOODTDOAY %0.002% 복숭아 복숭아 복숭아 복숭아 복숭아 오늘 하루 요거트 한스분 소비 기한 기한 10.2M | 음류 Peach Yogurt Peach Yogurt Peach Yogurt Poach Yogurt 떠먹는 요거트 10.22 | 2 Sonal 소비 10.2 | GOODTODAY 오는 유산균 프로바이오틱스 8먹마리 복숭아 오늘 하루 요거트 한스분 기한 | 연출된예 Peach Yogurt 떠먹는 요거트 | 좋은 | GOOD TODAY 320 g (288 kcal/ 80 gx4) 320 g (288kcal/ 0gx42) 320g(288kcal/80gx42) 320g (288kcal/ 80g×4) 320g(288ked/80gX4) 복숭아 프로바이오틱스 프로바이오틱스 프로바이오틱스 프로바이오틱스 8억마리 8억마리 8억마리 8먹마리 8억마리 | 개입 개입 개입 개입 1 냉장보관 냉장보관 냉장보관 받부럼 베속마비볼프로부이오스0m2 6%，0.0142% 6%0.00142% 6%0.0012% 유산균 유산균 유산균 유산균 | gx4법 gx4 gx 4 gx4컵 (0~10℃) (0~10℃) (0~10℃) (0~10℃） | Peach Yogurt 연출된예 연출된 예 연출된 예 연출된 예 | 8억마리 | 320 g (288kcal /80gX4) 프로바이오틱스 | 개입 냉장보관 1 6%0.00142% 유산균 | gx4럽 (0~10℃) | 연출된 예 | 8억마리 | 320g(288kcal/80g×4) 프로바이오틱스 | 개입 냉장보관 유산균 | gx4럽 (0~10℃) %002% | 연출된 예
000582,wrong_md,2025,11,21,2025,01,21,s1,2025.11.21(빛번짐 + 비닐구겨짐),2025-1.21.까자.F1 | 6 | With
000622,wrong_day,2027,01,22,2027,01,02,s1,2027.01.22(도트문자열),양파(중)1기 | 남은 국물에 | 700 2 끓기 시작하면 야채와 볶아 드셔도 | 양념을 넣고 센 불에 추가재료를 넣고 면을 따로 삶 | 3분간 끓입니다. 약 5분간 더 끓입니다. 더욱 맛있습! | 신비가한 2027.01.2 | 식품유형 소스(살균제품) 품목보고번호 포리프르픽레반품 1991044507755
000627,wrong_all,2026,10,06,2022,01,08,erode5,2026.10.06(도트문자열),IEROJUKAD | 2022:1:8 | ugarljl | 맛있는 | 약젤리 | 포도
000642,wrong_all,2026,09,01,2025,03,01,det5,2026.09.01(도트문자열+비닐 구겨짐),2025.03.01 | 껌블 | 400 | 영양정보 100 g 495 kcal | 388 1일 영 오 오 양성 0 분율 | 기씨 100 g  기준치에 대한 비 | 글리 [설 나트륨 150 mg 8% | 탄수화물 65g 20 % | 당류 21g 21% | 지방 23g 43 % | 트랜스지방 0g | L 36%
000666,wrong_all,2026,09,01,2025,08,01,det5,2026.09.01(도트문자열+화질저하),LOTTE | 801062893546 | 25:08.01 A 까지
000699,miss,2025,10,27,NONE,NONE,NONE,fail,2025.10.27(화질저하),"50 豆腐 0묘 5 | 차 차 콘즈,와사비 미 포함 809720 모찌리 차모찌리도 차모찌리도 모찌리도 모찌리도 2025 모찌리 5표 | 2025 2025 2025 2025 202510 822525 37 차모찌리 모찌리 | 이 809720 809720 809720 809720 809720 822525 822525 822525 822525 822525 | 콘즈,와사비 미 포림 몬즈,와사비미 포함 몬즈,와사비 미 포함 몬즈,와사비 미 포함 폰즈,와사비 미 포함 | 의1과 백김 에탄구견 판료 위리레 원품명위인/정류 | 2025 2025 | mmm | 8 809720 809720 822525 822525 | 몬즈,와사비미 포함 몬즈,와사비 미 포함 | 정품1고 탄단강"
000722,wrong_day,2026,08,04,2026,08,01,det5,2026.08.04(도트문자열 + 병뚜껑),26.08.1 | .0804
000723,miss,2026,05,10,NONE,NONE,NONE,fail,2026.05.10(병뚜껑 + 빛 번짐),상단의 량 22 | BT 26 | 26 26.050 | 상단의 량는 기오필법 상단의 링는피오일입니는 상단의 량는 피오벌입니나 상단의 량는 오캘입니니 상단의 량 보콜 입니 | 제조원 제조원퇴 제조원 제조원롯레 제조웨데 22 | 상단의 량 기보늘법 상단의 량는 니오필입니 나1 | 제조원 제조원제질 제질성
000732,wrong_all,2026,03,16,2025,03,15,det5,2026.03.16(도트문자열),2025.03.1534
000736,wrong_year,2026,12,17,2025,12,17,s1,2026.12.17(글자 약간 벗겨짐),품명 오/늘/은 말차 식품유형 고형차 | 중량 100g | 장재질 폴리에틸렌 품목보고번호 200906311472 | 원및 판매원 | 소비자 상담실 064-787-2254www.onulun.com | 장 주의사항 직사광선을 피하고 건냉한 곳에 보관하십시오. | 기한:제품의 별도표기일까지 | 2025.12.17
000753,wrong_day,2026,03,18,2026,03,01,erode5,2026.03.18(도트문자열),2026.03.1月 | 14:13 1C20L | 카레 약간매운맛 더맛있고 활녹 | CVRRY MEDUM
000763,wrong_day,NONE,11,12,NONE,11,01,erode5,11월12일(도트문자열),11.1P85 시IF2
000764,wrong_all,2026,03,12,2023,12,NONE,erode3,2026.03.12(도트문자열),CoTYA 0 | 00 | 2023.12 | 달콤한 두유 | 지밀
000766,wrong_all,2026,09,24,2024,09,26,s1,,Best before/Batch: | 24 09 26 0218 | L5175G2 087431 | Shake well before serving.Once | opened keep inthe tidge and | consume within 3 days
000767,wrong_all,2026,03,12,2023,03,01,erode5,2026.03.12(도트문자열),COCO | ZERO | 10:54 | 2023.03.1
000770,miss,2030,04,NONE,NONE,NONE,NONE,fail,2030년 4월,"94-2030 HEWd1E 10% | 0 | LOTNO, LOTINO. EWOVJEE HEWOVSER HEWdV5EB 015567 | 9412030 9412039 | LOTINO. LOTINO, HEWDN5EE HEWO15E5 | 제조 제조 9412030 Q412030 | EXPORYDATE EXPIRYDATE | 사용 사용기"
000771,wrong_all,2026,11,19,2019,11,26,det5,2026.11.19(도트문자열),무설당칸디 | 오로리징의 딸기스다 | 밀디 | 2+1 세본APP 12.1-12.31 | 목보관 | 필비일지 | SAM이)한호질법 | .800 2 12000 | 1000 | 19 11 .26 | 5148-20
000784,wrong_year,2027,05,22,2031,05,22,det5,"2027.05.22(도트문자열, 빛 번짐 약간)",92 | 20310522 | 1455F | 2
000790,partial_wrong,2027,07,NONE,NONE,04,01,s1,2027년 7월(도트문자열),소비기한 01일까지(년월순) 신고는 국번 | 제조회사 | formance 원재료명 | 0100%の | L 비타민B2우유함유 | 영양정보: 총내용량81g | K 309kcal | EyB2) 1227mg61%g3%69%14g3% 비닐류 | 424mg12%4.617mg PP | < | 11100 | (28) | C 1901550151289 | 4-0141 | A10
000795,miss,2026,07,14,NONE,NONE,NONE,fail,2026.07.14(알아보기 어렵긴 함),lo Endak Fnaak Endak Endak Endol FNOOR | DDLE | LEVEL LEVEL3 FVEL 1 SPICY SPICY SRICY Enoak Enaak Fnoas 방 NTAR TOP ONTAR TOP ANTAR TOP ANTAR TOP noor | 오에스 2에스 | 18 0 IGH NTAR TOP NTAR TOP | 오에스 오에스 | 50
000796,miss,2026,07,14,NONE,NONE,NONE,fail,2026.07.14(알아보기 어렵긴 함),DDUA 8 | 3w3) | TASTE S dOl IVLN NTAR TOP NTAR TOP Trcan Fraan | nao EM | 6 | ICY YIGH ANTAR TOP NTAR TOP | 4 | GEREY EM
000818,false_positive,NONE,NONE,NONE,2026,05,12,erode3,나도 잘 모르겠다. MAY 12 2027이라 적힌건가?,42513201 15639 0825 | BBE.MAY 12 2026
000858,wrong_day,2021,10,28,2021,10,NONE,clahe,,9 | 2021/10 | Ro1 88 | 0 7:00
000859,miss,2021,10,28,NONE,NONE,NONE,fail,2021-10-28(858과 같은 사진),2상 2상 1298 | 09ecrl 1398 | CRT4 | 0 | 2 ·R84 3 0 | 6 7 8 9 | 0
000862,miss,2021,10,22,NONE,NONE,NONE,fail,2021.10.22(도트문자열),Aoorsocaner  prseronoo ant k Aconsommer de préférence avant le / A consommer de préférence avant le/ Aconsommer de préférence avant le / | Best before / E Best before/ Best before / A consommer de préférence avant le / FR FR FR FR | Corts. pirerxe koo te s tes 08l Consumir preferentemente antes del/ Consumir preferentemente antes del/ Consumir preferentemente antes del/ Best before / 35-239-001 35-239-001 35-239-001 35-239-001) | Aooem de pretainxe ankoodr A consumir de preferéncia antes de : A consumir de preferéncia antes de : A consumir de preferéncia antes de : CE CE CE FR | Consumir preferentemente antes del/ 35-239-001 | PE0P PROD PECP EXP EXP ExP aa:10.2L-. PR0n a9.10.2939 19 S:18:8809 A consumir de preferéncia antes de : #线：18:859 编线:18:8889 :18:로 CE | UN) PROD EXP 필로 18:믿므로 | NUN Polds ner Aconsumir de preferéncia antes de : Poids net: 125g Poids net; 125 g Best before / 125g 80 32280201481846 | :18:8889 Poids net: 125g 9 802 1844 | Aconsommer de préférence avant le/ | Best before/ FR | Raca Consumir preferentemente antes del/ 35-239-001 | 280201481846 % 0 A consumir de preferéncia antes de: CE | PROC EXP 블:18:로Y | Poids net : 125g 22802011481846
000863,wrong_all,2021,10,22,2022,10,20,erode3,"2021.10.22(도트문자열)(같은 사진 약간 돌리고, 화질 저하)",07 | Acnetomne t grtibeict hart t. | het betun. | Casucr iteterern wes on! 15-2N-07 | Arurs.nr (as grthrinca atenk | PE00 22.10.2020 | EP 22.10.202 | Pgiloh 125g
000867,wrong_all,2021,10,23,2020,02,07,clahe,2021.10.23(도트문자열),TEGOGold E 8 PRD P DATE DATE Nal nc 9 10 7 2 20 0 21 20 | ATOHA COOKIES ATCH NO 1 Y 20 BY
000868,wrong_md,2021,10,23,2021,08,18,fail,2021.10.23(도트문자열)(위와 같은 사진),EGO | 1 9 | UmT | 3X7 | -00 | 전 100 비 E 1FEF 1FEF E 1방성 | omm | -CTUN | NWU | 0 | D10 | EGO EGO EGOGold EGOGold EGOGold EGOGold rolld 2829 TCH TCH FcA BATE % % ILNAU:LNT B88 초코 21 08 18 | IA COOKIES LA OOOKIES HA COOKIES ACOOKIES ACOOKIES | 초코림 M의 주-리다 | ※조 | EGOGold BSP F TC H B BAT AT H wwo CVUCUS- 10IN 0 G | IA COOKIES
000874,miss,2021,03,22,NONE,NONE,NONE,fail,"MAR 22 21 ExpDate 라벨 대조로 정정 (BEST BEFORE MAR 22 21, 09-12)","18KS09133a 18KS09133a 18KS09133a 5 18KS09133a LIE善290mg15% L三号290mg15% LE号290mg15% 18KS09133a 1 10 10 L三号290mg15% 10 LI三香290mg15% 10 | PRODUCT OFTHE USA PRODUCT OFTHE USA PRODUCT OF THE USA PRODUCT OFTHE USA 23g43% PRODUCT OFTHE USA 23043%0.90 2343%0.9 수물3g 1% 탄수화물3g 1% 탄수화물3g 1% 수화3g 1% PRODUCT OF THE USA 탄수화물3g 1% | 90mg30% 等90mg30% 90mg30%18 트랜스지방0.9g | 설료기출지없담함비로깊료? 단백질18 단백질18 90mg30%18 | 개인의필요영량에따량 다를수있을 료있 90mg30% | 1일 영양성분기출지에대한 비용(%은? 단백질18 | 개인의필요열량에따라다수있을 | % | Nutrition Nutrition Nutrition Amount/serving Amount/serving Amount/serving % DV Amount/serving %DV Amount/serving % DV Amount/serving %DV % DV %DV fyoure not completefy satsfied with this Kirkiand Signature product, this Kirkiand Signafure product, Iyou're not completely satsfied with this Kirkiand Signature product, Ifyoufre not completefy satisfiedwth | Facts Facts Facts Total Fat 6g Total Fat 6g Total Fat 6g 8% 8% RE 8% Total Carb. <1g Total Carb. < 1g Total Carb. <1g Carb.s1g 0% 0% 0% your money wil be refunded. your money will be refunded. your money wit be refunded. | BEST BEFORE per container per container per container CONTAIRS: MILK. About 11 Servings About 11 Servings About 11 Servings per serving Calories Nutrition 10z (28g) Serving size per container Sat. Fat 4.5g Sat. Fat 4.5g Sat. Fat 4.5g Facts Nutrition 2% 21% 21% 21% Amount/serving Fiber 0g Fiber Og Fiber 0g Fiber Og %DV Amount/serving 0% 0% 0% STCO WHOLER COSTCO WHOLESALE COSTCO WHOLESALE COSTCO WHOLESALE DISTRIBUTED BY: DISTPIPUTED BY: DISTRIBUTED BY: DISTRIBUTED BY: %DV this Kirkiand Signature product, Ifyoufre not completefy satsfiedwith | Serving size Serving size Serving size Facts Trans Fat 0g Trans Fat Og Trans Fat Og About 11 Servings Total Fat 6g Total Sugars e1 Total Sugars <1g Total Sugars <1g Total Sugars <1g 8% Total Carb. <1g P.O. BOK 34 COHPORATION CORPORATION CORPORATION CORPORATION P.O.BOX34535 P.O.BOX34535 P.O.BOX34535 0% your money wil be refunded. | 10z(28g) 1oz(28g) 1oz(28g) 80 About 11 Servings Chofesterol 25mg Chofesterol 25mg Cholestero! 25mg 나 8% 8% 8% 2LTRE Incl.Og Added Sugars 0% Incl. Og Added Sugars 0% Incl. Og Added Sugars 0% 21% SEATTLEWA G8124-1535 SEATTLE,WA 98124-1535 SEATTLE,WA98124-1535 SEATTLE,WA 98124-1535 0% DISTRIBUTED BY: | Calories Sodium 80mg Sodium 80mg Sodium 80mg Sat. Fat 4.5g 4% Protein 5g 4% Pruiein 5g 4% Protein 5g Fiber 0g TC 1-800-774-2678 1-800-774-2678 1-800-774-2678 USA 1-800-774-2878 USA USA COSTCO WHOLESALE | per serving per serving per serving Calories Calories 80 8 80 80 per container Trans Fat Og VitaminD0%·Calcium0%·Iron0%·Potassium0% Vitamin D0%·Calcium0%Iron0%·Potassium 0% VitaminD0%·Calcium0%·Iron0%·Potassium0% ac리m O%: ron Os:Potassll Total Sugars <1g Www.cOSTCo.cOM WWIW.COBTCO.COM WWW.COSTCO.COM WWW.COSTCO.COM CORPORATION | MAR 22 21 06:57 293W0 10z(28g) Serving size INGRFNIENTS: CULTURED PASTEURIZED GOAT'S MILK, SALT, ENZYMES INGREDIENTS: CULTURED PASTEURIZED GOAT'S MILK, SALT, ENZYMES. INCRFNIENTS: CULTURED PASTEURIZED GOAT'S MILK, SALT, ENZYMES. Total Fat 6g Amount/serving NTS: CULTURED PASTEURZED GOATS MLK, SALT ENZYMES. Nutrition Cholesterel25mg8% Amount/serving Incl.0g Added Sugars 0% ITM./ART.9090 ITM./ART.9090 ITM./ART.9090 ITM.1ART.9090 SEATTLE,WA98124-1535 P.O.BOX34535 % DV Amount/serving %DV this Kirkiand Signafure product Ifyou're not completely satisfied wtth | CONTAIRS: MILK. CONTAIRS: MILK. CONDARS: MILK CONIAIRS: MILK. INCRENIENTS: CULTURED PASTEURIZED GOAT'S MILK, SALT, ENZYMES. alores 80 Sodium 80mg Cholesterol 25mg 8% Trans Fat 0g Sat. Fat 4.5g Facts Sodium 80mg 18KS09133a 18KS09133a 18KS09133a 18KS09133a KEEP REFRIGERATED KEEP REFRIGERATED KEEP REFRIGERATED KEEP REFRIGERATED 18KS09133a VitaminD0%·Calcium0%·Iron0%·Potassium0% 4% Protein 5g Total Fat 6g 8% WWW.COSTCO.COM 1-800-774-2678 USA Total Carb. <1g 0% your money will be refunded. | BEST BEFORE BEST BEFORE BEST BEFORE BEST BEFORE MAR2221 06:57 MAR 22 21 06:57 293W0 MAR 22 21 06:57 293W0 MAR 22 21 06157 293HO 293W0 About 11 Servings INGRFDENTS: CULTURED PASTEURIZED GOAT'S MILK, SALT, ENZYMES. PRODUCT PRODUCT PRODUCT PRODUCT Sat.Fat 4.5g 21% ITM./ART.9090 Fiber 0g 0% DISTRIBUTED BY: | 4% 8% OF THE USA OF THE USA OF THE USA OFTHE USA 1 0 119661909090 1119661909090 96619-09090 l9661909090 COSTCO WHOLESALE | Vitamin D0%·Calcium 0%-Iron 0%·Potassium 0% CONTAINS: MILK. Protein 5g Fiber 0g Total Carb. <1g % DV Amount/serving per container Serving size Trans Fat 0g 18KS09133a KEEP REFRIGERATED Cholesterol25mg8% Total Sugars <1g Incl. 0g Added Sugars 0% CORPORATION P.O.BOX34535 | BEST BEFORE Total Sugars < 1g MAR 22 21 06:57 293W0 10z (28g) VSN 3HL JO LONQOBd PRODUCT SEATTLE,WA98124-1535 USA | OF THE USA PRODUCT 18KS09133a KEEP REFRIGERATED Incl.Og Added Sugars 0% Calories 0 Sodium 80mg OFTHE USA 0 11119661909090 4%Protein 5g WWW.COSTCO.COM 1-800-774-2678 | %DV per serving 80 VitaminD0%·Calcium0%·Iron0%·Potassium0% | ITM./ART.9090 | 19661909090 ITM./ART.9090 WWW.COSTCO.COM 1-800-774-2678 USA SEATTLE,WA 98124-15 P.O.BOX34535 CORPORATION COSTCO WHOLESALE DISTRIBUTED BY: your money wit be refunded. this Kirkiand Signature product, Ifyoure not completefy satsfied with CONTAIRS: MILK. 1료 기자내량 비있습구 23g43% LE晋290mg15% INGRFDIENTS: CULTURED PASTEURIZED GOAT'S MILK, SALT, ENZYMES 18KS09133a KEEP REFRIGERATED | BEST BEFORE 단백질 트랜스지방 0.9g 탄수화물3g 1% MAR 22 21 06:57 293W0 PRODUCT | 18 포 OFTHE USA 0 l9661909090"
000875,miss,NONE,04,05,NONE,NONE,NONE,fail,MAR 22 21,"PRODUCT OF THE USA RODUCT OF THE USA JCTOFTHE USA JCTOFTHE USA 订档23g43% 민수을 3g 1% 탄수물3g 1% 탄수물3g 1% 단수초물3g 1% 10 10 atmg 15% 10 | 看客90mg30% 2304%三楼#0.90楼 2304%三楼#0.90楼 刘#23g43%楼个对#0.90空片 트랜스지방0.9g포 PRODUCT OFTHE USA 订号23043% 탄수화3g 1% | 1일영일성기내 看0人号90mg3%时18 看#日#90mg30%#18 看#日#90mg30%#18 단뚜19 | 비(신e1 4지습 量#90mg30% 트랜스지방0.9g 포 | BEST BEFORE CONIAIRS: MILK 10z(28g） Serving size percontainer About 11 Servings Facts Nutrition 개면9영양에속습나 1일영양성보기준지대한비월(치2 질19 | Nutrition Nutrition Nutrition Nutrition Amount/senving Amount/senving Amount/serving Amount/bening %DV Amount/senving %DV Amount/senving %DV Amount/senving %DV Amount/serving %0V %DV %DV %DV fyorhe nof comy Inis Kunianf Sigrafurs product. fyare not corpletely satsfedat | this Kiind Sigmature product | Facts Facts Facts Facts MAR2221 06157293WO Total Fat 6g Total Fat 6g Total Fat 6g Total Fat 6g 8% Total Carb.<1g 8% Total Carb.<1g 8% Total Carb,<1g 8% Total Carb.<1g 0% 0% 0% 0% your money wil be retunded. your money wll be refunded. be Tetun be Tetun | About 11 Senwings About 11 Senwings About 11 Senvings About 11 Servings Sat. Fat 4.5g Sat. Fat 4.5g Sat. Fat 4.5g Sat. Fat 4.5g 21% 21% 21%Fber Og 21%Fber Og Sodium 80mg 6Fiber 0g Fiber 0g Trans Fat 0g Sat. Fat 4.5g Total Fat 6g 0% 0% 0% 0% Amount/senving COSTOO WHOLESALE COSTOO WHOLESALE COSTOO WHOLESALE COSTOO WHOLESALE DISTRIBUTED BY: DISTRIBUTED BY: DISTRIBUTED BY: DISTRIBUTED BY: | Serving size per container Serving size Serving size Serving size per container percontainer percontainer Trans Fat g TransfFat 0g TransfFat 0g Transfat 0g INEREDIENTS: CULTURED PASTEURZED GOATS MUK SALT ENZYMES. Cholesterol25mg8% Total SUugars<1g Total Sugars < 1g Total Sugars<1g Total Sugars<1g Inc. Og Added Sugars 0% InclL 0o Addet Sugars 0% 1 P.O.BOX34535 P.O.BOX34535 P.O.BOX34535 P.O.BOX34535 CORPORATION CORPORATION CORPOPATION CORPOPATION | 10z(28g) 10z(28g) 10z(28g) 10z(28g) Cholesterol 25mg Cholesterol 25mg Cholesterol25mg8% Cholesterol25mg8% 8% 8% Indl. Og Added Sugars 0% Indl. Og Added Sugars 0% SEATTLEWA 98124-1535 SEATTLE.WA 98124-1535 SEATTLE.WA98124-1535 SEATTLE.WA98124-1535 | Calories Sodium 80mg Sodium 80mg Sodium 80mg Sodium 80mg VitaminD0%Calcium0%-Iron0%·Potassium0% 4% Prutein 5g 4% Protein 5g 4% Protein 5g 4% Pruiein 5g 4%P 8%1 1-800-774-2678 1-800774-2578 1-800774-2578 1-800-774-2678 USA USA USA USA | per serving  80  80 80 VitaminD0%Calcum0%·Iron0%·Potassium0% VitaminD0%Calcum0%·Iron0%·Potassium0% VitaminD0%-Calcium0%-Iron0%·Potassium0% Vitamn0%Cacum0%ron%Potssum% Prutein 5g Fiber 0g Total Carb.<1g %DV Amount/serving ITM./ART.9090 ITM./ART.9090 ITM./ART.9090 ITM./ART.9090 ITM./ART.9090 WWW.COSTCO.cCOM WW.COSTCO.COM WW.COSTCO.COM WWW.COSTCO.cOM %DV fyouhe nof completay satstied at | IMERFNICNTS: CULTURED PASTEURIZED GOATS MILK, SAT, ENZYMES. IMERFNICNTS: CULTURED PASTEURIZED GOATS MILK, SAT, ENZYMES. IMCRENIENTS: CULTURED PASTEURIZED GOAT'S MILK, SALT, ENZYMES. IMRFDIENTS: CULTURED PASTEURIZED GOATS MILK, SALT, ENZYMES Nutrition Total Sugars <1g Amount/serving %DV Amount/serving | CONAIRS: MILK CONLAIRS: MILK CONLAIRS: MILK CONIAIRS: MILK OFTHE USA PRODUCT 18KS09133a KEEP REFRIGERATED Facts nc. Og Addel Sugars 0% KEEP REFRIGERATED KEEP REFRIGERATED KEEP REFRIGERATED KEEP REFRIGERATED PRODUCT OFTHEUSA 0% your money wil be refunded. his Kunkiand Sigrafure product | BEST BEFORE BEST BEFORE BEST BEFORE BEST BEFORE l 18KS09133a 18KS09133a 18KS09133a 18KS09138 18KS09133a % 당% %DV Total Fat 6g 8% Total Carb.<1g | MAR 2221 06157293W0 MAR222106157293H0 MAR222106157293H0 HAR 22 21 06157 293HO MAR222106157293W0 About 11 Servings PRODUCT PRODUCT PRIODUCT PRODUCT PRODUCT Sat. Fat 4.5g 21% Fiber 0g 0% DISTRIBUTED BY: | 9661909090 OFTHE USA OF THE USA OFTHEUSA OFTHE USA OFTHE USA COs 0 Phis Ikiand Siy fharhe mof comcketet 09661909297 096619090907 096619090907 096619090907 196619090907 订档23g43% COSTOO WHOLESALE | ITM./ART.9090 per container Serving size WWW.COSTCO.COM USA SEATLEWA98124-1535 P.O.BOX34535 CC WHOLESALE DISTRIBUTED BY: lyor money wllbe refhunded. grafurs product h suttfed at Trans Fat Og 警器90mg360% 15% Total Sugars <1g P.O.BOX34535 CORPOPATION | 10z (28g) Cholesterol25mg8% 트랜스지방0.9g 탄수3g 1% Incl. Og Addec Sugars 0% USA SEATTLE,WA98124-1535 | Calories Sodium 80mg 4% Prutein 5g 1-800-774-2578 | per serving 80 VitaminD0%-Calcium0%-Iron0%·Potassium0% WWW.COSTCO.COM | ITM./ART.9090 | INERFNENTS: CULTURED PASTEURIZED GOATS MILK, SALT, ENZYMES | CONIAIRS: MILK KEEP REFRIGERATED | 18KS09133a | BEST BEFORE | MAR222106157293W0 PRODUCT | OFTHE USA 96619090907"
000878,miss,2023,04,03,NONE,NONE,NONE,fail,2023.04.03(왜 못읽음? 색깔이랑 약간 겹쳐서 그런가),HELVA SADE BEFORER Sera Sera Sera Sera Sera Sera | TRADITIONAL HELVA SUBE SESAMPASTE BATCHF094613 BATCHF094613 BEST BEFORBUTO BEST BEFORBUTO 109467173 Sera | SADE SADE SADE SADE SADE SADE Sera | HELVA HELVA HELVA HELVA HELVA HELVA SOBE SESAMPASTE SOBE SESAMPASTE SOBE SESAMPASTE SOBE SESAMPASTE SUBE SESAMPASTE TRADITIONAL HELVA TRADITIONAL HELVA TRADITIONAL HELVA TRADITIONAL HEIVA TRADITIONAL HELVA | Nettogewichte: Netogowiche Netogewichr: Netogewichr: Nerwt:123at New:123ar New:123ar Nerw:1230z- 350ge 350e 350.e 350.e 350.e | BEST BEFORE:OE/O4/2S | BATCHF0946V13 | SADE | HELVA SUBE SESAMPASTE TRADITIONAL HELVA | Nonogmwkh: Notwt:123ot 350.e
000886,wrong_all,2021,07,09,2020,01,10,erode3,2021.07.09(도트문자열),SSG.COM | 유통기한 | 8804433 100120 8874207.09
000888,wrong_day,2021,12,04,2021,12,NONE,s1,2021.12.04(도트문자열),"Seasoning Powder Seasoning Oi, Sweet Soy | wkmie Sauce. Chi Powder, Fid Shallot | BEFORE 2021 12 | KRA152 | tNoodles | eng | 9 Spicy"
000915,wrong_day,2021,07,21,2021,07,01,s2,,26.000 | MOTHER | 2021 07 1 | 유통기한: 10:30 02088 | MOTHER | SAOMOLC | 아이엠마더
000933,miss,2021,05,26,NONE,NONE,NONE,fail,2021.05.26(뭘 어떻게 잘못 읽은거임?)(화질저하 위와 같은 사진),151385-79 오당:S0로 오당:S0로
000940,false_positive,NONE,NONE,NONE,2021,07,03,erode3,바로 위와 같은 사진(약간 회전된),0 | 21 7 3 0 | 0 0 1 | 9 | HSMI
000945,wrong_all,2021,07,03,2020,04,03,s1,2021-07-03(바로 위와 같은 사진임),gullón | PROD:03/04/2020
000954,miss,2021,02,05,NONE,NONE,NONE,fail,,（）90.33% 7（）9033% 7（）9033% NN 햄등심 | 햄등심 =햄등심 햄등심 햄등심 햄등심 햄등심 21:82:838 촉촉하고 담백한 촉촉하고 담백한 촉촉하고 담백한 촉촉하고 담백한 최촉하고 담백단 00리방 100% 100% 100% 100% 100% Phre Pbrk Pbrk BEERKP 촉촉하고 담백한 100% | BEER BEER BEERAP BEER&PL UEN2L BEFRNPXOEER OR | 생식용 | ）9033% Pl | 21:82:83 21:81:83 21:81:83 21:82:83 21:82:83 7월8 0 0 B B DA1 DA1 DA1 DA1 지 까지 까지 품 부터 부터 부터 의 의 5이 5이 100% | 8 1801037 햄등심 촉촉하고 담백한 | BEERSPT ER | R 관품의유성 | 돼지2기무유심고기 | 9 부터 | 21:82:83 B DAT 까지 | 8801057869629
000958,wrong_day,2021,02,22,2021,02,02,erode3,2021-02-22(바로 위와 같은 사진인데 왜 틀림?),영양정보 20  | 01한까 | 0통L2 | 21.01.29W3 | 21.02.02까질 | R
000965,wrong_all,2021,07,23,2023,07,20,s1,2021.07.23,"DT&SPRUNGLI GMBH·수입판매업소:(주)농심 서울 | 방동)·유통기한제품 뒷면의 표시일까지(일월년순,첫번째 1= | 세조일자원재료명설팅,코아매스,코코아버터무수유지방, | 영양정보 | 100g530kcal | 12mg4%6.2g11% | (E701.13)J25 ood SA | Mah. Baglargid. No:14 | DE-52072AACHEN | 23.07.202 | L5700 17 | Prod. date / Fecha de producción / Data de | fabricaco// 3""046920""029674 | (//) | STORE IN A COOL AND DRY LACE 100g NET | Consenar en lugar frescoy seco· Consenar em loc | /Serin ve kur yerdesal"
000974,miss,2022,12,02,NONE,NONE,NONE,fail,2022.12.02(도트문자열)(화질 저하),89 MS BE치BS 12 12 | LOCRLMINEE LOCRLMINEE | 하 하 | 3지.4% 3지.4% | LOCRLHSNER | BALUEBNIAN
000978,partial_wrong,2021,11,03,NONE,02,22,up2x,2021.11.03(부터/까지 문제),0311 03.01 2 3829 | 2.22A3 | he 'uorséjuued sapun pasn dnou6 ruogeuuejuj zajapuow | 2화 | Jo SxuuBpB Bu éouep puE O3HO INIw | Uec-e식1 | wodzijpupeeouatunsuooud | + TE MaANOONzTo 1Gk hers | 0 | % ouf sauctcsyud zajapuow | Xg pejnausig pue pouoduj | /S3-tbr0tc | MISANOONI JO LONQOHd | 'sanueod pue | 1.0ciy  SoU re Ame a Miu Bujuejuos sjonpoud sesseooud osje peu juaudjnbe uo paungoejnuew | 'BKos pue pedym suejuoo :uogeuuoju uaésav | whwid stesoesegingd eigy Antol nrenonsue roaca teunoes uOuo ogetuñs pue ud jo aB e시appe poo. | UungpoS/ruansgeN anonaleuuA rouapl | T:E AJWCHRSUPa JEAI eunueN MzzcsN) uuaoer xos)Jeyrsnua uous uoo es BtncossNl | 4ogwDmog.wsnaraprnpguwrl 비jaggfh eeuogeoa unjuouuy (ojoogsnl euuogueag unipos)suedy Buseb | WwNaYOUD/goPys0dr dnus sogonuyapmod oooo MéicsNl OHal uppoauy sueuoO-tuev | Mrpuoc uruar heprmeicar ebbanr uruar Mpu udud)o egacya peaugooup/H-uoNeéns nold noum :sauopeutul | wotpoutanits/Aunuec Neurl ONVOV NVA NSNS ONNONVONAW | awnL.otsogorcoar] ONVA UNMSIa S3SoHdw3W VoNr DNvA NvIVhvHad VOvd ISxNQoddIQ | Ma/타ugT uuP Inu3 TVBAL MVLAOIG ONVA NVHVA HVLAVg IVHI'NADHATV ONNQNVON3W | ABwe1 VINVA MLLALNIS VSNHAd'UVTAQAN MLLISA기) | wv/Nvirvs uad HvIwnr 1STNWAONAdONNOVT UNd WVAVS'(1VNOBHVB WNINOWY WNIHIN) | wrsanuinrewo coendeg terunr | oag Dut나gg/osg ue aryt | DMIN ISVWHOINI ONNONYONAWUVBVNXVANIWNVINDNOISAL ONNdAL ISISOdWON
000990,miss,2021,07,20,NONE,NONE,NONE,fail,2021.07.20,BEST BEFOAA | 04- 04- 4 4 1000mle | da | DA CONSLUMAREIPREFER DA CONSLUMAREIPREFER DA CONSOMARSE PREFERIRILMENTE ENMIO ILI DA CONESMAARA PREFERRLMENTE ENTIO IL MENTE ENTRO IL MENTE ENTRO IL PREPARATO A BASE DI PREPARATO A BASE DI PREEPARATOABLASEDN PREPARATO ABASEDT PREPARATO ABASEDT | BEST BEFONE: BEST BEFOREE BEST BEFOREE BEST BEFORE: GRASSO VEGETALE CRASSO YEOTALE GRASSO VEGETALE GRASSO VEGETALE GRASSO VEGETALE | ALUMCA COWSERVEAZNOINE ULH.T. ALUNGA CONSERVAZIONE U.H.T. ALUNGA CONSERVAZIONE U.H.T. ALUNGA CONSERVAZIONE U.N.T. ALUNGA CONSERVAZIONE U.N.T. | eperCucina 로% DA MONTARE E PER CUCINA DA MONTARE E PERCUCINA DA MONTAAE E PER CUCINCA DA MONTAREE PER CUCINA DA MONTAREE PER CUCINA | 20 20 20 20 | 14 14-34:232409 14:34:2309 14:34:2309 23-109 - G MIX MIX MUX MIX | PSC PSC FSC 식관번P 식관번P F8C-C014047 P80*C014047 P80*C014047 FSC-C014047 | 1000mle 1000mle 1000mle 1000mle 1000mlC PREPARATO A BASE DI | HOPIA CUZ1R HDPK NDP16 Whippin 1a da da DA MONTARE E PER CUCINA Montare Montare Montarea Montarea Montave eperCucina eperCucina percucivta percucivta PCuciHa ooking ooking Wwippins Wwippins Whipping | ZIONE U.H.T. | DA CONSIUMARST PREFERIMILMENTE ENTRO ILG PREPARATO A BASE DI | BEST BEFORE GRASSO VEGETALE | ALUNGA CONSERVAZIONE U.H.T. | F2007 2P2697261 DA MONTAREE PER CUCINA | 14.34:2309 MIX | Boart Fr | PSC | F8C-CG14047 | 1000mle | HDPK dla Montaye for Whipping | eperCucinta fooking
000992,wrong_md,2021,03,04,2021,04,NONE,det5,,"10% 2 SlowNy stir n gnt | 0% 3 | 8% 4 until thickend: stir. | 10% | 8ource of ase more wuter. | Due to diterences in micros | Vitamin Bine Is approximato. | Dacd ona | OMINY CORN | MIN MONO. S: MACIN. | OLIC ACID. | hes,. Ine. |  Holdings, Inc. | 6318-5618 | 14173-D | R096153 | EERING FG-ZG1-A#10a | 04 2021 09:34"
000995,miss,NONE,02,18,NONE,NONE,NONE,fail,2월18일,7 OE:JN.1M 우로:48까지 우로:48까지 우로:19까지 우류:19까지 | godd PROB PROB PROB PROB 20OD 18까지 | PROB
000997,miss,NONE,02,19,NONE,NONE,NONE,fail,2월19일,4본 바코드 13187 13:187E 13:187E 13:10.F1E 131826 까지 | 륨 | 2ldOigQdD | 4본 바코드 4본바코드 4본 바코드 4본 바코드 4본바코드 PROBIOTI B | 8801121 8801121 0 0% 8 우류:18까지는 | 1510 1510 딸기요 딸기요거 딸기요거 딸기요기 딸기요기 딸기요기 | 4본 바코드 PROBIOTIC | 880112151010 딸기요거
