image_id,year,month,day,note
000001,2027,06,26,
000008,2027,06,29,
000013,2026,03,20,
000015,2026,03,01,
000018,2025,04,02,
000023,2025,10,10,
000026,2025,11,13,
000027,2026,04,27,
000030,2028,08,17,
000031,2026,02,14,
000032,2026,03,28,
000033,2026,06,17,
000034,NONE,NONE,NONE,
000044,2026,02,07,
000045,2027,04,21,
000046,2025,10,10,
000049,2026,03,01,
000052,2025,11,19,
000053,2025,12,20,
000057,2026,06,24,
000059,2027,06,22,
000060,2026,04,13,
000064,2026,08,03,
000068,2026,06,17,
000070,2026,10,08,
000071,2027,07,20,
000074,2026,08,28,
000077,2026,03,07,
000081,2026,05,18,
000088,2025,09,04,
000089,2026,09,11,
000094,2027,06,30,
000097,2025,11,19,
000103,2025,12,18,
000105,2025,11,09,
000109,2025,12,12,
000110,2025,10,29,
000112,2025,10,17,
000121,2027,04,13,
000125,2026,04,07,
000135,2026,04,18,
000136,2025,12,02,
000140,2026,07,14,
000142,2026,05,14,
000145,2027,03,24,
000150,2026,08,12,
000153,2026,10,12,
000158,2028,07,20,
000163,2020,01,01,
000167,2026,08,07,
000169,2026,03,18,
000171,2026,05,27,
000174,2026,09,05,
000175,2025,09,29,
000176,2026,09,22,
000177,2025,08,19,
000178,2025,09,26,
000179,2026,06,29,
000180,2026,06,02,
000184,2027,11,19,
000185,2028,03,15,
000189,2026,08,25,
000193,2026,03,06,
000195,2027,07,01,
000196,2027,02,27,
000197,2026,07,30,
000200,NONE,04,03,
000204,2026,06,18,
000209,NONE,NONE,NONE,
000211,2026,02,12,
000212,2023,12,16,
000213,2026,03,20,
000215,2020,10,14,
000219,2026,09,07,
000220,2026,02,23,
000222,2026,03,25,
000227,2028,09,17,
000228,2025,10,20,
000230,2026,03,28,
000232,NONE,NONE,NONE,
000234,2027,10,26,
000239,2026,07,10,
000240,2027,05,20,
000241,2027,08,10,
000247,2026,05,20,
000248,2026,04,21,
000252,2026,07,09,
000255,NONE,NONE,NONE,
000257,2025,12,10,
000258,2026,05,30,
000264,2026,06,06,
000267,2026,06,02,
000271,2026,03,24,
000273,2026,03,13,
000275,2026,04,23,
000277,2026,07,15,
000279,2026,06,02,
000280,2026,03,23,
000283,2027,09,17,
000284,2026,08,20,
000289,NONE,NONE,NONE,
000290,2027,03,02,
000292,2026,02,13,
000296,2026,07,28,
000297,2026,04,08,
000299,2026,05,13,
000300,2026,05,21,
000310,2026,09,28,
000314,2026,09,01,
000315,2026,07,19,
000316,2027,03,01,
000319,2026,02,14,
000322,2025,10,29,
000323,2025,12,21,
000325,2025,11,03,
000326,2025,10,18,
000332,2025,10,22,
000333,2025,11,07,
000344,2026,08,04,
000347,2027,05,26,
000351,2026,05,03,
000352,2026,08,27,
000355,NONE,NONE,NONE,
000362,2026,08,11,
000366,2026,09,05,
000367,2026,05,18,
000368,NONE,04,02,
000369,2027,06,25,
000371,2026,02,15,
000388,2026,01,15,
000394,2020,04,14,
000403,2027,04,01,
000408,2025,10,09,
000409,2027,03,26,
000411,2026,09,09,
000412,2026,01,19,
000415,NONE,NONE,NONE,
000416,NONE,04,07,
000417,2026,03,15,
000421,2026,07,17,
000423,2026,06,04,
000424,2026,03,28,
000431,2026,03,17,
000433,2026,03,05,
000434,2026,10,28,
000436,2026,02,12,
000437,NONE,NONE,NONE,
000439,2026,03,18,
000440,NONE,NONE,NONE,
000443,2026,04,06,
000444,2026,07,01,
000450,2026,03,11,
000451,2026,02,27,
000458,2026,07,01,
000461,2026,11,28,
000462,2027,05,27,
000463,2027,02,01,
000464,2026,03,19,
000465,2027,07,30,
000466,2027,06,07,
000469,2026,07,21,
000472,2026,01,17,
000473,2026,03,01,
000479,2026,05,22,
000480,2026,07,21,
000486,NONE,NONE,NONE,
000487,2027,12,11,
000491,2026,09,19,
000496,2027,03,05,
000499,2026,05,13,
000502,2026,06,20,
000507,2025,08,20,
000508,2026,08,25,
000510,2026,09,03,
000512,2026,02,17,
000522,2025,08,22,
000523,2025,09,24,
000528,2026,03,11,
000529,2026,01,12,
000533,2026,03,26,
000534,NONE,NONE,NONE,
000536,2026,01,01,
000539,NONE,01,01,
000544,NONE,NONE,NONE,
000545,2027,07,09,
000548,2026,05,26,
000550,2026,05,29,
000555,2027,04,16,
000556,2026,08,07,
000558,2025,05,16,
000562,2025,12,30,
000565,2025,12,05,
000566,2026,09,17,
000568,2026,02,23,
000569,2025,11,02,
000573,NONE,NONE,NONE,
000579,2026,07,10,
000582,2025,01,21,
000583,2035,11,23,
000595,2026,05,01,
000597,2026,09,02,
000598,2026,03,09,
000599,2026,09,04,
000600,2026,08,31,
000602,2026,09,22,
000603,2026,09,24,
000606,2026,10,01,
000611,2026,07,20,
000612,2026,05,07,
000613,2026,05,28,
000622,2027,01,02,
000632,2025,12,28,
000638,2026,06,16,
000643,2026,01,21,
000645,2025,05,13,
000651,2026,06,25,
000652,2027,03,31,
000655,2026,08,27,
000656,2026,09,04,
000658,2026,01,16,
000666,NONE,NONE,NONE,
000671,2025,10,01,
000677,2027,08,17,
000679,2027,09,17,
000680,2025,10,15,
000681,2026,01,09,
000683,2026,03,11,
000686,2025,10,03,
000692,2026,08,21,
000694,NONE,NONE,NONE,
000696,2025,10,28,
000701,2025,10,05,
000706,2026,03,11,
000713,2025,10,23,
000719,2026,04,04,
000728,2026,06,24,
000730,NONE,NONE,NONE,
000735,2027,01,12,
000737,2026,03,04,
000742,2026,05,01,
000743,2026,11,16,
000745,2026,01,10,
000747,2026,06,22,
000756,2027,02,24,
000757,NONE,10,22,
000760,NONE,NONE,NONE,
000762,2026,08,02,
000765,NONE,NONE,NONE,
000766,2026,09,24,
000773,NONE,12,10,
000777,NONE,NONE,NONE,
000782,NONE,12,19,
000786,NONE,12,17,
000788,NONE,NONE,NONE,
000790,NONE,01,02,
000791,NONE,NONE,NONE,
000795,NONE,NONE,NONE,
000799,NONE,NONE,NONE,
000802,2026,07,03,
000803,2026,09,13,
000804,NONE,NONE,NONE,
000806,2016,02,10,
000808,2026,06,12,
000810,2026,03,31,
000811,2026,03,31,
000812,2026,05,29,
000813,2024,01,02,
000818,NONE,NONE,NONE,
000819,2026,05,18,
000830,2025,12,20,
000832,NONE,NONE,NONE,
000839,2026,01,03,
000840,2026,01,01,
000841,2025,12,22,
000843,2026,06,17,
000845,2026,06,17,
000848,2026,05,21,
000858,2021,10,28,
000860,2022,07,29,
000863,NONE,NONE,NONE,
000865,NONE,NONE,NONE,
000868,NONE,NONE,NONE,
000870,2021,10,15,
000872,NONE,NONE,NONE,
000875,NONE,04,05,
000880,2021,05,11,
000882,2021,06,08,
000888,NONE,NONE,NONE,
000890,2021,04,05,
000898,2025,05,19,
000901,2021,11,01,
000904,2022,06,22,
000906,NONE,NONE,NONE,
000908,NONE,NONE,NONE,
000913,NONE,NONE,NONE,
000922,2022,02,26,
000927,2021,08,23,
000928,2022,03,13,
000930,2021,07,29,
000933,NONE,NONE,NONE,
000938,2022,06,11,
000941,2021,07,02,
000943,2020,08,28,
000945,2020,04,03,
000946,2021,09,30,
000950,2022,09,16,
000953,2021,02,05,
000963,2023,11,14,
000965,NONE,06,02,
000966,2021,08,10,
000970,2022,06,30,
000977,2020,11,03,
000979,2020,12,15,
000991,2021,03,04,
000998,2021,11,11,
001000,2021,09,07,
001002,NONE,NONE,NONE,
001004,2020,08,10,
001007,2022,06,29,
001012,2021,11,10,
001018,2021,05,01,
001019,NONE,NONE,NONE,
001023,2021,07,13,
001024,2021,07,13,
001026,2020,12,09,
001028,2021,07,07,
001030,NONE,NONE,NONE,
001033,2019,07,16,
001037,2021,03,18,
001038,2021,12,28,
001042,2021,09,13,
001043,2021,09,13,
001045,2021,04,30,
001048,2021,05,12,
001053,2022,09,01,
001054,2022,09,01,
001056,2022,05,27,
001058,2021,10,14,
001065,2022,05,04,
001068,2021,03,01,
001069,2021,03,18,
001072,2023,09,18,
001074,2021,09,30,
001075,2021,09,30,
001076,2021,07,31,
001079,NONE,NONE,NONE,
001081,2021,06,17,
001085,2023,10,09,
001090,2021,04,16,
001091,2021,04,16,
001092,2021,03,19,
001095,2022,01,12,
001098,2021,03,18,
001103,NONE,NONE,NONE,
001104,2021,08,26,
001105,2021,08,26,
001106,2027,03,21,
001107,2021,02,28,
001109,2021,03,22,
001111,2022,07,12,
001115,2022,01,12,
001117,2022,01,20,
001118,2022,01,20,
001124,2021,10,09,
001125,2021,12,28,
001128,2021,06,10,
001129,NONE,12,05,
001133,2021,02,19,
001134,NONE,NONE,NONE,
001136,NONE,NONE,NONE,
001139,2021,02,28,
001150,2021,09,18,
001152,2021,10,31,
001158,2021,08,10,
001160,2021,04,23,
001162,2021,12,06,
001172,NONE,NONE,NONE,
001175,2021,09,07,
001179,2023,09,01,
001182,2022,04,14,
001188,2020,04,23,
001189,2019,06,28,
001193,2021,02,11,
001197,2021,10,10,
001201,2022,07,16,
001205,NONE,NONE,NONE,
001207,2020,08,18,
001211,2021,07,03,
001212,2021,07,03,
001214,NONE,NONE,NONE,
001221,2021,01,01,
001222,2021,11,10,
001223,NONE,NONE,NONE,
001226,2022,06,27,
001229,2021,10,28,
001232,2021,05,05,
001233,2021,03,09,
001234,2021,03,09,
001235,2020,09,26,
001236,NONE,NONE,NONE,
001238,NONE,NONE,NONE,
001254,2019,09,13,
001256,2023,07,03,
001259,2021,08,30,
001262,NONE,07,06,
001265,2022,06,NONE,
001269,NONE,NONE,NONE,
001273,2022,06,17,
001279,2022,10,09,
001284,2022,04,23,
001287,2023,10,01,
001289,2024,11,21,
001290,2024,11,21,
001293,2020,09,02,
001296,2023,11,NONE,
001310,2021,04,30,
001314,2022,01,15,
001316,2021,12,09,
001321,2022,02,15,
001323,2023,07,09,
001324,2023,07,09,
001331,2021,04,19,
001335,NONE,02,30,
001337,2021,07,04,
001339,2021,06,08,
001345,2021,08,27,
001346,2021,08,27,
001352,2022,06,27,
001353,2022,06,27,
001358,NONE,NONE,NONE,
001361,2021,09,02,
001362,2021,10,13,
001363,2021,10,13,
001365,2022,11,01,
001371,2022,04,27,
001377,2021,12,02,
001378,2021,01,22,
001379,2021,01,22,
001382,2023,01,05,
001386,2022,04,25,
001393,2022,07,14,
001398,2021,07,23,
001399,2021,07,23,
001403,NONE,NONE,NONE,
001407,2021,07,31,
001408,2021,12,16,
001413,2021,02,24,
001415,2022,04,20,
001420,2021,07,01,
001422,2021,11,NONE,
001425,2021,06,22,
001426,2020,04,17,
001427,2020,08,12,
001428,2020,08,12,
001430,2021,01,23,
001433,2021,09,29,
001437,2021,08,29,
001438,2021,08,29,
001448,2022,07,22,
001451,2022,04,26,
001452,2022,09,13,
001455,2022,01,02,
001460,2022,11,18,
001462,2021,11,01,
001463,2021,11,17,
001469,2022,12,03,
001473,2022,02,17,
001475,2022,07,10,
001476,2022,05,10,
001478,2022,08,27,
001484,2022,09,28,
001491,2023,07,08,
001492,2023,07,08,
001502,2021,06,24,
001504,2021,01,27,
001507,2021,02,19,
001511,2023,12,01,
001526,2021,01,21,
001536,2021,02,19,
001539,2022,01,18,
001544,2021,08,02,
001552,NONE,NONE,NONE,
001555,2020,06,03,
001557,2022,03,16,
001559,2024,12,21,
001564,NONE,NONE,NONE,
001566,2020,04,23,
001567,NONE,NONE,NONE,
001579,2022,11,02,
001583,2021,12,15,
001587,2021,04,27,
001591,2021,02,18,
001593,2022,01,05,
001594,2021,12,13,
001601,2021,02,11,
001602,2021,02,11,
001603,2021,02,24,
001610,2021,02,12,
001611,2021,02,12,
001612,2022,02,25,
001613,2022,02,25,
001614,2020,09,03,
001616,2021,12,15,
001617,2021,12,15,
001619,2023,10,06,
001622,2022,01,14,
001624,2022,04,26,
001625,2022,04,26,
001642,2022,03,19,
001645,2021,10,12,
001648,2021,12,14,
001651,2021,03,09,
001652,2021,03,09,
001654,2019,08,19,
001657,2021,01,16,
001658,2021,10,20,
001660,2022,10,05,
001661,2022,04,26,
001663,2020,08,29,
001668,2021,09,14,
001675,2021,03,15,
001676,2021,03,15,
001682,2022,10,22,
001690,2020,10,01,
001692,2021,07,03,
001698,2021,12,22,
001710,2021,01,16,
001711,2021,10,15,
001714,NONE,NONE,NONE,
001715,2021,02,07,
001721,2021,07,06,
001722,2021,07,06,
001724,2021,05,13,
001727,2021,02,08,
001728,2021,02,08,
001729,2021,03,13,
001730,2028,10,01,
001731,2021,10,02,
001733,2022,11,18,
001737,2021,02,08,
001738,2022,01,05,
001739,2022,01,05,
001740,2022,11,01,
001743,NONE,10,26,
001745,2021,01,29,
001746,2021,10,12,
001748,NONE,NONE,NONE,
001749,NONE,NONE,NONE,
001755,2021,12,05,
001764,2021,12,23,
001765,NONE,01,07,
001770,2019,10,18,
001780,2020,09,01,
001781,2020,09,01,
001784,2021,06,13,
001787,NONE,NONE,NONE,
001789,2021,01,16,
001790,2021,01,16,
001792,2020,08,13,
001794,2021,11,07,
001802,2021,03,05,
001804,2021,01,15,
001806,2029,02,19,
001812,2021,03,26,
001813,2021,03,26,
001816,2021,01,15,
001819,2022,01,18,
001823,2021,06,09,
001827,2021,11,28,
001831,2020,12,NONE,
001834,2022,07,12,
001836,2021,10,02,
001840,2021,09,30,
001845,2021,11,23,
001848,NONE,NONE,NONE,
001860,NONE,NONE,NONE,
001873,2022,10,14,
001875,2022,10,21,
001878,2021,11,03,
001881,NONE,NONE,NONE,
001883,2021,09,09,
001886,2020,06,05,
001887,2023,08,22,
001890,2021,08,31,
001899,NONE,07,30,
001903,2027,08,21,
001905,2022,01,15,
001906,2021,09,03,
001908,2021,08,16,
001911,NONE,NONE,NONE,
001917,2021,05,25,
001919,2023,12,20,
001923,2022,06,14,
001928,2022,01,14,
001934,2022,03,29,
001937,2021,12,21,
001938,2021,03,NONE,
001941,2022,05,27,
001948,2020,08,NONE,
001950,2023,07,16,
001957,2021,10,NONE,
001961,2027,03,21,
001962,2027,03,21,
001963,2021,10,09,
001966,2023,10,12,
001968,2022,08,24,
001972,2023,03,15,
001973,2023,03,15,
001978,2020,11,04,
001984,2022,01,19,
001986,2023,01,04,
001989,2022,11,23,
001992,2021,12,28,
001994,2021,10,29,
001996,2021,12,18,
002000,2021,04,24,
002003,2022,05,15,
002004,2022,05,15,
002006,2022,07,27,
002009,2021,12,02,
002015,2023,06,28,
002016,NONE,NONE,NONE,
002020,2023,05,01,
002021,2022,04,09,
002023,2020,11,10,
002025,2020,01,03,
002026,2020,01,03,
002032,2022,03,22,
002033,2022,03,22,
002035,2017,12,20,
002043,2019,12,20,
002044,2019,12,20,
002047,2021,07,31,
002051,NONE,04,14,
002058,2022,06,22,
002065,2021,09,03,
002068,2022,11,09,
002072,2024,12,21,
002078,2020,10,21,
002079,2021,01,03,
002087,2021,09,03,
002091,2021,09,21,
002100,2021,09,17,
002108,2020,09,01,
002114,2020,12,01,
002118,2021,01,03,
002124,2020,11,02,
002127,2021,11,04,
002139,2021,06,29,
002141,2021,04,11,
002154,2021,05,21,
002156,2021,12,25,
002163,2023,06,18,
002164,2021,01,29,
002165,2021,01,29,
002167,2021,05,28,
002169,2020,01,15,
002175,2021,09,05,
002180,2022,01,19,
002182,2019,02,20,
002185,2020,09,25,
002186,2020,06,10,
002207,2020,05,11,
002209,2022,05,31,
002210,2020,09,22,
002216,2023,06,NONE,
002219,2022,02,01,
002226,NONE,NONE,NONE,
002229,2028,03,23,
002231,2022,07,21,
002235,2022,02,22,
002239,2022,06,30,
002246,2021,07,22,
002250,NONE,NONE,NONE,
002251,2021,05,09,
002253,2022,01,04,
002257,2021,04,30,
002259,2022,12,15,
002267,2022,09,NONE,
002269,2016,03,21,
002270,2016,03,21,
002272,2021,08,02,
002275,2023,12,22,
002280,2021,01,03,
002290,2021,09,10,
002291,2021,09,10,
002293,2021,07,03,
002294,2022,09,22,
002298,2021,10,15,
002300,2022,01,31,
002304,2022,07,31,
002316,2022,06,15,
002317,2020,12,03,
002321,2022,11,04,
002324,2020,09,06,
002326,2022,10,23,
002334,2021,10,04,
002336,2021,11,18,
002338,2023,01,05,
002340,2021,12,28,
002342,2021,12,15,
002345,NONE,NONE,NONE,
002347,2021,10,04,
002348,2021,10,04,
002349,2019,09,11,
002351,2021,09,13,
002352,2021,09,13,
002356,2021,02,12,
002357,2021,10,10,
002358,2021,10,10,
002365,2021,12,22,
002367,2020,10,01,
002370,2022,05,12,
002373,NONE,NONE,NONE,
002375,2019,10,28,
002380,2022,10,20,
002384,2020,10,08,
002388,2021,01,14,
002393,NONE,NONE,NONE,
002397,2022,01,25,
002403,NONE,NONE,NONE,
002406,2021,11,01,
002412,2023,01,18,
002415,2021,11,01,
002417,2021,12,25,
002419,2023,05,10,
002421,2020,10,23,
002424,2022,06,09,
002426,2021,01,18,
002427,2021,01,18,
002430,2021,06,11,
002431,2021,06,11,
002437,2020,09,13,
002438,2020,09,13,
002439,2022,01,26,
002448,2021,02,04,
002453,2021,12,22,
002457,2024,09,15,
002458,NONE,NONE,NONE,
002459,2021,11,30,
002462,2020,12,02,
002466,2022,01,20,
002469,2023,06,22,
002474,2021,03,16,
002475,2021,03,13,
002476,2021,03,13,
002478,2023,03,15,
002479,NONE,NONE,NONE,
002488,2021,02,06,
002494,2022,02,10,
002497,2023,01,24,
002499,2021,05,07,
002500,2021,08,21,
002504,2022,01,06,
002507,2021,08,08,
002514,2022,02,16,
002515,2022,02,16,
002516,2022,07,20,
002523,2022,09,14,
002529,2021,10,19,
002531,2022,01,19,
002532,2022,06,30,
002535,2021,12,04,
002537,2021,09,22,
002542,2021,10,17,
002543,2021,10,17,
002546,2022,04,NONE,
002552,2021,01,22,
002553,2021,01,22,
002555,2021,11,18,
002556,2021,11,17,
002574,2021,12,16,
002579,2024,01,14,
002581,2021,11,17,
002582,2021,01,07,
002584,2023,11,04,
002585,2023,11,04,
002587,NONE,08,05,
002592,2023,08,11,
002593,2023,08,11,
002596,2022,10,22,
002601,2020,10,21,
002608,2022,01,17,
002609,2022,01,17,
002610,2021,07,11,
002611,2021,12,01,
002612,2021,12,01,
002620,2022,03,31,
002631,2022,01,20,
002634,2022,02,03,
002635,2022,10,09,
002637,2022,11,01,
002638,2022,11,01,
002643,2032,06,09,
002644,NONE,NONE,NONE,
002645,2021,12,14,
002646,2021,12,14,
002648,2022,01,24,
002651,2021,08,18,
002654,2025,11,30,
002657,2021,07,01,
002658,2021,07,01,
002663,2021,08,18,
002664,2021,08,18,
002673,2021,04,25,
002674,2021,04,25,
002675,2021,03,23,
002677,2021,08,04,
002685,2021,07,28,
002687,2021,02,02,
002688,2021,06,11,
002698,2021,11,29,
002700,2021,08,23,
002703,2022,10,29,
002708,NONE,NONE,NONE,
002709,2021,10,28,
002713,2021,10,22,
002714,2021,10,22,
002718,2022,02,23,
002719,2026,01,09,
002720,2026,01,09,
002723,NONE,08,02,
002728,2021,11,04,
002737,2021,06,12,
002741,2021,12,18,
002742,2021,08,13,
002743,2021,08,13,
002747,2022,01,08,
002756,2021,05,16,
002759,2021,05,12,
002760,2021,05,12,
002761,2023,06,01,
002762,2023,06,01,
002763,2021,11,06,
002772,NONE,NONE,NONE,
002773,NONE,NONE,NONE,
002776,2021,09,15,
002779,2021,10,02,
002782,2021,04,22,
002793,2022,10,05,
002795,2021,03,18,
002799,2021,12,27,
002809,2023,01,20,
002814,NONE,NONE,NONE,
002816,NONE,NONE,NONE,
002822,2021,10,07,
002823,2021,10,07,
002824,2022,11,08,
002826,NONE,NONE,NONE,
002828,2022,01,02,
002830,2022,05,21,
002831,2022,05,21,
002834,2021,06,30,
002844,NONE,NONE,NONE,
002848,2021,12,30,
002857,2023,06,02,
002861,2020,08,25,
002862,2021,08,30,
002868,2021,08,04,
002873,2021,04,07,
002875,2021,04,11,
002887,2022,01,04,
002893,2021,03,31,
002897,2021,07,20,
002898,2021,11,09,
002899,2021,11,09,
002900,2022,08,08,
002901,2022,08,03,
002904,NONE,NONE,NONE,
002909,2021,07,21,
002918,2030,04,21,
002921,2021,09,12,
002922,2021,09,12,
002925,2021,11,06,
002929,2022,09,27,
002935,2022,02,02,
002939,2022,07,29,
002944,2020,06,23,
002949,2021,08,12,
002950,2021,04,30,
002951,2021,04,30,
002953,2020,05,28,
002957,2021,01,02,
002958,2022,07,27,
002959,2022,07,27,
002960,2021,10,08,
002961,2021,11,21,
002972,2022,03,20,
002975,2022,03,15,
002979,2020,07,20,
002983,2021,09,14,
002984,2021,05,01,
002993,2021,11,22,
002994,2022,07,13,
002997,2022,10,15,
003016,NONE,NONE,NONE,
003019,2021,11,13,
003024,2021,09,13,
003025,2021,09,13,
003028,2021,09,28,
003031,2020,07,14,
003033,2022,11,21,
003035,2022,08,28,
003038,2021,02,18,
003039,2021,03,01,
003042,2022,01,17,
003044,2022,05,02,
003045,2022,05,02,
003046,2021,10,20,
003048,2021,04,07,
003049,2016,02,21,
003052,2020,12,19,
003053,2021,10,28,
003067,2021,06,15,
003070,2020,08,09,
003071,2021,08,19,
003076,2021,01,16,
003077,2021,12,13,
003081,2020,12,03,
003088,2021,06,30,
003089,2021,09,15,
003091,2021,09,17,
003094,2023,01,03,
003095,2022,10,12,
003096,2022,10,12,
003097,2021,04,12,
003103,2022,03,29,
003108,2022,07,16,
003109,2022,07,16,
003111,2021,06,09,
003118,2021,07,10,
003122,2021,06,15,
003123,NONE,NONE,NONE,
003125,2021,03,07,
003126,2021,02,16,
003130,2022,03,30,
003140,2021,07,12,
003144,2022,01,11,
003145,2022,01,11,
003147,2021,04,22,
003148,2022,01,14,
003149,2022,01,14,
003156,2021,10,26,
003157,2021,10,26,
003165,NONE,09,06,
003166,NONE,NONE,NONE,
003167,2021,10,10,
003168,2021,09,18,
003174,2022,08,13,
003180,2021,07,08,
003181,2021,06,14,
003182,2021,06,14,
003184,2021,06,28,
003185,2021,06,28,
003189,2022,08,16,
003190,2022,08,16,
003193,2021,07,13,
003197,NONE,NONE,NONE,
003198,2025,10,12,
003199,2025,10,12,
003206,2021,04,13,
003207,2021,07,20,
003209,2022,12,02,
003222,NONE,NONE,NONE,
003224,2021,08,21,
003231,2021,04,04,
003232,2021,09,21,
003235,2022,11,NONE,
003236,2021,03,30,
003237,2021,03,30,
003241,2022,01,28,
003242,2020,01,18,
003243,NONE,07,21,
003245,2021,09,20,
003246,2021,08,15,
003249,2023,02,01,
003252,2023,04,NONE,
003259,NONE,NONE,NONE,
003266,2021,09,12,
003269,2022,01,28,
003272,2021,05,03,
003277,NONE,NONE,NONE,
003285,2021,08,06,
003289,2022,01,31,
003294,2021,07,26,
003302,2023,02,06,
003304,2025,03,NONE,
003306,2020,09,01,
003308,2019,09,03,
003311,2021,03,11,
003316,2022,02,07,
003319,2021,10,20,
003333,2021,10,30,
003339,2022,01,24,
003340,NONE,NONE,NONE,
003342,2023,12,30,
3346,2026,09,10,
3348,2031,02,05,
3351,NONE,NONE,NONE,
3352,NONE,NONE,NONE,
