file,n_boxes,n_stage1,date_stage1,date_stage2,texts
images\001578.jpg,32,19,2022-11-05,,"유통기한 | 2022.11.05 | 받으실주 있습니다. | 소재지 | 업소명 및 | 문의 및 교환처 | 내포장재질 | 원재료명 | 98 %, 합성향료(밀크향)2 %) | 식품유형 | 침춤차 | 내용량 | 품목보고번호 | 제품명 | 15 g (1.5 gx10 E|백) | 밀크향 가득 우콩차 | MILK FLAVOR OOLONGTEA | Sea @lle | Prennium"
images\003105.jpg,15,6,,,2023.12.0610:13 |  |  | 청정원 | EORRP | 해사과식초'는? |  |  | 면의 맛과 향이 부합니다. | 024 | IACCF | 사 | V | 02 | 2배시시
images\001723.jpg,9,9,2021-05-13,,여낸 | 만든 | e | 지겨 |  | 2021.05.13 F1A1 | 유통기한 | 까지 | 절취선
images\000166.jpg,5,4,2027-08-18,,문 | 2027.08.18까지 | 보관시지퍼를이용하세요 | 뜯는곳
images\001061.jpg,25,21,2021-01-05 2022-07-04,,"도논보  | 시실서 제조하고 있습니다.조시제이제당(주/중 | 의,보상가능·이제품은 말을사용제과같은 제조 | 식품 신고는국변입이 13·본 제통은 소비자분정 해결기준에 | 이므로 개인의 필요 열량에 따라다를 수있습니다. | 지는 것은 숙성에의한 한상으로 안심하고 드세요·부정불증 | 1일 영양성분 기준치에 대한 비율(%은2.00 cal 기준 | 을 때 실은보개 후 장보·식이 진해 | 기무경-유리드인·변통및교처전국관·보 | 지방2g4% 0g지방0g0% | 정제소금,대두분,국산가루,국두은·포장질 | (국비,정제수 천일국센)기루20월고추국센,주정,대두, | 号260mg128%号46g14%2g23% | 추양중국산고가루 9.3%,정제소금,파,마는)쌀209% | 영양정보 | ·식품의 유항고추장·내용량50g·원재료명및 량물엇고 | 2022.07.04 | 까지 | 유통기한: | 2021.01.05 | 제조일자:"
images\002095.jpg,6,6,2021-04-28,,2021.04.28 지 | 근하 | 이YR | CAYIOO | (10 8)6.08) | 헬
images\001991.jpg,59,49,2021-12-28,,"롯데스카치커피 |  | 자 매 품 | 21.12.28A2 | 사인열매 | 데제과 제의C 일부는 | 영양성분 기준치에대한 비울(%)은 2.000kcal 기준이! | 080-024-6060 | 롯대제과 | 4질1g만 | 고객지원센터 | 1% | 데를20mg | 7% | 방13g | 87% | 좋도록 주의하세요 | 방0.2g | 약에는 차 이가 없습니다.·한번에 삼키지 | 간혹'빈올지가 나홀수 있으나 제품  | 28% | 2·량식 신공듯 국없이 139 | 110% | 유지출는 고운마음, 안버리는 밝은마 | 탄스140g | 43% | 연질품은 본사 및 구입상점에서 항상교 | 트륨 360mg | 18% | 시고,개봉 후 빨리 드십시오.:유통 | 내용량당 | 1일영양성분기준치에대한비을 | 해 30°C 이하에서 낮은 습도로 보간 | 700kcal |  제품이 고온에 약합니다.직사광 | 영양정보 | 총 내용량 157g | 잇습니다.-속비자 기본법에 의한 피 | 한 제품과 같은 제조시설에서 제 | ·이 제품을 됐지고기,복숭아 | 售号：1198008600210 | 내포장재질폴리에렌 | 캔디 | 스카치 | 우유,대두 | E바나나놓의 | 원재료명 |  | 157g"
images\001659.jpg,36,31,2022-10-05,,"8809219694329 | 2022.10.05 | 유통기한 | 11399 | ·반품 및교환장소제조원및각구입처 | 또는 환불 받을수있습니다 | 비자분쟁해결기준에의거교환,보상 | ·본 제품은 공정거래위원회 고시 소 | 한곳에밀봉하여 보관하십시오. | ·보관방법:직사광선을피하고서늘 | 같은 제조시설에서 제조하고있습니다. | 쇠고기,홍합,새우를 사용한 제품과 | ※이 제품은 우유,메밀 땅콩,대두밀 | TEL:043-536-2546 | 천군친천읍금사로170 | 소분업소베이시스푸드(주)/충북 진 | TEL:043-882-3752 | 67935 | 수입업소(주)티알아이/충청북도음성 | 수출회사KUTAS | 원산지터키산 | 리드지-폴리에틸렌 | 프탈레이트,뚜껑-폴리프로필렌, | 포장재질(내면) 용기-폴리에틸렌테레 | 별도표시일까지 | 유통기한 | 월계잎100% | 원료명및함량 | 내용량45 g | 라우엘(베이)리브즈 | 제품명"
images\003211.jpg,6,6,,,FRUIT BOWLS | Peach | Dke | 복숭아 | m100uice | BEST BY AUG 11 2021
images\001243.jpg,12,6,,,"PESO LIDUIDO | (2,820z) | 31/12/2023 | 201474 | NET WEIGHT | 80 GR. |  | BBE: | Lot | POIDS NET | Lote | PESO NETO"
images\001953.jpg,78,42,,,"488430011402 | EMB29168A | g | OCT.o2021 | 40 | Aconsommer de préférence ay | OTHER | 단백질3g 5% | 포화지방6g 40% | 콜레스테를25mg 8% | Vitamine C/Vitamin C | 트랜스지방1g | 당류 8g 8% | 지방9g 17% | 탄수화물23g 7% | 총내용량 40g, 185kcal | 나트륨 213mg 11% | 영양정보 | 반품 및 교환장소:구입처 및수입판매업소 | Sucres /Sugars 1,5g | du Raz | 19 | Fibres / Fibre O g | 포장재질:종이(내포장:폴리에틸렌) | Glucides / Carbohydrate 4,5 g | Sodium / Sodium 42,5 mg | 유통기한 | is extra f | 우유,밀계란함유 | es beurre | 프랑스 | 원산지 | 원재료명 | enu  nd | BISCUITERIE DE LA POINTE DU RAZ | heures. | 제조회사 | 내용량 40g (185kcal) | 수입판매원 | 식품의 유형과자 | 갈레트브르통 | 제품명 | yant fin: | Poids net/Net weight/Nettogewicht: | 6% |  | Fer / Iron | 0% | Calcium/ Calcium | 1일 영양성분 기준치에 대한 비율(%)은 2,00kcal 기준이므로 개인의 필요열량에 따라 다를 수 있습니다. | 0% | 6% | Vitamine A/Vitamin A | Protéines / Protein 0,5 g | 0% | 직사광선을 피하고 건조하고 서늘한곳에 보관하세요. | 6% | 7% | 1jan2월fev 3mars avi 5mai 6juin7jui 8월 aout9sep 10 oct11월 nov 12dec | 7% | 25% | 제품별도표시된Best before:월/년의 01일까지 | Cholestérol/ Cholesterol 5 mg | + trans /Trans 0,19 | Saturés/ Saturated 1,159 | 11% | 밀가루버터(우유,식염),설탕,계란,정제소금,카라멜, 효모 | Lipides / Fat 1,75 g | Calories/ Calories 37,5 | % Dally Value | Amount | %valeur quotidienne | 2 | Teneur | Per 1 cookie (8 g) | pour 1 galette (8 g) | Nutrition Facts | Valeur nutritive"
images\001467.jpg,31,8,,,S이국 | 48##01 | 간을다 | 보이자에이이 |  | 보이차의 제조공정 | 보이차 | 깊고 부드러움을 담다 | R21 | 2 | 18#29 | 43 | 이피토일 조 | Unlabel | 0 | 7개대원 | 5 | 90T | 3 | to |  |  | 2시니C | 마생을발요시킨주 | 비비기를반복하고 | WR | 성정을등이 | 재한 | 분 | 발효숙성 및 건조 | 용성
images\002390.jpg,12,12,,,http://www.lotteconf.co.kr | 수신지요금부담 | 하은축'1 | 롯데제과 | 080-024-6060 | 까지 | 클밀국1·모금:1토 | 고객지원센터 | UTAIE | 8801062521272 | 게이트 | 러운새로운와플
images\000895.jpg,4,4,2021-06-02,,피크닉청포도 | 까지 | 2021.06.02 | 23:45
images\002068.jpg,39,7,,,"Lotto:00119313 | 20:22L12/1F | Exp:091122 | 500 ge 1.1 1b | PESO LIQUIDO | Kochait /Tamoo de coccim/Temgo de corimento | oy /Ptes almentares de semo | /Bist fore: | ma tot I Bedst fer: | Mindestens | preference avant le:/) | mte entro it/Best befo | RASTC | ILASICA | sofa/Petos | A4G | soja | Pasta av durul | SACCMETTO | Kooldid:/Kogntid./desd:10-11in | harde tarwe-kan bevatien | conter soja | Deegware | Temgo di cotun:/coolking time/Temps de cuissonc | pja /Massa de semola de tn |  | semola de trigo duroP | ten/Pasta alimentica de cal | LALT | waren aus Hartweizengrel | IETUA | pualite supereure-peut conte | STP-CE-PC-AGRO 38 | K. OI REG,S-P-8R282 | DI PRO0OTTD | /Durum wheat semolina pasta | DICHARAZIONE AMBENIALE | DNV·GL | f semola di grano doro-pud con"
images\000571.jpg,12,12,,, | 릴요건 |  | P R O B I O T I C | 바이오 | Maeil | NO.1 | 세계 | 가장많이 연구 | 까지 F5.L2 | 10.18 11:24 | 10ml당100원/130
images\001155.jpg,23,12,,,"21-09-2021/18L0265 |  | L트를 50mg 3% | 午量50g15% | H서늘한 곳에 진열, | Chocolaterie Guylian N.V. |  | 2225 |  | o | 유통기한 후면표 | 준초콜릿 125 g(690 kcal)헤이즐넷 |  | hris. | 20 |  | r | BSYB | hy |  | 6E6 871 | Mn | "
images\000573.jpg,20,19,,,연출된 예 | (0~10°c) | gx4 | %.2% | 냉장보관 | 개입 | 유산균 | 프로바이오틱스 | 320 g (288 kcal/80 gX4컵) | 8억마리 | 영 | Peach Yogurt | 복숭아 | 좋은 | 떠먹는 요거트 | 오늘 | 오늘 하루 요거트 한스푼 | 수반 | 1.2A | GOOD TODAY
images\003096.jpg,11,8,2022-10-12,, | 게절법일 | 함지식 | (조방메밀 | 까지 | oH  | 2022.10.12 | oBrand
images\000389.jpg,31,10,2026-02-27,,"금토일2개구매시1,000원할인 | 48  |  |  | 영양정보 | 쌀약과 | 기 | *K | ㅎ농협식품 | 2026.02.27"
images\002533.jpg,10,5,2022-06-30,,2022.06.30 |  | N13 | 추장 | 가득
images\003275.jpg,18,10,,,"Singletons Dairy Ltd. Longridge, Lail | 7200 | 판 매 가 | 200g e | 311-130 028331 0004 | 10.10.21 | BEST BEFORE | LOTTE | Product of England. | COLOURED CHEDDAR | KEEP REFRIGERATED.BEST EA). | EC | 2091 | PG141020 | Suitable for Vegetarians. | Allergy Advice: Contains Cow's Mik. | annatto (E16ob),microbial rennet, starter cultures. | Ingredients:Pasteurised cows milk, salt,"
images\001027.jpg,8,8,2020-09-08,,몬드 브리즈 | Breeze | LLnOra | 언스위트(무당) | 새로운앱 | 까지 | 2020. 09. 08 | 12:08
images\002182.jpg,22,21,2019-02-20,,":pp | :LDPE | 까지 | OTHER | 13:24 | 2019.02.20 | 818010451176338 | 080024231 | 1 원은대분 | 콜레스테롤10mg3%단백질1g2% | 不19g35%三0g不46g3% | 나트650mg33수화물278이당류2 | 2린지식이섬유 | 100g당 285kcal | 영양정보 | 총 내용량 265g | (쓰시지살러드) | 원로영/정재수,식물성유지외국생아르헨티나미국 | 2001044505534 | 닭가슴살샐러드, 소시지,각종 튀김요리에잘어울립니다 | 허니머스타드"
images\002889.jpg,16,10,2021-07-15,,(주)하림 | E |  |  | 키위드레싱 | Cham | 2021.07.15 A | 4.500 | 4.500 | 5800
images\003319.jpg,4,4,,,녹차크림쿠키 | GREEN TEA CREAM COOKIE | Franzzi | EXP:202140.20
images\002466.jpg,43,21,2022-01-20,,"ㅇ규동 | '덮밥소 | 세계 | 토마토소고기 | 아이배넷꼬마 | 리조또소스 | 키요 |  | 9,900 | 생유산균 | 아이앨넷 | 아이배넷 | 2022.01.20 | 소금 | 프로바이오틱스 | 프로바이오틱스 | 음소금 | 유산균 | 유산균 | 아이배넷 | 아이배넷"
images\000602.jpg,6,6,2025-09-23 2026-09-22,,맛있는 약속 | 2026.09.22 | 까지 | 부터 | 2025.09.23A | CROWN
images\001271.jpg,11,9,2023-07-08,,"EXP:2023/07/08 | LOT:007091 | 관방법 직사광선을 받지 않는 서늘한 곳에 보 | 량및섭취방법1일1회1캡슐씩물과 함 | 의 수치는1일영양성분기준치에 대한비을 | Omg(O%),기능성분 EPA+DHA:70m | 화물 0g(0%), 단백질0g(0%), 지방 2 | 회분량 1,000mg(1캡술)함량:열랑 | 세린,정제수※고등어,돼지고기함 영당 "
images\000405.jpg,36,16,2027-10-15,,"080024-2311） | 십시오 | 제조원 | 충북 음성군 대소면 대풍산단로 128 | 포장재질 품 | $줄싱횟삭 올뛴길 | 코아분말 | 쇠고기,닭고기,밀,토마토,우유 대두조개류(굴) 함유 | 료명달 | 유형 | Kitchen | 2. 물을 약하게한이스스스를 조금씩 넣어충분히풀어습니다. | OTTYGI HASH | 하이라이스스스 | L5: 39 3F 1만 | 2027.10.15#"
images\002990.jpg,14,11,2021-03-20,,"2021.03.20지 | 두반장5.4%,죽순채 2%표고버섯채 2%,굴소스1.17% | 석조리식품250g/두부44%,돈육채볶음 10%돼지고기 8.04%) | 유통기한 | 21E | 이미지예 |  | :아색하고은은한의 죽순 | 굴소스로볶은 중화풍두부안주 | 고소한두부와돼지고기,표고버섯,죽순을두반장과 | 마파두부"
images\000303.jpg,52,38,2020-07-31,,"냉동보관 | 소비자중심 | 8801052130583 | 18C이하 | 9% | 3% | 80019-9119） | 12 % | o고객상담실 | 13 % | 까지 |  | 1% | 20.07.31 | 2% | 소비기한: | 72 % | 한비율 | 영양성분 | OTHER | 139 | O DAESANG | kcal. | 비닐류 | 100 | -84 | 냉동보관 | 반품 및 교환장소 고객상 | 남실 및 구입 | 가지 | 소(고기,조개류(굴,바지락)함유 | 간이달라질수있으니 | 남해안산 미역 | 더 끓여주면 맛있는 | 부드러운 | 풀어주세요 | 양지고기 | 과물450m를"
images\002802.jpg,23,21,2021-09-29,,320.9(1.4B7 kcal) | )6.6% | 포장재질 | 8기- | 설가루국내산) | 프시즈님16 % | 탄산답.d- | 끝 | 목 | 유통기한 제품별도프기울 | 서울별시 강서구회 | 유통전문판매원 용플러스츠 | Boll | 쌀가루 | 바이오별리 2로 41 3동3 | 국냉산 | 제조원지디앤와이/충방E | 식품의유형 24 | 8 3200160 | 제품명 콘스트 | 2021.09.29
images\001353.jpg,11,6,2022-06-27,,PRODOTTA IN ITALIA | 8809394830895 | 유통기한:2022-06-27 | AL BRONZO | MisURA | FUSIL
images\001934.jpg,29,16,2022-03-29,,다수있습n | 3g 5% | _단질 | 12g 80% | 45ke59. | 방0g |  122% | 19g 35% | 영정보m6% | 2022.03.29 |  | 방동입가능 |  니다 | Acai& Blueberry Flavors | HERSHEY'S | DARK
images\002293.jpg,5,4,2021-07-03,,"2021.07.03까지 | OAST | W1,000 | GARLIG"
images\000413.jpg,9,7,2027-04-23,,"100 g당 467 kcal | (1,401 kcal). | 300g | 정국장가르 | 우유에타서먹는 | 2027.04.23 | 칠갑농산"
images\001450.jpg,31,13,2022-04-26,,8806102877746 | 2022.04.26 F |  | 20313 | 제조 | ※ | 쪽및시통 | 있 | 콜레스테롤0mg 0% | 단백질0g 0% | 1포(2 g)당8kcal | 영양정보 | 총 내용량 80g(2g × 40포)
images\001779.jpg,8,8,2021-04-09,,까지 | 21.04.09 19:02 | http://www.lotteconl.co.kr | 수신URVS | 롯데제과 | 080-024-6060 |  고객지원센터 | 
images\001296.jpg,41,20,,,"11/2023 L20204150-331 | www.perledisole.com | Papillano | Lotton.8-80027Frttamaggiore(NA)italy | PESO NETTO /NET WEIGHT |  | 콜레스테를0mg 0% 단백질 |  | 지방 Og 0% 트랜스지방 0g 포화지방 Og 0% | MADE IN ITALY | 200ge 7.05 oz | 0mg0%个量90g28%异76.4g76% | 1399 | 100g:360kcal | 있어 주의가 필요함*부정불량식품 신고:국번 없이 | 영양정보 | 200g | 섭취하면 입속에 상처나 심한 경우 염증이 유발될 수 | 강해 어린이들이 장시간 물고 있거나,여러 개를 한번에 | 움위생법에 의한 한글표시사항> | ∞ | 0 | Da consumarsi prefenbilmente entro fine/Best before end/유통기한: | diretta del sole/Store in a cool, dhy place,away from heat sources and direct sunlight | Conseo ngfslnndalfnt i redallce | Confezionato da Papillon srl - Consorzio Fracta Labor | ∞ | natural lemon flavor (0.10%), turmeric added for colour (E100). | 0 | tgredients:sugar, gucose syrup, dextrose,acidifying agent: citic acid (E330), | HARD BOILED CANDIES WITH LEMON FLAVOUR AND FILLED WITH SOUR POWDER | aroma naturale di limone (0.1o%), colorante: curcumina (E100). | Ingredienti: zucchero, sciroppo di glucosio, destrosio, acidificante:acido citrico (E330), | CARAMELLE DURE AL GUSTO DI LIMONE RIPIENE CON POLVERE FRIZZANTE | 1일생방성분을은200로 에수습 |  | 소비자 분쟁 해결 기준에 의거 교환 또는 보상을 받을 수 있습니다.""보관방법:고온 다습 직사광선을 피하고 실은 보관*주의사항·신맛이 | 재질·폴리프로필렌·원재료명:설탕,포도당시럽,포도당,구연산,천연향료(레몬향)0.1%,심황색소본 제품은 공정거래위원회 고시 | 31호·유통기한제품에 별도 표기일까지(읽는법:제품에 월/년도만 인쇄해당월의 1일까지)제조회사:PAPILLON SRE포장 | 07086674648 | ·제품명:포지타노레몬맛 캔디(천연레몬향 0.1%함유 내용량:200g/총열량:720kcal)식품유형:캔디류·원산지:MADEIN"
images\002503.jpg,19,8,2022-01-24,,No Brand는 이마트의 상입니다 | N111 | 2022.01.24 | 01399 | 교환장소:구입처 및제조원 | 드시기 바랍니다.개불 후 남은 제품은 일페용기에 | 을나타널도 8으D로 드N주의BAP바 | REAL NUTS 리얼넷츠
images\002624.jpg,12,5,,,022.12.19 |  | CE | 국산 | w(주)코리아제 |  | 1031-885-080 | 반들 |  | 请务止工楼费：20090375188-3 | 9 | -3
images\000838.jpeg,5,3,,,CHEDDAR CHEESE | PEEL HERE | EXPFEB2126I10 | 3 | 
images\002264.jpg,33,1,,,20213 | 8809164227146 |  | 5 | 0 |  | 구 | MME | 스인 |  | E | 2074 | A | VOKLCOLOVCEA | TUMETOK | 2일 | . |  | 본료명 | 구0신.R | u스법 | LD- | 지행 0 |  | 내용 | B0a)기도지 |  | ODMU10 | 들소재지 | u | [Uabe | 영양정보 | 
images\001954.jpg,71,11,,,"3488430011402 | EMB29168A | OCT.2021 | 40 | Poids net/Net weight/Nettogewicht: | 트랜스지방 1g | 탄수화을 23g 7% | 층 내용량 40g, 185kcal | 나 213mg 11% | 제품 별도표시된 Best before:월/년의 01일까지 | 식품의 유청 과자 내용량 40g(185kcal) |  | Aconsommer de preferenc | 6% | 역 | Fer/eon | 0% | OTHER | 단백질 3g 5% | Calcium/Calcium | 1일 영양성분 기준채 대바을(N)은 2,00ka 기준이므로 개인의 들으증에 라 를수있습 | 0% | 방6g 40% | 레스테를25mg 8% | Viamine C/Vitamin C | 6% | 당류 8g 8% | 지방 9g 17% | Vitumine A/Vitamin A | Proteines/Protein 0.59 | 영양정보 | 를반품 및 교환장소:구입처 및 수입판매업소 | Suces/Sugars 15g | 0% | du Raz | 1399 | Fbres/ Fibre 0g | 6% | 포장제질:종이(내포장 물리에달렌)직사광선을 피하고 건조하고서늘한곳에 보관하세요. | Glucides/Carbohydrate 4.59 | 7% | saant | Sodium/Sodium 42,5 mg | 7% | 유통기한 | is extra fi | 25% | Cholesterol/Cholesterol 5 mg | trams/Trane a.tg | es beurre | 프랑스 | Satus/Sud135 | 11% | 원재료 명일가루,버테(우유.식염)설당,계란,정제소금,카라를 모우유.밀 계란함유 | enu a no | Upides/Fat 1,75 | Calories/Calories 37,5 | heures. | 제조회사 BISCUITERIE DE LA POINTE DU RAZ원산지 | sDal Vale | Amout | valeur Cuotdanne | 20526 | Teneur | 수입판매원 | 갈레트 브르통 | Per1 cooke(g) | pour T galeeg | 제품명 | Nutrition Facts | Valeur nutritive"
images\001814.jpg,32,23,2022-06-07,,"/SAOTHER | 까지 | 2022.06.07 | 8801161501663 | 품질유지기한 | 01399 | （02）380-5678 | 반품 및 교환장소 제조원 및 구입처 | (주)이마트/서울특별시 성동구 뚝섬로 377(성수동2가) | 080900-3214 | 제조원 | 신송식품(주)/충청남도 천안시 서북구 직산읍 부송 1길55/ | 식품,종국 밀함유 | 号卫19880449001-282 | 중국산),정제소금,주정,기타과당,고추가루1,33%(중국산).복합조미 | 소맥분밀:미국산,호주산), 정제수,고추양념분말(고축가루0.63%/ | 콜레스터를5mg 미만1% 단백질5g 9% | 4%트랜스지방-포화지방0g | 포장재질 용기,뚜껑,라벨-폴리프로필런/리드지(내면>-폴리에틸렌 | 提量2.970mg149%量45g14%异35g35% | 제품명 정성깃든 고추장 식품유형 고추장 내용량 1kg | 영양정보 | 1000g/100g215kcal"
images\002136.jpg,57,56,,,"까지 | 2021.10.111 | 8809547911433 | 유통기한 | 이pP | 0기 | 초리계 | 售023397-113 | 지원t/ww.shinsegaefood.com/c/vocsf | 반품 및 교환장소:판매원 및구입처 | 01399 | 또는 보상받을수있습니다 | √국내산멸치의 고소함을 담았습니다. | ·본제품은 공정거래위원회고시소비자 분쟁해결 기준에의거 교환 | √튜브용기로 휴대가간편하고 깔끔합니다. | ·직사광선을 피해 서늘한 곳에 보관하시고 개봉 후에는 냉장보관 하세요. | 바르고정길하게 만듭니다 | ·이 제품은 쇠고기를 사용한 제품과 같은 제조사설에서 제조하고 있습니다. | 멸치볶음고추장 소스를 만들었 | 位19970499063240 | 올반키친의레시피를 당이 | 대한민국 식품명인 36호 | 팽 플리에용기리드지,플리프로필레(무껑 | 전통고추장에 | 대두밀,토마토함유 | Olbaan Fooe | 미향,L-글루담산나트륨(향미증진제,생강 | 명인의 비법이 7 | -장함유 | 말티시럽,공기를 토마토발요액 참기름,매실농축액 | Anchovy | [국내산),양파,설탕,마늘올리고당,혼합제D-소비톨액 | 추양중국산,밀볶음 탈지대두분,정 치 | 붉음 | 원재료명 | 장송 | 180q(60gX 3개입) | |올반 |  | 멸치 | 실온보관,개봉후 냉장보관 | 유통기한 | 후면하단표기일까지 | 고소하게 감칠맛 좋은 | 양무 | （128-14 | 전라북도순창군순창읍 민속마을길 56-9 | 제조원 | 농업회사법인순창문옥례식품(주/ | 식품유형 | 소스살균제품) | 제품명 | 멸치볶음고추장소스 | Olbaur | 새롭게 높여가는 신세계푸드의 식품 브랜드 입니다. | 엄격한 기준과 정성으로 우리 식 | 올바르다"
images\001067.jpg,12,8,2021-12-06,,야채해물 | 다시 | 깊은맛을더해주는 | 서울요리원 |  | PEACOCK | 리:조은이 | 2021.12.06
images\000256.jpg,9,9,2027-01-02,,27.01.02 E | nK | 소비기한 | 보로 | 글루타치온 50mg | ERO | B | E080-023-3399个 | Nexweel
images\003298.jpg,10,7,2021-10-21,, | 기름으로 뛰기지 않고 고온으로 구워 | BAKED NOODLE | 구운사리면 | 기름에 튀기지 않은 | PEACOCK | 2021.10.21까지(원주B)(5)
images\002248.jpg,9,5,2021-09-07,,단호박볼 | 2021.09.07 | 유통기한 | 남남 | 아이밀
images\000058.jpg,82,48,2027-03-27,,"F2A09:15 | 2027.03.27 | HACCP | 8801045""490472 | *당사 식품안전센터 분석 결과 | 빠면 완성됩니다. | *%영양성분 기준치 : 1일영양성분 기준치에대한 | 삶은후 | 조리전 | 나트룸 함량 | %영양성분 기준 | 줄어들어요~ | 4~5분간 삶습니다 | 오뚜기국수를 넣고 | ""조리법 대로삶아 행권 드시면 나트륨함량 | ①1.000m(5컵)를팔팔끊인후 | 조리방법(1인분100g기준) | 트랜스지방 | 당류 | 포화지방 | 19 | 79 7%지방 | 조리세요~ | 딱1인분 | 39 | 알게 | 영양정보 | 국수를 채우면 | 정확학 양으로 | 100g 당 340 | 원 안에 | 인본 수에 맞는 | 총 내용량 | 듣시기 바랍니다. | 보관 | 으 을  | 운도로 오행시간 | 손비자기 | 을  | ·대두 | 을 하이 | 다가수 숙성제면법 | 그대로 당은 최고의 국수 입니다. | 최고의 재료와 옛 정성을 | 제조원 | 오기국수는 | F2) | 사랑하는 산람과 국수를"
images\000383.jpg,29,19,2026-04-03,,"단백질 4g 7% | OTHER | 포화지방0g 0% | 트랜스지방 0g | 비닐류 | 160 kcal | HACCP | 총내용림 489 | O | 소비기한을 꼭!확인하세요 | 까지 | 2026.04.03 E | 소비기한 | 포장재질 폴리에틸렌 | 20170484590109 | 제조원2층) | 소비기한 후면표기일까지(연, 월,일) | 젤리 | 비타500"
images\002948.jpg,5,5,,,12.08.2021L260XG-U 11 |  |  | BIMOJOHT | apuy
images\001634.jpg,39,14,2021-05-12,,"2021.05.12마 | 는지에서 제조하고 있습니다. | 1일 영양성분 기준재대 | 표화지방 | 레오리 | 트랜스지방 | 정소 구현산상나트를,합성향(바닐라향) | 지방 | 내용량(열) 350g (1.470 kcal) | 100919 | 영양정보 | 1식품유형 기타가공 | 우리그라검은약 | 김은악콩"
images\002910.jpg,1,1,,,21-07·2021
images\003216.jpg,32,21,2022-01-15,,"470 |  | 2022.01.15 | BEST BEFORE: | TEL:604-4412231 FAX:604-4412235 | 08000SUNGAIPETAN.KEDAHMALAYA | NO. 3, LORONGAYAM DIDIK TAMAN RIA JAYA, | COCONFOOD INDUSTRIES SDN. BHD. | MANUFACTURED BY: | 0.0% | 0.0% | 1.0% | 40) | NET WEIGHT/BERAT BERSIH/ 3.52 0z(100g/) | MAKANAN YANG DIBENARKAN. | E129,FD&C REDNO 40). | es | tion | Facts | SAKBBRRY GURRY | okio"
images\002737.jpg,30,8,,,"20 | 41228910037401 | 150g | NETENEIGHT: | LOT:96210113 | BEST BEFORE:12.06.2021 | 12g80%50mg17%13g23% | and Goat Cheese | % | 8 | 1387%50m16%14g25% | #50g/210kcal360mg18%1:0%1g:1%17932%050m12978%50mg16%13g23% | 0.5g | 50g1210kcal360mg18%1gp:0%1gg:1%18g32% | 지방 트랜스지방 포화지방 콜레스테롤 단백질 | 총150q 나트탄수화물당류 | 래위원회 고시소비자분쟁해결기준에의거 교한 또는 보상 받을 수있습니다.·포장재질: 용기:PP,덮개:PE | 1399 | PP | 소브산칼륨(보존료)우유함유냉장제품 유통기한:라벨표기일(BESTBEFORE:일.월.년순)까지 | 살균, 젖산배양균,정제소금,염화Ca,렌넷,소브신칼륨(보존료)/만체고치즈[양유/살균,정산배양균 | 즈[산양유/살균, 젖산배양균, 정제소금, 엄화Ca,렌넷, 소브산칼륨(보존료/이베리코치즈우유/살균 | 2470271302） | 형:자연치즈(72C이상15초이상살균제품)제조원:Quesos del Duero SA.·내용량:150g(645kcal) | calcium chLoride (food use) and rennet. Keep refrigerated at +2et +8 °C | milk, cow's pasteurized milk. goat's pasteurized milk, Lactic ferments salt. | Calcium chloride (fobd use) and rennet. Iberico Cheese: sheep's pasteurized | rennet. Goat Cheese: made of goat's pasteurized milk. Lactic ferment. salt, | Manchego Cheese. made ot sheep s pasteurized milk. Lactic ferment. salt an | Spanish Cheese Plate: Manchego Cheese. Iberico Cheese"
images\002562.jpg,4,2,,,300 g e 15:42 2 | 29/08/2021 L27021 | H | CTIONS FO
images\000005.jpg,3,3,2026-07-02,,2026.07.02 | 2026.07.02 | 2 58 FS AI
images\002507.jpg,10,7,,,말랭이 | 고구마 | Potato | Sweetl | FOOD | DRIED | 异层72021.08.08外乱 | 1일 | nA | HACCP
images\002022.jpg,31,15,2022-04-09,,2022.04.09 | 은복 일봉하여 보라해 추시기 바랍니다 | 반품및 교환 구입처 및 판매원 | 스틱1개(10g)당/물100ml | 용기(포장)재질 | 및함량 | 원재료명 | D- | 유통기한 | 제조·판매원 | 1号人堂17（02-6403-3388） | (취방인옥믹스텐크/서울시 영등포국 | 제품명 | 무설탕 비타민C 복숭아티 식품의 유형 딩류가공품 | kcal
images\001365.jpg,15,14,2022-11-01,,"자일리를함유 | 13gX6스틱 78 g(318 kcal) | 자일로스 설탕 | 6속 | 벌꿀함유 | 이미지사진 | 아카시아 | PEACH HONEY BLACK TEA | 허니블랙티 | 복숭아 | W2,000 | 2022.11.01 | 담터I | 상행에 가객이 기어 있습니다"
images\001000.jpg,6,6,,, | 30811L5 | O7 SEP 21 | BEST BEFORE | pod0 | nS
images\002992.jpg,29,18,2021-02-21,,"3억원 생신물 책임보험 가입 | 330 g |  | NH농협 | 로오스나트름,정제영) 대두함은 | ·사용상 주의:개봉 후에는 가급적 발리 드시는 것에 좋습니다. | 및함량 | 베이트65,소르비탄지방산에스테르 카르복시에틸셜를 | 1399 | ·본 제품은 공장·G영원회 고시 소비자 분정배결 기준에 의거 교환 | Sodam-han Soybedn Curd | 부드러운두부/국,찌개용 | 소담한두부 | 지연들담은 | 2021.02.21까지 | Baegallcosa | HACCP | 박임식품"
images\001333.jpg,7,2,,,P24158 | DDM | N | 3700112016414 | 11:00 | LOT | 12/2021
images\002883.jpg,14,11,,,"2023.12:08_F3 |  | 유에도 | 발래미께기, 새 제 | 거나 세요 | 도마나 행주는시크로 | 안심살균! | 식초를 의석안이 | 안심세! | 얼용한살김 적시비 | 먹는오뚜기 식초 | 10:47 | L | 0"
images\000258.jpg,15,14,2026-05-30,,"까지 비 | 11:23 | 2026.05.30 | 소비기한 | 교환:구입처및제조원·www.daesangdives.com | HACCP | 안전관리인증 | ·뚜껑을 처음 열때 '뱅소리‘가 나야 정상입니다.·반품 및 | 19 | 성분혼입가능.용기를 가열 조리용으로 사용불가·부정·불량식품신고는 국번 | 토, 아황산류,호두,닭고기,쇠고기,오징어,조개류(굴,전복,홍합 포함),잣 | 류에한함),우유메밀,,대두밀고등어,게새우,돼지고기,복숭아,토마 | (1e09)608 / %09 | 후광이가발생할수있으니반드시냉장보관하시고빨리드세요.알(가금"
images\000783.jpeg,3,3,2025-12-21,,25.12.21지 15sU20 | 저지방/딸기 | ACTIVA
images\002325.jpg,5,4,2020-09-06,,22:47 | 2020.09.06 | 유통기한 | 프Y
images\000909.jpg,8,7,,,20-09-2021 | 8066001428758 | 있습니다 -부정-량 식는 인입이199 | 소자 에 |  | 2B8. | 초면바 | 시른에 실은 보관하십시오
images\000978.jpg,38,0,,,"ONNEDDNAREINNNANN VISTDMA DA TINEDOON | DNRERNS YIONSNOISDISMNENS TONI MEISOU | VINA MNIS REIIRTN NASIN | DVIN ISVMHOANI | ISUIDIE BS IIENNAI | TIA MNSENA NROREINOARSAROI MNNOINENDESN | OONA SNNN ONEN | V/SV | DNRA BEMEIS MINDHRIS DENS EMA MRERREI SN INEISIS | eUeTuDU | 1 | d uedIo qwabay peugoop-oN enS nol eum uopaibul | s o o eSN OH o suUD- | INOABCUAOUDI | uog nyosSNuognposuey bu | aneN zeSue eos ru as Wo es cosN | uouo ogeuls pue pued jo aue sae poo |  | s pe m Seo a | sinueod pue | u uupeuo sanpoud sesseood osje jeug juudinbe uo paungoenuew | IDONNONSOOOO | 02 | Aq peinqusi pue pouodul |  | oul soudduud zopepuow | / | Souddd  anbeeed any sos Va e | M |  |  | woziunuo | iospeae ap pue O INI | XENO2 | ""uossuued sepun pesn dnou uogeepul zeapuow | bebet | 2 22 A3 | 31í"
images\003291.jpg,5,1,2022-12-22,,2022.12.22/P
images\000584.jpg,13,13,2025-07-16 2026-07-15,,맛있는 약속 | 까지 | 2026.07.15 | 2025.07.16A | 부터 |  | 5 | CROU | 우동권리보장원 | 앞스 | √아동학대 | 신고는112 | 행복한세상
images\003290.jpg,8,4,2022-12-22,,컴스프 | 콘스프 | 2022.12.22/P | 유통기한
images\002225.jpg,12,12,2022-09-14,,"2022.09.14 | 유통기한 | 에스프레소(40m)로 | 1차추출,30초대기후 | 네스프레소 머신 사용시 | 통고(110m)로2차 추출 | 호완되는 모든 기종에서 | *네스프레소 오리지널 랩슬이 | 이용 가능합니다.(버측오 제외) | No | 해주세요 | 튼을눌러"
images\001835.jpg,1,1,2032-07-01,,2032-07-1=마
images\000374.jpg,43,41,,,"3(무)첨가 | 에 손을 베일 수있으니 주의하십실 | 나안전사고에 주의하십시오 | 한번에 드십시오.·조리 시 제품과 | )2.개봉한 제품은변질의 우려가 | 국내산 참쌀과 입쌀 | ·보관방법:1.실혼보관(냉장및 | 쌀알이굵고깨지지 있은 | 재료 본연의 맛이 살아 있는 | 용한제품과 같은 제조시설에서 제 | 굴포함),오정어,새우,우유게 | 양반죽 1등비법 밤단팔죽은? | 아, 아황산류대루,밀,쇠고기,조 | 토,돼지고기,메밀, 알류,땅고 | 한끼의품격을을리는건강식입니다. | 19950227050186 | 양반죽은 맛과영양을제대로 담아내어 | 폴리프로필렌 | 정제소금 | 모든재료를한번에 넣고오랜시간저으면서끌여내는 | 5.7 %(60 %, 멥쌀 | 192 | 설탕,정제수,팔24%, 물엿,정 | 양반죽은 전롱죽에현대적인 가치를더하여 | 금, 산도조절제B),고운앙금 | 한끼 건강식 양반죽 | 밤7.0%,설탕,비타민C,산 | 든든한아침을 책임지는 | 밭12.0%(중국산),당침 | 도시일까지 | (www.dongwonfnb.com) | 2526.08.28 | 광주광역시 광산구 하남산 | 2:0 | 내용량 420g | 소비기한 | 1등 | 단괄죽 | Donguor | 식 그대로 재료 본연의 값은 맛 |  | 김이R이스  | Sinoe1992"
images\000330.jpg,44,37,2025-10-04 2025-11-02,,"880100 | 새우,대두 함유 | 5291 | 생강페이스트(생강·국산),유산군배양액 | 080-850-1200 | C.J새우액저,하선정멸치액정골드[멀치(국산)], | (HH(국산)],C J김치양념베이스,채소류(국산) | 한에수 있습니다. | 12g4% | 지방 0g 0% | J김지양념풀C | 시방 0g 0% | 탄수화물6g2% | 0g당 30 kcal | AB7 | 총내용량 900 g. |  | F1 |  | 드대상 대통령상 수상 | 소비자중심 | 25.11.02 |  | 25.10.04 |  | 마루로 선명한 빛깔 |  | 잘가간 상 온에 논출될 경우 변질  우려가 있으니 개봉후 | 量1164 | 건인 전북지 / 아도 진안군 부귀면 가정갈  | 사/경기로 화성시 | 115-23F4 | BLOSSOM CAMPUS | 49500799刘 | ：F1-2019045 | 김치/비실균제품 | 소장재질(내면): 플"
images\001311.jpg,17,17,2022-10-20,,"EXPORT | 629262008 | EXF':2022/10/20 | LOT:191001008 | ：6292620008854+ | 건강기능식품이력추적관리번호 | 품과 같은 제조시설에서 제조하고있습 | 등을 | 두,쇠고기,조개류(굴, 전복, 통합 포함 | ※본 제품은 공정거래위원회 | Canada | 심수입원:한정주식회 | CELLE POI | NOUISAO | SEALEO | NOLSAN | [Unnb]"
images\002081.jpg,42,36,2019-06-17 2019-09-16,,"·인주는:보방법 정보 포장니인 르 트 | ·20-및 | 1666-5471（号） | OTHER | 080-850-1200 |  | 조:(주품종식도원주시문무공단길월0 | 소재지 | 소중한 의견을기다립니다 | ·은우의 | 업소명및 | 유통진문관원·씨세페어일담쥐충청북도 진연군 광체원면 광해원산단2일 12 | 고객행복센터 | · 나이물이아 | 참유감이로,이산나트륨(신화방지 이산류 함유 | ·시용후는 반시분리해출하해 주심시오. | 801391102715 | 사과산,구연산,사카린나트림감미,글리신 아스파탐(퍼닐알라닌 | |원재로명 | 본문은 쓰교또는 보받을 수있습니 | 위국선,정제수,지소금국산,산도조적제,스산널보리 | ·은 4두.을시용은  고 있습니. | 유통기한전면표시일까지 | 냉장보관 T0~10 C) 식품유형 | 새콤한 맛이 필요한 요리에 딱!|내용량 18 | 새콤한 맛 | 삼겹살,훈제오리,무쌈말이,냉면 등 | 350 | 19.09.16까지 | 쌈무 | 19.06.17부E18 | 새콤하게 만든 | 하선정 | 한식명가 | 신선한100%국산무로 | CHEILJEDANG"
images\002005.jpg,15,15,2022-07-27,,"※템퍼링 공정 필요없음 | 109（600Kcal） | W1,500 | White Choco | 화이트초코 | 행 복한 쇼콜라띠에 | Happy | Chocolatier | 2022.07.27 | 1라쉐 | rche | WIFOO | Mhilk Choco | 밀크초코 | 1lappy Ch"
images\000447.jpg,3,3,2025-11-22,,2025. 11 22 | BLACK BAREEY TEA | 늘력보리한
images\001235.jpg,28,25,2020-09-26,,/lwwldteconi.cokr | 수신자요금부 | 080-024-6060 | 과 | 까지 | 고객지원센터 | 20.09.26/#2 | 20.03.2704:44 | 부터 | 3450 | OTHER | 비닐류 | 필요 열량에 따라 다를 수 있습니다. | 단백질7g | 콜레스테롤Omg | 상기사진은이미지컷입니다 | 포화지방 16g | 트랜스지방 0.5g미만 | 지방 35g | 당류 38 | 탄수화물60g | 나트륨570mg | 100g당 | 영양정보 | 위해질스
images\002258.jpg,5,5,2022-01-24,,0号三(号)100% 450g | 땅콩또는견과 | 구운아몬드 | 2D22.01.24 | 이미지사진
images\001193.jpg,39,35,,,"부한 바다감&감렬 | THE STARBUCKS·ROAST | 1613036932 | 리치힘&카리엘향 | TASTING NOTES | OTHER | ：080-234-0003：OTHER | 1399 | ·반품 및 교환:구입처 및 수입원 | 받으실 수있습니다. | 분쟁 해결 기준에 의거,교환 또는보상 | ·본 제품은 공정거래위원회 고시 소비자 | 충전했습니다. | L00440303F8 | 제품의 보존성증진을 위해 질소 가스를 | Best before:11/02/2021 | 보관방법 실온 보관 | Proddate:13/02/2020 | 내포장재질 폴리에틸렌 | 06:20 | 원재료명 아라비카 커피원두100% | 중량200g | (Best before, 일/월/년 순) | 유통기한 | tárolandó. Minóségét megórzi: | 제품 뒷면에 표시된 일자까지 | entro il:/Szraz, hüvös helyen | consumarsi preferibilmente | 원산지 포르투갈 | minste houdbaar tot: /Da | 제조사 INESTLE PORTUGAL UNIPESSOAL,LDA | rentemente antes del: I Ten | haltbar bis:/Consumir prefe- | préférence avantle:/Mindestens | 서울특별시서대문구중청로7 | DARK | MEDRA | BLONDE | 수입"
images\002895.jpg,4,4,2024-02-13,,2024.02.13 | 유통기한:하단표기일까지 | 기도광주시 초월을선동길12-4 | 796-64
images\000512.jpg,39,38,2026-02-17,,다르 5 | 5% | 139 | 13% | 탄수회술 22g | 7% | 63g | 19% | 8% | 나트륨150mg | 430 mg | 22% | 1일 영양성분 기준치에 대한 비율 | 30 g당 | 총 내용량당 | 30 g당 140 kcal | 영양정보 | 총 내용량 85g | B4 선순일 23 | 2026.02.17까지 | CB061L011-2001 | 안전확인 신고확인증번호 | 공정거래위원회 | 0-3 | 소비사 | ccm | KC | 643-2501 | 은 부품을 | 을 포함하고 있음 | 의사항:경고!3세 미만의 어린이는 사용일 수없음 | 국 한국 | 사용연령:3세 21사(어린이용) | 37含175 | 202508 | 50mm | [재질:PVC | 모델명 필스티키
images\002243.jpg,41,27,2022-03-13,,2022.03.13 |  | 레스테를0mg0% 단백질0g0% |  | 지방000% 트렌스지방09 포화지방000% | ·정중   | 量500%空量180%8等100% | 영양정보 | ·수 | 27857-4 | 电：7线20004935-65 |  | (원두:에티오피마산/에기체트 100%) | A | 开间100%790%/8间10% |  | 내8명 | 33 g(11 g X 30개입)/120 kcal |  | 유통개한 하단표기일까지 | 본은 세에 위 |  | 스로2 | 있u | /도구 성 정자  | - |  
images\001363.jpg,42,16,,,"04.2021-10:13/1906064 | 143g | Tavsiye edilen tüketim tarihi/Parti no: | Mensei: Tuidor | IsletmeKayitNo:TR-35-K-000884 | yapabilirsiniz | hicbir | Icindek | bosaltip soguk servis yapin. | -Seker | 2-3 adet biskuvi koyulmus kaselere | dilimi veya süt ile islatilms | karistirarak 10 dk sogutun. Dibine kek | Ocaktan aldiktan sonra arada | sup | daha karistirarak pisirmeye devam | 8코 | AAO | 9 | R.8 | 1006 |  | Net: | roa | 3 | 169 | Serin, kuru ve kokusuz ortamda saklayiniz. | Türk Gida Kodeksi'ne uygundur. | Domu | Hindistan cevizi rendesi ile süsleyerek servis | ç.kolata rendesi, Dr. Oetker Krem Santi veya | (ksante | tozu,ni | Servis önerisi: Arzuya göre üzerini Antep fistig1, | Tuz | Protel | Karoo | -Doyn | YOR | Enerji | edin. | veya tereyagi ilave edin ve 2-3 dk"
images\003337.jpg,45,39,,,"A y Os E |  020 0%/A | 4 5m0 0% | 영양정보 | 현상이발생할수 | 202006/01 | 있습니다.온도 | 해결기준에의거 | *본 제품은 소비지 | *부정,불량식품 | Product of China | 건조하고 서늘 | 글리프로필렌 | Technology Co., Ltd. | 돼지고기 함 | 나트륨착색료( | Manufacturer: Guangdong Fuwei Health | 0.4%,사과산책 | 사과주스농축 | 오렌지항-포도ㄷ | 나트륨착색료( | 사과산,착색료 | 변성전분,구연 | 시럽,설탐,젤라터 | (식용색소황색제) | (이산화티타는 | 구연산,펙턴,합 | 젤라틴(돼지고기) | 제1호)되지고 | 나트륨착색료(식 | 사과산,착색료(이 | 농축,변성전분,구 | 포도당시럽,설탕 제 | (16g*8봉지IN480K | 표시일까지(읽는비 | 서울시 강서구화고 | 캔디류·수입판매원:홈 | ANIMAL FRIEND | ·제품명:주 질리 동물 | NL | Best Bel | KW | Te | Industrial Park, Chaoshan Road,Shantou,Guangdong.Chin | Add:M3 Zone 11 And Building D No.13-7&08, Jinyuan"
images\002214.jpg,34,28,2020-10-16,,8801007216317 | 20.10.16F1 | 유통기한: | 1666-54718499 |  부신는 | 1계통및죄후보관경우제통변질의우력가있습니다. | 080-850-1200 | 3 | 다.·사용 후 포장지는 반드시 분라배출하여 주십시오 | 2특금중포장손상을입으면제품변질의우려가있습니다. | 주의사항 | E  | 고객행복센터 | ·본제품은 소세자 분정결 기준 의 과는 보을 수있습다. | 기열된 용가는 데우 뜨거우므로 화상생에 주의하십시오 | 영양정보 | 조리방법 | 보관방법 | U구01] | ulabe | 배은 표기일지 | 위개 | -0 국 국신 미 7국신 |  | 으면에  | 미 | 제품a | 뺏면은 무면이으장개가면
images\000833.jpeg,6,6,,,"흔들어 주세요! | 2026,04.27 | HS19:06 | 20 | 인크포 | 또스"
images\002471.jpg,12,5,2021-03-12 2021-03-18,,L22103127228011 | 유통기한:21.03.18A | 등급판정일:21.03.12F1 | XHomeplus  | 하림
images\002242.jpg,44,40,2022-03-13,,"까지 | 880802410238501 | 2022.03.13 | 유통기한 | 별날개판는심가 주십시오 | 단백질 0q0% | 콜레스테롤0mg0% | 구입체 및 판매원에서 교환 하십시오. | 지방 0g0% 트랜스지방 0g 포화지방0g0% | ·유통과정중내용물이변되었을경우섭취하지마고 | 나트륨 5mg0%탄수화물 1q 미만 0% 당류 0q0% | 있으므로 주의해 주십시오 | 1개(1.1 g)당4 kcal | ·제품개봉이나섭취시포장재에의해상처를입을수 | 영양정보 | 총내용량 33 g(1.1 g× 30개입) | 157-10 | 200049035-685 | 내포장제질 폴리에틸렌 | ·부정·불품신고는국번업에으 | (원두:에티오피아산/여가체프 100%] | 보관해 주십시오. | 커피 100%[커피90%(독일산),볶은커피 10% | 원재료명 | ·직선을하고온습도가낮으며,통품이되는곳에 | 33 g(1.1 g X 30개입)/120 kcal | 내용량 | 정당한 소비자피해에대해보상해드립니다. | 하단표기일까지 | 유통기한 | ·본제품은소비자기본법에의한소비지분쟁해결준에의거 | 투플레이스주식회사/충청북도음성군대소연대소신단로20 | 유통전문관원 | 제조사설에서 제조하고 있습니다. | (주자녕/충청남도 천안시 서북구 성거읍 정자 1길 166 | 제조원 | ·이제품은우유일류,평콩대두밀을사용한제품과같은 | 제품명 | ·스틱내질소충전 | 투이리스트스탁커피 마일드블린터식품유형커리"
images\002407.jpg,9,8,,,"조리예 | 10sticks | Macchiato | Caramel | 02.0.0 | 810:38A | CAFE | MaXIim | NETwT.130 g[60 kcal/1sick13g, total 600 kcal/10sticks]"
images\001179.jpg,6,5,,,"6398 | TC/E/PR/1007/478 | 조용동 | Best Before Date:01 5Ef 20z3 | 5285146149 | Pure Ceylon tea, packed in Sri Lanka"
images\001823.jpg,8,7,2021-06-09,,- | 작은일액시 | 르기병   | H | 사용기한: | 2021.06.09 | 제조번호:
images\000376.jpg,25,22,2025-10-07,,"드시기바랍니다.-이제풍은 | -제품 내 간혹 흑막이 발견될 수있 | 이내라도 빨리 드시기 바랍니다.개봉시 뜨거운 | 뚜껑을 살 | 주의사항.-비 냉장 보관 시 소비기한 이내에 변질될 우려가 | 논현로 508, GS 강남타워 19층(역삼동)·영업본부:서울특별시 서 | 국산·다두밀소고기,닭고기,새우오징어 조개류(바지락,굴)함유 | 1일 영양성분 기준치에 대한 비울%은 2,00 kca 가준이므로 개인의  | 100g당45kcal | 영양 총 내용량 360g | 号420mg21%6g2%号1291%不 | 배추2.7 | 2025.10.07까지 | ·기타어육가 | 얼큰한오 | 쫄깃한 어 | EOMUK | OMORI | 김s | 어득 | 오모리 | 유어스프리미엄"
images\002443.jpg,6,5,,,"neuovása | No Braand'"" | K12015月 | 16:06 | BEST BEFORE 11:11:21 | 브랜드가 아니다.소비자다"
