image_id,source,date
001001,사용자 비고,2021-09-07
001003,사용자 비고,2022-08-24
001005,사용자 비고,2020-08-10
001016,사용자 비고,2021-02-21
001017,사용자 비고,2021-02-21
001018,v5 정답 확인,2021-05-15
001019,참조 사진 상속,2021-05-15
001021,v5 정답 확인,2021-06-28
001022,참조 사진 상속,2021-06-28
001023,v5 정답 확인,2021-07-13
001030,사용자 비고,2022-10-NONE
001031,사용자 비고,2022-10-NONE
001038,v5 정답 확인,2021-12-28
001039,v5 정답 확인,2021-12-28
001070,사용자 비고,2024-01-24
001071,사용자 비고,2024-01-24
001072,v5 정답 확인,2023-09-18
001075,v5 정답 확인,2021-09-30
001078,v5 정답 확인,2023-09-24
001079,비고: 맞음 표기,2023-09-24
001086,v5 정답 확인,2023-10-09
001093,v5 정답 확인,2021-05-25
001103,사용자 비고,2021-03-14
001129,사용자 비고,NONE-02-07
001131,사용자 비고,NONE-02-12
001134,v5 정답 확인,2021-03-03
001136,사용자 비고,2022-09-24
001164,v5 정답 확인,2021-03-01
001166,사용자 비고,2022-01-20
001167,사용자 비고,2022-01-20
001177,사용자 비고,2021-12-01
001178,사용자 비고,2021-12-01
001179,사용자 비고(연도 교체),2023-09-01
001180,사용자 비고(연도 교체),2023-09-01
001186,v5 정답 확인,2021-09-28
001197,v5 정답 확인,2021-10-10
001198,v5 정답 확인,2021-10-10
001205,사용자 비고,NONE-05-21
001214,사용자 비고,2021-05-15
001215,사용자 비고,2021-06-13
001223,사용자 비고,2021-04-11
001236,사용자 비고,NONE-01-28
001237,사용자 비고,NONE-01-28
001239,v5 정답 확인,2020-12-19
001254,v5 정답 확인,2019-09-13
001257,v5 정답 확인,2023-07-03
001261,사용자 비고,2021-03-25
001262,v5 정답 확인,2021-03-25
001268,v5 정답 확인,2022-09-05
001269,사용자 비고(월 이름),2021-10-11
001270,사용자 비고(월 이름),2021-10-11
001274,v5 정답 확인,2022-06-17
001279,v5 정답 확인,2022-10-09
001280,v5 정답 확인,2022-10-09
001286,v5 정답 확인,2022-11-21
001292,사용자 비고,2022-11-05
001293,사용자 비고,2022-11-05
001297,v5 정답 확인,2023-11-NONE
001304,v5 정답 확인,2021-04-12
001305,v5 정답 확인,2021-04-12
001308,v5 정답 확인,2022-11-06
001313,v5 정답 확인,2022-01-15
001314,v5 정답 확인,2022-01-15
001318,사용자 비고,2022-12-07
001325,비고: 맞음 표기,2022-07-31
001333,v5 정답 확인,2021-12-NONE
001334,v5 정답 확인,2021-10-26
001335,사용자 비고,2021-10-26
001337,v5 정답 확인,2021-07-04
001358,사용자 비고,2020-12-NONE
001359,사용자 비고,2020-12-NONE
001360,v5 정답 확인,2021-09-02
001361,사용자 비고,2021-09-02
001364,사용자 비고,2021-02-NONE
001368,v5 정답 확인,2021-08-19
001376,v5 정답 확인,2021-12-02
001377,v5 정답 확인,2021-12-02
001379,v5 정답 확인,2021-01-22
001381,v5 정답 확인,2021-04-09
001384,사용자 비고,2018-09-NONE
001385,사용자 비고,2018-09-NONE
001393,v5 정답 확인,2022-07-14
001395,사용자 비고,2021-09-01
001400,사용자 비고,2022-01-29
001401,사용자 비고,2022-01-29
001402,사용자 비고,2020-09-29
001403,사용자 비고,2020-09-29
001404,v5 정답 확인,2021-01-27
001410,v5 정답 확인,2021-05-25
001411,v5 정답 확인,2022-09-06
001414,사용자 비고,2021-07-23
001417,v5 정답 확인,2021-11-05
001455,v5 정답 확인,2022-04-02
001463,사용자 비고,2021-11-17
001466,v5 정답 확인,2020-11-03
001467,v5 정답 확인,2020-07-03
001477,사용자 비고,2022-05-10
001482,사용자 비고,NONE-01-31
001483,사용자 비고,2021-02-06
001493,사용자 비고(월 이름),2023-08-17
001508,사용자 비고,2021-10-19
001509,사용자 비고,2021-10-19
001521,v5 정답 확인,2021-07-08
001523,사용자 비고,2021-06-14
001526,v5 정답 확인,2021-01-21
001546,v5 정답 확인,2021-07-04
001548,사용자 비고,2022-09-28
001549,사용자 비고,2022-09-28
001550,사용자 비고,2021-08-25
001552,사용자 비고,NONE-02-19
001553,사용자 비고,NONE-02-19
001563,사용자 비고,2020-08-05
001564,사용자 비고,2020-08-05
001566,v5 정답 확인,2020-04-23
001636,사용자 비고,2021-12-22
001640,사용자 비고,2021-02-28
001644,v5 정답 확인,2021-10-16
001646,사용자 비고,2021-10-12
001688,사용자 비고,2021-06-22
001689,사용자 비고,2021-06-22
001693,사용자 비고,2021-07-03
001748,v5 정답 확인,2019-07-03
001749,사용자 비고,2019-07-03
001765,비고: 맞음 표기,2031-07-08
001766,비고: 맞음 표기,NONE
001769,v5 정답 확인,2021-12-22
001776,v5 정답 확인,2021-04-05
001787,사용자 비고,NONE-12-20
001788,사용자 비고,NONE-12-20
001797,사용자 비고,2020-05-26
001805,v5 정답 확인,2020-11-09
001816,사용자 비고,2021-04-14
001831,v5 정답 확인,2020-12-NONE
001833,사용자 비고,2022-09-22
001834,v5 정답 확인,2022-07-12
001842,사용자 비고,2021-05-NONE
001843,사용자 비고,2021-05-NONE
001848,v5 정답 확인,2021-11-18
001850,v5 정답 확인,2021-12-16
001851,사용자 비고,2021-12-16
001853,사용자 비고,2022-08-18
001855,사용자 비고,2023-10-28
001856,사용자 비고,2023-10-28
001859,사용자 비고,2022-07-08
001860,사용자 비고,2022-07-08
001864,사용자 비고,2023-08-04
001868,사용자 비고,2022-07-NONE
001880,사용자 비고,2021-09-21
001881,v5 정답 확인,2021-06-20
001899,사용자 비고,2021-11-29
001900,사용자 비고,2021-11-29
001911,v5 정답 확인,2021-05-21
001912,v5 정답 확인,2021-05-01
001916,v5 정답 확인,2021-06-24
001924,사용자 비고,2020-01-21
001937,비고: 맞음 표기,2015-12-26
001939,v5 정답 확인,2021-03-14
001945,사용자 비고,2021-08-NONE
001946,사용자 비고,2021-08-NONE
001947,v5 정답 확인,2022-08-10
001956,v5 정답 확인,2021-10-NONE
001957,v5 정답 확인,2021-10-NONE
001971,v5 정답 확인,2021-06-18
001973,v5 정답 확인,2023-03-15
001974,사용자 비고,2021-09-NONE
001976,사용자 비고,2026-02-21
001978,v5 정답 확인,2020-11-04
001979,v5 정답 확인,2020-11-04
001987,v5 정답 확인,2021-12-28
001988,사용자 비고,2021-12-28
002009,v5 정답 확인,2021-12-02
002010,v5 정답 확인,2021-12-02
002011,v5 정답 확인,2020-06-30
002012,v5 정답 확인,2020-06-30
002016,사용자 비고,2022-10-19
002019,v5 정답 확인,2022-03-09
002052,사용자 비고,NONE-04-14
002054,사용자 비고,2021-12-NONE
002055,사용자 비고,2021-12-NONE
002073,v5 정답 확인,2024-12-21
002125,사용자 비고,2021-04-21
002157,v5 정답 확인,2021-12-25
002173,v5 정답 확인,NONE-07-01
002183,v5 정답 확인,2019-02-20
002190,사용자 비고,2022-02-04
002208,v5 정답 확인,2022-05-31
002220,v5 정답 확인,2019-09-30
002227,사용자 비고,2023-03-28
002228,사용자 비고,2023-03-28
002240,v5 정답 확인,2021-05-26
002241,v5 정답 확인,2021-05-26
002244,v5 정답 확인,2021-05-21
002245,v5 정답 확인,2021-05-21
002250,사용자 비고,2021-05-09
002264,사용자 비고,NONE-03-05
002269,사용자 비고,2021-03-16
002277,사용자 비고,2023-07-NONE
002278,사용자 비고,2023-07-NONE
002281,사용자 비고,2022-07-NONE
002282,사용자 비고,2022-07-NONE
002284,v5 정답 확인,2022-01-06
002312,v5 정답 확인,2020-08-17
002331,v5 정답 확인,2021-12-16
002368,v5 정답 확인,2022-01-16
002373,v5 정답 확인,2021-12-27
002390,사용자 비고,2021-03-18
002393,사용자 비고,2020-07-01
002394,사용자 비고,2020-07-01
002397,v5 정답 확인,2022-01-25
002398,v5 정답 확인,2021-09-18
002401,v5 정답 확인,2022-11-04
002403,사용자 비고,2022-10-02
002404,사용자 비고,2022-10-02
002410,사용자 비고,2022-04-NONE
002411,v5 정답 확인,2023-01-12
002424,v5 정답 확인,2022-06-09
002425,v5 정답 확인,2022-06-09
002430,v5 정답 확인,2021-06-11
002432,v5 정답 확인,2020-07-16
002436,v5 정답 확인,2021-06-03
002444,사용자 비고,2021-11-11
002452,사용자 비고,2021-12-22
002454,사용자 비고,2023-02-NONE
002455,사용자 비고,2023-02-NONE
002459,v5 정답 확인,2021-11-30
002460,v5 정답 확인,2021-11-30
002463,사용자 비고,2020-12-21
002476,v5 정답 확인,2021-03-13
002478,v5 정답 확인,2023-03-15
002491,v5 정답 확인,2022-09-08
002492,사용자 비고,2022-09-08
002521,v5 정답 확인,2023-10-02
002537,v5 정답 확인,2021-09-22
002539,v5 정답 확인,2021-08-05
002544,v5 정답 확인,2021-03-21
002545,v5 정답 확인,2021-03-21
002552,사용자 비고,2021-01-22
002553,v5 정답 확인,2022-01-21
002598,v5 정답 확인,2021-12-NONE
002605,사용자 비고,2017-11-23
002613,사용자 비고,2023-04-NONE
002614,사용자 비고,2023-04-NONE
002625,사용자 비고,2021-06-22
002629,사용자 비고,2023-05-NONE
002630,사용자 비고,2023-05-NONE
002638,v5 정답 확인,2022-11-01
002643,사용자 비고,2022-11-NONE
002644,사용자 비고,2022-11-NONE
002645,v5 정답 확인,2021-12-14
002646,v5 정답 확인,2021-12-14
002650,v5 정답 확인,2021-07-01
002662,v5 정답 확인,2022-01-11
002707,사용자 비고,2022-01-20
002708,사용자 비고,2022-01-20
002713,v5 정답 확인,2021-10-22
002714,v5 정답 확인,2021-10-22
002717,사용자 비고,2022-03-01
002723,사용자 비고,2020-12-19
002731,v5 정답 확인,2021-04-18
002736,v5 정답 확인,2021-04-28
002749,사용자 비고,2020-12-NONE
002752,사용자 비고,2022-01-NONE
002766,v5 정답 확인,2021-03-16
002772,사용자 비고,2024-05-NONE
002773,사용자 비고,2024-05-NONE
002775,비고: 맞음 표기,2021-10-03
002778,v5 정답 확인,2021-10-02
002779,v5 정답 확인,2021-10-02
002783,v5 정답 확인,2021-04-22
002785,v5 정답 확인,2021-04-18
002788,v5 정답 확인,2021-04-03
002789,v5 정답 확인,2021-04-03
002794,v5 정답 확인,2022-10-05
002810,v5 정답 확인,2023-01-20
002812,v5 정답 확인,2023-01-13
002814,사용자 비고,2021-04-02
002816,v5 정답 확인,2021-06-28
002826,사용자 비고,2021-07-03
002827,사용자 비고,2021-07-03
002843,사용자 비고,2023-06-NONE
002844,사용자 비고,2023-06-NONE
002863,사용자 비고,2021-08-30
002865,사용자 비고,2023-03-02
002867,사용자 비고,2028-02-22
002902,v5 정답 확인,2020-07-22
002904,사용자 비고,2023-03-NONE
002915,v5 정답 확인,2022-09-15
002971,v5 정답 확인,2022-11-14
003004,사용자 비고,2023-05-NONE
003005,사용자 비고,2023-05-NONE
003013,v5 정답 확인,2024-01-29
003016,사용자 비고,2022-07-01
003018,v5 정답 확인,2023-01-04
003027,v5 정답 확인,2021-09-28
003111,v5 정답 확인,2021-06-09
003114,v5 정답 확인,2021-09-25
003115,v5 정답 확인,2021-09-25
003123,사용자 비고,2021-09-15
003147,v5 정답 확인,2021-04-22
003161,v5 정답 확인,2021-10-NONE
003165,사용자 비고,2021-09-17
003166,사용자 비고,2021-07-NONE
003190,v5 정답 확인,2022-08-16
003197,v5 정답 확인,2020-11-05
003199,v5 정답 확인,2025-10-12
003214,사용자 비고,2024-01-12
003220,v5 정답 확인,2021-09-13
003222,사용자 비고,2022-06-14
003223,사용자 비고,2022-06-14
003228,사용자 비고,2022-04-26
003241,v5 정답 확인,2022-01-28
003252,v5 정답 확인,2023-04-NONE
003253,v5 정답 확인,2020-10-20
003257,v5 정답 확인,2022-04-01
003259,사용자 비고,2022-02-10
003271,v5 정답 확인,2021-07-07
003280,v5 정답 확인,2023-07-31
003284,v5 정답 확인,2021-09-10
003304,v5 정답 확인,2025-03-NONE
003309,사용자 비고,2020-08-29
003310,사용자 비고,2020-08-29
003312,v5 정답 확인,2021-03-11
003318,v5 정답 확인,2021-10-20
003322,v5 정답 확인,2021-09-01
003323,사용자 비고,2021-05-24
003324,사용자 비고,2021-06-01
003326,사용자 비고,2021-06-05
003327,사용자 비고,2021-06-05
003331,v5 정답 확인,2021-11-03
003332,사용자 비고,2021-04-29
003338,사용자 비고,2021-06-01
003340,사용자 비고,2022-09-29
003341,사용자 비고,2022-09-29
3348,사용자 비고,2027-07-13
3351,사용자 비고,2025-12-10
3352,비고: 맞음 표기,2025-12-10
