image_id,gold,P0_ko_first,P1_ch_first,P2_more_digits,P3_ch_if_disagree_year
000001,2027-06-26,2027-06-26,2027-06-26,2027-06-26,2027-06-26
000002,2025-12-11,2025-12-11,2025-12-11,2025-12-11,2025-12-11
000003,2026-05-12,2026-05-12,2026-05-12,2026-05-12,2026-05-12
000004,2022-02-14,NONE,NONE,NONE,NONE
000005,2026-07-02,2026-07-02,2026-07-02,2026-07-02,2026-07-02
000006,2026-02-17,2026-02-17,2026-02-17,2026-02-17,2026-02-17
000007,2026-06-25,2026-06-25,2026-06-25,2026-06-25,2026-06-25
000008,2027-06-29,NONE,NONE,NONE,NONE
000009,2026-10-29,2026-10-29,2026-10-29,2026-10-29,2026-10-29
000010,2026-06-08,NONE,NONE,NONE,NONE
000011,2026-02-05,2026-02-05,2026-02-05,2026-02-05,2026-02-05
000012,2026-03-23,2026-03-23,2026-03-23,2026-03-23,2026-03-23
000013,2026-03-20,2026-03-20,2026-03-20,2026-03-20,2026-03-20
000014,2026-01-31,2026-01-31,2026-01-31,2026-01-31,2026-01-31
000015,2026-03-01,2026-03-01,2026-03-01,2026-03-01,2026-03-01
000016,2026-01-22,2026-01-22,2026-01-22,2026-01-22,2026-01-22
000017,2026-11-25,2026-11-25,2026-11-25,2026-11-25,2026-11-25
000018,2026-04-24,2025-04-02,2025-04-02,2025-04-02,2025-04-02
000019,2026-04-09,2026-04-09,2026-04-09,2026-04-09,2026-04-09
000020,2025-10-09,2025-10-09,2025-10-09,2025-10-09,2025-10-09
000021,2025-10-10,2025-10-10,2025-10-10,2025-10-10,2025-10-10
000022,2025-10-14,2025-10-14,2025-10-14,2025-10-14,2025-10-14
000023,2025-10-11,2025-10-10,2025-10-10,2025-10-10,2025-10-10
000024,NONE-NONE-NONE,NONE,NONE,NONE,NONE
000025,2026-06-11,2026-06-11,2026-06-11,2026-06-11,2026-06-11
000026,2025-11-13,2025-11-13,2025-11-13,2025-11-13,2025-11-13
000027,2026-04-27,2026-04-27,2026-04-27,2026-04-27,2026-04-27
000028,2026-02-10,2025-03-31,2025-03-31,2025-03-31,2025-03-31
000029,2026-08-02,2026-08-02,2026-08-02,2026-08-02,2026-08-02
000030,2028-08-17,2028-08-17,2028-08-17,2028-08-17,2028-08-17
000031,2026-02-14,2026-02-14,2026-02-14,2026-02-14,2026-02-14
000032,2026-03-22,NONE,NONE,NONE,NONE
000033,2026-06-17,2026-06-17,2026-06-17,2026-06-17,2026-06-17
000034,2026-06-30,NONE,NONE,NONE,NONE
000035,2026-08-17,NONE,NONE,NONE,NONE
000036,2026-08-26,2026-08-26,2026-08-26,2026-08-26,2026-08-26
000037,2026-07-17,2026-07-17,2026-07-17,2026-07-17,2026-07-17
000038,2027-02-12,2027-02-12,2027-02-12,2027-02-12,2027-02-12
000039,2026-05-26,NONE,NONE,NONE,NONE
000040,2025-10-11,2025-10-11,2025-10-11,2025-10-11,2025-10-11
000041,2025-10-11,2025-10-11,2025-10-11,2025-10-11,2025-10-11
000042,2025-10-12,2025-10-12,2025-10-12,2025-10-12,2025-10-12
000043,NONE-10-14,NONE-10-14,NONE-10-14,NONE-10-14,NONE-10-14
000044,2026-02-07,2026-02-07,2026-02-07,2026-02-07,2026-02-07
000045,2027-04-21,2027-04-21,2027-04-21,2027-04-21,2027-04-21
000046,2025-10-10,2025-10-10,2025-10-10,2025-10-10,2025-10-10
000047,2027-04-14,2027-04-14,2027-04-14,2027-04-14,2027-04-14
000048,2026-06-12,2026-06-12,2026-06-12,2026-06-12,2026-06-12
000049,2026-03-01,2026-03-01,2026-03-01,2026-03-01,2026-03-01
000050,2025-09-30,2025-09-30,2025-09-30,2025-09-30,2025-09-30
000051,2026-01-12,NONE,NONE,NONE,NONE
000052,2025-11-19,2025-11-19,2025-11-19,2025-11-19,2025-11-19
000053,2025-12-20,2025-12-20,2025-12-20,2025-12-20,2025-12-20
000054,2025-10-08,2040-02-16,2025-10-08,2025-10-08,2025-10-08
000055,2026-08-04,2026-08-04,2026-08-04,2026-08-04,2026-08-04
000056,2026-07-11,2026-07-11,2026-07-11,2026-07-11,2026-07-11
000057,2026-06-24,2026-06-24,2026-06-24,2026-06-24,2026-06-24
000058,2027-03-27,2027-03-27,2027-03-27,2027-03-27,2027-03-27
000059,2027-06-22,2027-06-22,2027-06-22,2027-06-22,2027-06-22
000060,2026-04-30,2026-04-13,2026-04-30,2026-04-13,2026-04-30
000061,2026-06-04,NONE,NONE,NONE,NONE
000062,2026-05-26,2026-05-26,2026-05-26,2026-05-26,2026-05-26
000063,2026-06-16,2026-06-16,2026-06-16,2026-06-16,2026-06-16
000064,2026-08-03,2026-08-03,2026-08-03,2026-08-03,2026-08-03
000065,2026-01-12,2026-01-12,2026-01-12,2026-01-12,2026-01-12
000066,2026-08-17,2026-08-17,2026-08-17,2026-08-17,2026-08-17
000067,2025-12-19,2025-12-19,2025-12-19,2025-12-19,2025-12-19
000068,2026-06-17,2026-06-17,2026-06-17,2026-06-17,2026-06-17
000069,2026-06-24,2026-06-24,2026-06-24,2026-06-24,2026-06-24
000070,2026-10-08,2026-10-08,2026-10-08,2026-10-08,2026-10-08
000071,2027-07-20,2027-07-20,2027-07-20,2027-07-20,2027-07-20
000072,2026-04-25,2026-04-25,2026-04-25,2026-04-25,2026-04-25
000073,2026-03-12,2026-03-12,2026-03-12,2026-03-12,2026-03-12
000074,2026-08-28,2026-08-28,2026-08-28,2026-08-28,2026-08-28
000075,2026-01-06,2026-01-06,2026-01-06,2026-01-06,2026-01-06
000076,2026-08-17,2026-08-17,2026-08-17,2026-08-17,2026-08-17
000077,2026-03-07,2026-03-07,2026-03-07,2026-03-07,2026-03-07
000078,2026-06-19,2025-06-19,2025-06-19,2025-06-19,2025-06-19
000079,2026-01-31,2026-01-31,2026-01-31,2026-01-31,2026-01-31
000080,2026-09-16,NONE,NONE,NONE,NONE
000081,2026-05-18,2026-05-18,2026-05-18,2026-05-18,2026-05-18
000082,2026-08-24,2026-08-24,2026-08-24,2026-08-24,2026-08-24
000083,2026-07-01,NONE,NONE,NONE,NONE
000084,2026-03-31,2026-03-31,2026-03-31,2026-03-31,2026-03-31
000085,2026-03-30,2026-03-30,2026-03-30,2026-03-30,2026-03-30
000086,2026-03-14,2026-03-14,2026-03-14,2026-03-14,2026-03-14
000087,2026-08-10,2026-08-10,2026-08-10,2026-08-10,2026-08-10
000088,2026-09-03,2025-09-04,2025-09-04,2025-09-04,2025-09-04
000089,2026-09-11,2026-09-11,2026-09-11,2026-09-11,2026-09-11
000090,2026-09-01,NONE,NONE,NONE,NONE
000091,2027-05-22,2027-05-22,2027-05-22,2027-05-22,2027-05-22
000092,2026-12-05,2026-12-05,2026-12-05,2026-12-05,2026-12-05
000093,2026-04-23,NONE,NONE,NONE,NONE
000094,2027-06-30,2027-06-30,2027-06-30,2027-06-30,2027-06-30
000095,2026-07-29,2026-07-29,2026-07-29,2026-07-29,2026-07-29
000096,2026-05-26,2026-05-26,2026-05-26,2026-05-26,2026-05-26
000097,2025-11-19,2025-11-19,2025-11-19,2025-11-19,2025-11-19
000098,2026-03-11,2026-03-11,2026-03-11,2026-03-11,2026-03-11
000099,2026-03-07,2026-03-07,2026-03-07,2026-03-07,2026-03-07
000100,2026-02-11,2026-02-11,2026-02-11,2026-02-11,2026-02-11
000101,2026-04-08,2026-04-08,2026-04-08,2026-04-08,2026-04-08
000102,2025-11-13,2025-11-13,2025-11-13,2025-11-13,2025-11-13
000103,2025-12-18,NONE,NONE,NONE,NONE
000104,2026-04-01,2026-04-01,2026-04-01,2026-04-01,2026-04-01
000105,2025-11-09,2025-11-09,2025-11-09,2025-11-09,2025-11-09
000106,NONE-NONE-NONE,NONE,NONE,NONE,NONE
000107,2025-12-25,2025-12-25,2025-12-25,2025-12-25,2025-12-25
000108,2025-10-24,2025-10-24,2025-10-24,2025-10-24,2025-10-24
000109,2025-12-12,2025-12-12,2025-12-12,2025-12-12,2025-12-12
000110,2025-10-29,2025-10-29,2025-10-29,2025-10-29,2025-10-29
000111,2025-10-25,2025-10-05,2025-10-05,2025-10-05,2025-10-05
000112,2025-10-17,2025-10-17,2025-10-17,2025-10-17,2025-10-17
000113,2026-01-16,2026-01-16,2026-01-16,2026-01-16,2026-01-16
000114,2026-02-28,2026-02-28,2026-02-28,2026-02-28,2026-02-28
000115,2025-12-08,2025-12-08,2025-12-08,2025-12-08,2025-12-08
000116,2026-03-27,2026-03-27,2026-03-27,2026-03-27,2026-03-27
000117,2025-11-28,2025-11-28,2025-11-28,2025-11-28,2025-11-28
000118,2026-03-23,2026-03-23,2026-03-23,2026-03-23,2026-03-23
000119,2026-08-24,2026-08-24,2026-08-24,2026-08-24,2026-08-24
000120,2026-08-25,NONE,NONE,NONE,NONE
000121,2027-04-13,2027-04-13,2027-04-13,2027-04-13,2027-04-13
000122,2027-04-28,NONE,NONE,NONE,NONE
000123,2026-06-04,2026-06-04,2026-06-04,2026-06-04,2026-06-04
000124,2026-01-02,2026-01-02,2026-01-02,2026-01-02,2026-01-02
000125,2026-04-07,2026-04-07,2026-04-07,2026-04-07,2026-04-07
000126,2026-06-12,2026-06-12,2026-06-12,2026-06-12,2026-06-12
000127,2026-04-27,2026-04-27,2026-04-27,2026-04-27,2026-04-27
000128,2026-05-28,2026-05-28,2026-05-28,2026-05-28,2026-05-28
000129,2026-01-09,2026-01-09,2026-01-09,2026-01-09,2026-01-09
000130,2027-02-05,2027-02-05,2027-02-05,2027-02-05,2027-02-05
000131,2026-08-05,2026-08-05,2026-08-05,2026-08-05,2026-08-05
000132,2026-08-21,2026-08-21,2026-08-21,2026-08-21,2026-08-21
000133,2025-11-25,2025-11-25,2025-11-25,2025-11-25,2025-11-25
000134,2026-09-23,2026-09-23,2026-09-23,2026-09-23,2026-09-23
000135,2026-04-18,2026-04-18,2026-04-18,2026-04-18,2026-04-18
000136,2025-12-02,2025-12-02,2025-12-02,2025-12-02,2025-12-02
000137,2026-03-26,2026-03-26,2026-03-26,2026-03-26,2026-03-26
000138,2026-05-14,2026-05-14,2026-05-14,2026-05-14,2026-05-14
000139,2026-07-26,2026-07-26,2026-07-26,2026-07-26,2026-07-26
000140,2026-07-14,2026-07-14,2026-07-14,2026-07-14,2026-07-14
000141,2026-09-17,2026-09-17,2026-09-17,2026-09-17,2026-09-17
000142,2026-05-14,2026-05-14,2026-05-14,2026-05-14,2026-05-14
000143,2027-03-06,2027-03-06,2027-03-06,2027-03-06,2027-03-06
000144,2027-03-25,2027-03-25,2027-03-25,2027-03-25,2027-03-25
000145,2027-03-24,2027-03-24,2027-03-24,2027-03-24,2027-03-24
000146,2026-04-03,2026-04-03,2026-04-03,2026-04-03,2026-04-03
000147,2026-03-21,2026-03-21,2026-03-21,2026-03-21,2026-03-21
000148,2026-02-26,2026-02-26,2026-02-26,2026-02-26,2026-02-26
000149,2026-04-28,2026-04-28,2026-04-28,2026-04-28,2026-04-28
000150,2026-08-12,2026-08-12,2026-08-12,2026-08-12,2026-08-12
000151,2026-09-07,2026-09-07,2026-09-07,2026-09-07,2026-09-07
000152,2026-07-31,NONE,NONE,NONE,NONE
000153,2026-10-12,2026-10-12,2026-10-12,2026-10-12,2026-10-12
000154,2027-08-13,2027-08-13,2027-08-13,2027-08-13,2027-08-13
000155,2026-06-22,2026-06-22,2026-06-22,2026-06-22,2026-06-22
000156,2026-07-29,2026-07-29,2026-07-29,2026-07-29,2026-07-29
000157,2027-07-08,NONE,NONE,NONE,NONE
000158,2028-07-20,2028-07-20,2028-07-20,2028-07-20,2028-07-20
000159,2027-01-08,NONE,NONE,NONE,NONE
000160,2026-10-27,2026-10-27,2026-10-27,2026-10-27,2026-10-27
000161,2027-05-10,2027-05-10,2027-05-10,2027-05-10,2027-05-10
000162,2027-06-12,2027-06-12,2027-06-12,2027-06-12,2027-06-12
000163,2026-11-20,2026-11-20,2026-11-20,2026-11-20,2026-11-20
000164,2026-04-27,2026-04-27,2026-04-27,2026-04-27,2026-04-27
000165,2027-01-13,2027-01-13,2027-01-13,2027-01-13,2027-01-13
000166,2027-08-18,2027-08-18,2027-08-18,2027-08-18,2027-08-18
000167,2026-08-07,2026-08-07,2026-08-07,2026-08-07,2026-08-07
000168,2026-02-16,2026-02-16,2026-02-16,2026-02-16,2026-02-16
000169,2026-03-18,2026-03-18,2026-03-18,2026-03-18,2026-03-18
000170,2026-09-07,2026-09-07,2026-09-07,2026-09-07,2026-09-07
000171,2026-05-27,2026-05-27,2026-05-27,2026-05-27,2026-05-27
000172,2026-06-10,2026-06-10,2026-06-10,2026-06-10,2026-06-10
000173,2026-09-17,2026-09-17,2026-09-17,2026-09-17,2026-09-17
000174,2026-09-05,2026-09-05,2026-09-05,2026-09-05,2026-09-05
000175,2026-06-28,2026-06-28,2026-06-28,2026-06-28,2026-06-28
000176,2026-09-22,2026-09-22,2026-09-22,2026-09-22,2026-09-22
000177,2026-08-18,2026-08-18,2026-08-18,2026-08-18,2026-08-18
000178,2026-06-26,2026-06-25,2026-06-25,2026-06-25,2026-06-25
000179,2026-06-29,2026-06-29,2026-06-29,2026-06-29,2026-06-29
000180,2026-06-25,2026-06-02,2026-06-02,2026-06-02,2026-06-02
000181,2026-09-08,2026-09-08,2026-09-08,2026-09-08,2026-09-08
000182,2026-10-01,2026-10-01,2026-10-01,2026-10-01,2026-10-01
000183,2027-07-28,2027-07-28,2027-07-28,2027-07-28,2027-07-28
000184,2027-11-19,2027-11-19,2027-11-19,2027-11-19,2027-11-19
000185,2028-03-15,2028-03-15,2028-03-15,2028-03-15,2028-03-15
000186,2028-04-14,2028-04-14,2028-04-14,2028-04-14,2028-04-14
000187,2028-02-05,2028-02-05,2028-02-05,2028-02-05,2028-02-05
000188,2027-09-30,2027-09-30,2027-09-30,2027-09-30,2027-09-30
000189,2026-08-25,2026-08-25,2026-08-25,2026-08-25,2026-08-25
000190,2026-11-22,NONE,NONE,NONE,NONE
000191,2026-06-15,NONE,NONE,NONE,NONE
000192,2026-06-24,NONE,NONE,NONE,NONE
000193,2026-03-06,2026-03-06,2026-03-06,2026-03-06,2026-03-06
000194,2027-04-23,2027-04-23,2027-04-23,2027-04-23,2027-04-23
000195,2027-07-01,2027-07-01,2027-07-01,2027-07-01,2027-07-01
000196,2027-02-27,2027-02-27,2027-02-27,2027-02-27,2027-02-27
000197,2026-07-30,2026-07-30,2026-07-30,2026-07-30,2026-07-30
000198,2026-05-08,NONE,NONE,NONE,NONE
000199,2027-09-07,2027-09-07,2027-09-07,2027-09-07,2027-09-07
000200,2027-07-14,NONE,NONE,NONE,NONE
000201,2027-03-30,2027-03-30,2027-03-30,2027-03-30,2027-03-30
000202,2027-02-06,2027-02-06,2027-02-06,2027-02-06,2027-02-06
000203,2026-07-01,NONE,NONE,NONE,NONE
000204,2026-06-18,2026-06-18,2026-06-18,2026-06-18,2026-06-18
000205,2027-05-18,2027-05-18,2027-05-18,2027-05-18,2027-05-18
000206,2026-05-08,2026-05-08,2026-05-08,2026-05-08,2026-05-08
000207,2026-09-24,2026-09-24,2026-09-24,2026-09-24,2026-09-24
000208,2026-04-13,2026-04-13,2026-04-13,2026-04-13,2026-04-13
000209,2027-06-11,NONE,NONE,NONE,NONE
000210,2027-05-20,NONE,NONE,NONE,NONE
000211,2026-02-12,2026-02-12,2026-02-12,2026-02-12,2026-02-12
000212,2026-12-16,NONE,NONE-12-16,NONE-12-16,NONE-12-16
000213,2026-03-20,2026-03-20,2026-03-20,2026-03-20,2026-03-20
000214,2026-08-13,2026-08-13,2026-08-13,2026-08-13,2026-08-13
000215,2026-10-14,NONE,NONE,NONE,NONE
000216,2026-03-16,2026-03-16,2026-03-16,2026-03-16,2026-03-16
000217,2027-03-08,2027-03-08,2027-03-08,2027-03-08,2027-03-08
000218,2026-05-03,2026-05-03,2026-05-03,2026-05-03,2026-05-03
000219,2026-09-07,2026-09-07,2026-09-07,2026-09-07,2026-09-07
000220,2026-02-23,2026-02-23,2026-02-23,2026-02-23,2026-02-23
000221,2026-07-15,2026-07-15,2026-07-15,2026-07-15,2026-07-15
000222,2026-03-25,2026-03-25,2026-03-25,2026-03-25,2026-03-25
000223,2026-08-13,2026-08-13,2026-08-13,2026-08-13,2026-08-13
000224,2026-06-15,2026-06-15,2026-06-15,2026-06-15,2026-06-15
000225,2026-04-06,2026-04-06,2026-04-06,2026-04-06,2026-04-06
000226,2027-03-15,2027-03-15,2027-03-15,2027-03-15,2027-03-15
000227,2028-09-17,2028-09-17,2028-09-17,2028-09-17,2028-09-17
000228,2025-10-20,2025-10-02,2025-10-20,2025-10-20,2025-10-20
000229,2025-10-28,NONE,NONE,NONE,NONE
000230,2026-03-28,2026-03-28,2026-03-28,2026-03-28,2026-03-28
000231,2028-05-27,2028-05-27,2028-05-27,2028-05-27,2028-05-27
000232,2027-11-26,NONE,NONE,NONE,NONE
000233,2028-01-13,NONE,NONE,NONE,NONE
000234,2026-10-27,2026-10-27,2026-10-27,2026-10-27,2026-10-27
000235,2026-03-08,NONE,NONE,NONE,NONE
000236,2026-04-08,2026-04-08,2026-04-08,2026-04-08,2026-04-08
000237,2026-06-05,NONE,NONE,NONE,NONE
000238,2026-09-10,2026-09-10,2026-09-10,2026-09-10,2026-09-10
000239,2026-07-10,2026-07-10,2026-07-10,2026-07-10,2026-07-10
000240,2027-05-20,2027-05-20,2027-05-20,2027-05-20,2027-05-20
000241,2027-08-10,2027-08-10,2027-08-10,2027-08-10,2027-08-10
000242,2026-05-21,2026-05-21,2026-05-21,2026-05-21,2026-05-21
000243,2026-08-17,2026-08-17,2026-08-17,2026-08-17,2026-08-17
000244,2026-06-21,2026-06-02,2026-06-21,2026-06-21,2026-06-21
000245,2026-02-24,2026-02-24,2026-02-24,2026-02-24,2026-02-24
000246,2026-02-04,2026-02-04,2026-02-04,2026-02-04,2026-02-04
000247,2026-05-20,2026-05-20,2026-05-20,2026-05-20,2026-05-20
000248,2026-04-21,2026-04-21,2026-04-21,2026-04-21,2026-04-21
000249,2026-02-16,2026-02-16,2026-02-16,2026-02-16,2026-02-16
000250,2026-03-04,2026-03-04,2026-03-04,2026-03-04,2026-03-04
000251,2026-02-24,2026-02-24,2026-02-24,2026-02-24,2026-02-24
000252,2026-07-09,2026-07-09,2026-07-09,2026-07-09,2026-07-09
000253,2026-06-20,2026-06-20,2026-06-20,2026-06-20,2026-06-20
000254,2026-08-12,2026-08-12,2026-08-12,2026-08-12,2026-08-12
000255,2026-08-20,NONE,NONE,NONE,NONE
000256,2027-01-02,2027-01-02,2027-01-02,2027-01-02,2027-01-02
000257,2025-12-10,2025-12-10,2025-12-10,2025-12-10,2025-12-10
000258,2026-05-30,2026-05-30,2026-05-30,2026-05-30,2026-05-30
000259,2025-11-09,2025-11-09,2025-11-09,2025-11-09,2025-11-09
000260,2027-04-01,2027-04-01,2027-04-01,2027-04-01,2027-04-01
000261,2026-03-07,2026-03-07,2026-03-07,2026-03-07,2026-03-07
000262,2027-01-10,2027-01-10,2027-01-10,2027-01-10,2027-01-10
000263,2028-01-22,NONE,NONE,NONE,NONE
000264,2026-06-06,2026-06-06,2026-06-06,2026-06-06,2026-06-06
000265,2026-11-26,2026-11-26,2026-11-26,2026-11-26,2026-11-26
000266,2025-12-04,2025-12-04,2025-12-04,2025-12-04,2025-12-04
000267,2026-06-02,2026-06-02,2026-06-02,2026-06-02,2026-06-02
000268,2026-07-14,2026-07-14,2026-07-14,2026-07-14,2026-07-14
000269,2026-05-15,2026-05-15,2026-05-15,2026-05-15,2026-05-15
000270,2026-09-03,2026-09-03,2026-09-03,2026-09-03,2026-09-03
000271,2026-03-24,2026-03-24,2026-03-24,2026-03-24,2026-03-24
000272,2026-05-10,2026-05-10,2026-05-10,2026-05-10,2026-05-10
000273,2026-03-13,2026-03-13,2026-03-13,2026-03-13,2026-03-13
000274,2026-03-02,2026-03-02,2026-03-02,2026-03-02,2026-03-02
000275,2026-04-23,2026-04-23,2026-04-23,2026-04-23,2026-04-23
000276,2026-03-25,NONE,NONE,NONE,NONE
000277,2026-07-15,2026-07-15,2026-07-15,2026-07-15,2026-07-15
000278,2026-06-22,2026-06-22,2026-06-22,2026-06-22,2026-06-22
000279,2026-06-02,2026-06-02,2026-06-02,2026-06-02,2026-06-02
000280,2026-03-23,2026-03-23,2026-03-23,2026-03-23,2026-03-23
000281,2026-07-15,2026-07-15,2026-07-15,2026-07-15,2026-07-15
000282,2026-09-10,2026-09-10,2026-09-10,2026-09-10,2026-09-10
000283,2027-09-17,2027-09-17,2027-09-17,2027-09-17,2027-09-17
000284,2026-08-20,2026-08-20,2026-08-20,2026-08-20,2026-08-20
000285,2027-07-02,2027-07-02,2027-07-02,2027-07-02,2027-07-02
000286,2027-03-11,2027-03-11,2027-03-11,2027-03-11,2027-03-11
000287,2027-02-18,NONE,NONE,NONE,NONE
000288,2028-07-25,2029-07-25,2029-07-25,2029-07-25,2029-07-25
000289,2030-07-23,NONE,NONE,NONE,NONE
000290,2027-03-02,2027-03-02,2027-03-02,2027-03-02,2027-03-02
000291,2027-07-21,2027-07-21,2027-07-21,2027-07-21,2027-07-21
000292,2026-02-13,2026-02-13,2026-02-13,2026-02-13,2026-02-13
000293,2025-10-24,2025-10-24,2025-10-24,2025-10-24,2025-10-24
000294,2026-09-08,2026-09-08,2026-09-08,2026-09-08,2026-09-08
000295,2025-11-08,2025-11-08,2025-11-08,2025-11-08,2025-11-08
000296,2026-07-28,2026-07-28,2026-07-28,2026-07-28,2026-07-28
000297,2026-04-08,2026-04-08,2026-04-08,2026-04-08,2026-04-08
000298,2026-09-11,2026-09-11,2026-09-11,2026-09-11,2026-09-11
000299,2026-05-13,2026-05-13,2026-05-13,2026-05-13,2026-05-13
000300,2026-05-21,2026-05-21,2026-05-21,2026-05-21,2026-05-21
000301,2027-04-09,2027-04-09,2027-04-09,2027-04-09,2027-04-09
000302,2026-03-15,2026-03-15,2026-03-15,2026-03-15,2026-03-15
000303,2026-07-31,2020-07-31,2026-07-31,2026-07-31,2026-07-31
000304,2026-06-01,2026-06-01,2026-06-01,2026-06-01,2026-06-01
000305,2026-02-24,NONE,NONE,NONE,NONE
000306,2026-09-16,2026-09-16,2026-09-16,2026-09-16,2026-09-16
000307,2025-11-14,2025-11-14,2025-11-14,2025-11-14,2025-11-14
000308,2025-12-04,2025-12-04,2025-12-04,2025-12-04,2025-12-04
000309,2027-04-01,NONE,NONE,NONE,NONE
000310,2026-09-28,2026-09-28,2026-07-28,2026-07-28,2026-07-28
000311,2026-08-09,2026-08-09,2026-08-09,2026-08-09,2026-08-09
000312,2026-08-26,2026-08-26,2026-08-26,2026-08-26,2026-08-26
000313,2026-03-17,NONE,NONE,NONE,NONE
000314,2026-09-01,2026-09-01,2026-09-01,2026-09-01,2026-09-01
000315,2026-07-19,2026-07-19,2026-07-19,2026-07-19,2026-07-19
000316,2027-03-01,2027-03-01,2027-03-01,2027-03-01,2027-03-01
000317,2025-11-15,2025-11-15,2025-11-15,2025-11-15,2025-11-15
000318,2025-11-09,2025-11-09,2025-11-09,2025-11-09,2025-11-09
000319,2026-02-14,2026-02-14,2026-02-14,2026-02-14,2026-02-14
000320,2025-11-12,2025-11-12,2025-11-12,2025-11-12,2025-11-12
000321,2025-10-29,2025-10-29,2025-10-29,2025-10-29,2025-10-29
000322,2025-10-29,2025-10-29,2025-10-29,2025-10-29,2025-10-29
000323,2025-12-21,2025-12-21,2025-12-21,2025-12-21,2025-12-21
000324,2027-05-15,2027-05-15,2027-05-15,2027-05-15,2027-05-15
000325,2025-11-03,2025-11-03,2025-11-03,2025-11-03,2025-11-03
000326,2025-10-18,2025-10-18,2025-10-18,2025-10-18,2025-10-18
000327,2025-10-21,2025-10-21,2025-10-21,2025-10-21,2025-10-21
000328,2025-12-25,2025-12-25,2025-12-25,2025-12-25,2025-12-25
000329,2025-12-25,2025-12-25,2025-12-25,2025-12-25,2025-12-25
000330,2025-11-02,2025-11-02,2025-11-02,2025-11-02,2025-11-02
000331,2025-10-31,2025-10-31,2025-10-31,2025-10-31,2025-10-31
000332,2025-10-22,2025-10-22,2025-10-22,2025-10-22,2025-10-22
000333,2025-11-07,2025-11-07,2025-11-07,2025-11-07,2025-11-07
000334,2026-03-15,2026-03-15,2026-03-15,2026-03-15,2026-03-15
000335,2025-11-28,2025-11-28,2025-11-28,2025-11-28,2025-11-28
000336,2025-11-20,2025-11-20,2025-11-20,2025-11-20,2025-11-20
000337,2025-12-09,2025-12-09,2025-12-09,2025-12-09,2025-12-09
000338,2026-05-28,2026-05-28,2026-05-28,2026-05-28,2026-05-28
000339,2026-08-18,2026-08-18,2026-08-18,2026-08-18,2026-08-18
000340,2026-08-11,2026-08-11,2026-08-11,2026-08-11,2026-08-11
000341,2026-04-29,2026-04-29,2026-04-29,2026-04-29,2026-04-29
000342,2026-06-22,2026-06-22,2026-06-22,2026-06-22,2026-06-22
000343,2025-12-30,2025-12-30,2025-12-30,2025-12-30,2025-12-30
000344,2026-08-04,2026-08-04,2026-08-04,2026-08-04,2026-08-04
000345,2026-04-09,2026-04-09,2026-04-09,2026-04-09,2026-04-09
000346,2026-05-15,2026-05-15,2026-05-15,2026-05-15,2026-05-15
000347,2027-05-26,2027-05-26,2027-05-26,2027-05-26,2027-05-26
000348,2026-04-02,2026-04-02,2026-04-02,2026-04-02,2026-04-02
000349,2025-12-07,2025-12-07,2025-12-07,2025-12-07,2025-12-07
000350,2027-05-15,2027-05-15,2027-05-15,2027-05-15,2027-05-15
000351,2026-05-03,2026-05-03,2026-05-03,2026-05-03,2026-05-03
000352,2026-08-27,2026-08-27,2026-08-27,2026-08-27,2026-08-27
000353,2026-03-08,2026-03-08,2026-03-08,2026-03-08,2026-03-08
000354,2027-07-06,2027-07-06,2027-07-06,2027-07-06,2027-07-06
000355,2028-06-17,NONE,NONE,NONE,NONE
000356,2027-09-16,2027-03-17,2027-03-17,2027-03-17,2027-03-17
000357,2027-08-11,2027-08-11,2027-08-11,2027-08-11,2027-08-11
000358,2027-09-16,2027-09-16,2027-09-16,2027-09-16,2027-09-16
000359,2026-06-16,NONE,NONE,NONE,NONE
000360,2026-02-18,NONE,NONE,NONE,NONE
000361,2026-12-19,NONE,NONE,NONE,NONE
000362,2026-08-11,2026-08-11,2026-08-11,2026-08-11,2026-08-11
000363,2026-04-21,2026-04-21,2026-04-21,2026-04-21,2026-04-21
000364,2026-06-04,NONE,NONE,NONE,NONE
000365,2026-03-11,2026-03-11,2026-03-11,2026-03-11,2026-03-11
000366,2026-09-05,2026-09-05,2026-09-05,2026-09-05,2026-09-05
000367,2026-05-18,2026-05-18,2026-05-18,2026-05-18,2026-05-18
000368,2026-09-22,NONE,NONE,NONE,NONE
000369,2027-06-25,2027-06-25,2027-06-25,2027-06-25,2027-06-25
000370,2026-09-02,NONE,NONE,NONE,NONE
000371,2026-02-15,2026-02-15,2026-02-15,2026-02-15,2026-02-15
000372,2026-09-15,2026-09-15,2026-09-15,2026-09-15,2026-09-15
000373,2026-09-18,NONE,NONE,NONE,NONE
000374,2026-08-28,2026-08-20,2026-08-20,2026-08-20,2026-08-20
000375,2026-05-31,2026-05-31,2026-05-31,2026-05-31,2026-05-31
000376,2025-10-07,2025-10-07,2025-10-07,2025-10-07,2025-10-07
000377,2026-07-01,2026-07-01,2026-07-01,2026-07-01,2026-07-01
000378,2026-05-29,2026-05-29,2026-05-29,2026-05-29,2026-05-29
000379,2026-09-05,2026-09-05,2026-09-05,2026-09-05,2026-09-05
000380,2026-09-02,2026-09-02,2026-09-02,2026-09-02,2026-09-02
000381,2027-01-20,NONE,NONE,NONE,NONE
000382,2026-08-18,2026-08-18,2026-08-18,2026-08-18,2026-08-18
000383,2026-04-03,2026-04-03,2026-04-03,2026-04-03,2026-04-03
000384,2026-07-08,2026-07-08,2026-07-08,2026-07-08,2026-07-08
000385,2026-09-14,2026-09-14,2026-09-14,2026-09-14,2026-09-14
000386,2026-06-10,2026-06-10,2026-06-10,2026-06-10,2026-06-10
000387,2027-01-21,2027-01-21,2027-01-21,2027-01-21,2027-01-21
000388,2026-01-15,2026-01-15,2026-01-15,2026-01-15,2026-01-15
000389,2026-02-27,2026-02-27,2026-02-27,2026-02-27,2026-02-27
000390,2026-05-19,2026-05-19,2026-05-19,2026-05-19,2026-05-19
000391,2026-12-10,2026-12-10,2026-12-10,2026-12-10,2026-12-10
000392,2026-08-28,2026-08-28,2025-08-29,2025-08-29,2025-08-29
000393,2027-08-02,2027-08-02,2027-08-02,2027-08-02,2027-08-02
000394,2020-04-14,NONE,NONE,NONE,NONE
000395,2026-03-15,NONE,NONE,NONE,NONE
000396,2026-02-27,2026-02-27,2026-02-27,2026-02-27,2026-02-27
000397,2026-02-19,2026-02-19,2026-02-19,2026-02-19,2026-02-19
000398,2027-07-30,2027-07-30,2027-07-30,2027-07-30,2027-07-30
000399,2027-01-31,2027-01-31,2027-01-31,2027-01-31,2027-01-31
000400,2026-01-11,2026-01-11,2026-01-11,2026-01-11,2026-01-11
000401,2027-04-12,2027-04-12,2027-04-12,2027-04-12,2027-04-12
000402,2028-04-19,2028-04-19,2028-04-19,2028-04-19,2028-04-19
000403,2027-04-01,NONE,NONE,NONE,NONE
000404,2026-06-10,2026-06-10,2026-06-10,2026-06-10,2026-06-10
000405,2027-10-15,2027-10-15,2027-10-15,2027-10-15,2027-10-15
000406,2026-08-27,2028-08-05,2028-08-05,2028-08-05,2028-08-05
000407,2025-12-01,2025-12-01,2025-12-01,2025-12-01,2025-12-01
000408,2025-10-09,2025-10-09,2025-10-09,2025-10-09,2025-10-09
000409,2027-03-26,NONE,NONE,NONE,NONE
000410,2027-04-13,2027-04-13,2027-04-13,2027-04-13,2027-04-13
000411,2026-09-09,2026-09-09,2026-09-09,2026-09-09,2026-09-09
000412,2026-01-19,2026-01-19,2026-01-19,2026-01-19,2026-01-19
000413,2027-04-23,2027-04-23,2027-04-23,2027-04-23,2027-04-23
000414,2026-04-07,2026-04-07,2026-04-07,2026-04-07,2026-04-07
000415,2026-05-27,NONE,NONE,NONE,NONE
000416,2026-04-07,NONE,NONE,NONE,NONE
000417,2026-03-15,2026-03-15,2026-03-15,2026-03-15,2026-03-15
000418,2026-09-08,2026-09-08,2026-09-08,2026-09-08,2026-09-08
000419,2026-08-05,2026-08-05,2026-08-05,2026-08-05,2026-08-05
000420,2025-12-04,2025-12-04,2025-12-04,2025-12-04,2025-12-04
000421,2026-07-17,2026-07-17,2026-07-17,2026-07-17,2026-07-17
000422,2026-06-09,2026-06-09,2026-06-09,2026-06-09,2026-06-09
000423,2026-06-04,2026-06-04,2026-06-04,2026-06-04,2026-06-04
000424,2026-03-28,2026-03-28,2026-03-28,2026-03-28,2026-03-28
000425,2025-11-05,2025-11-05,2025-11-05,2025-11-05,2025-11-05
000426,2026-12-26,2026-12-26,2026-12-26,2026-12-26,2026-12-26
000427,2027-04-01,2027-04-01,2027-04-01,2027-04-01,2027-04-01
000428,2026-04-23,2025-04-23,2026-04-23,2026-04-23,2026-04-23
000429,2026-01-04,NONE,NONE,NONE,NONE
000430,2028-02-01,2028-02-01,2028-02-01,2028-02-01,2028-02-01
000431,2026-03-17,2026-03-17,2026-03-17,2026-03-17,2026-03-17
000432,2027-04-28,2027-04-28,2027-04-28,2027-04-28,2027-04-28
000433,2026-08-05,2026-03-05,2026-03-05,2026-03-05,2026-03-05
000434,2026-10-28,2026-10-28,2026-10-28,2026-10-28,2026-10-28
000435,2026-07-14,2026-07-14,2026-07-14,2026-07-14,2026-07-14
000436,2026-02-12,2026-02-12,2026-02-12,2026-02-12,2026-02-12
000437,2025-11-19,NONE,NONE,NONE,NONE
000438,2026-02-19,NONE,NONE,NONE,NONE
000439,2026-03-18,2026-03-18,2026-03-18,2026-03-18,2026-03-18
000440,2026-08-13,NONE,NONE,NONE,NONE
000441,2025-12-15,2025-12-NONE,NONE,NONE,NONE
000442,2025-11-30,2025-11-30,2025-11-30,2025-11-30,2025-11-30
000443,2026-04-06,2026-04-06,2026-04-06,2026-04-06,2026-04-06
000444,2026-07-01,2026-07-01,2026-07-01,2026-07-01,2026-07-01
000445,2026-07-17,2026-07-17,2026-07-17,2026-07-17,2026-07-17
000446,2026-04-11,2025-04-11,2026-04-11,2025-04-11,2026-04-11
000447,2025-11-22,2025-11-22,2025-11-22,2025-11-22,2025-11-22
000448,2026-08-20,2026-08-20,2026-08-20,2026-08-20,2026-08-20
000449,2026-01-28,2026-01-28,2026-01-28,2026-01-28,2026-01-28
000450,2026-03-11,2026-03-11,2026-03-11,2026-03-11,2026-03-11
000451,2026-02-27,2026-02-27,2026-02-27,2026-02-27,2026-02-27
000452,2026-03-25,NONE,NONE,NONE,NONE
000453,2026-01-26,2026-01-26,2026-01-26,2026-01-26,2026-01-26
000454,2025-07-15,2025-07-15,2025-07-15,2025-07-15,2025-07-15
000455,2026-02-10,2026-02-10,2026-02-10,2026-02-10,2026-02-10
000456,2025-12-26,2025-12-26,2025-12-26,2025-12-26,2025-12-26
000457,2026-06-18,2026-06-18,2026-06-18,2026-06-18,2026-06-18
000458,2026-07-01,2026-07-01,2026-07-01,2026-07-01,2026-07-01
000459,2026-01-19,2026-01-19,2026-01-19,2026-01-19,2026-01-19
000460,2025-12-03,2025-12-03,2025-12-03,2025-12-03,2025-12-03
000461,2026-11-28,2026-11-28,2026-11-28,2026-11-28,2026-11-28
000462,2027-05-27,2027-05-27,2027-05-27,2027-05-27,2027-05-27
000463,2027-02-14,2027-02-01,2027-02-01,2027-02-01,2027-02-01
000464,2026-03-19,2026-03-19,2026-03-19,2026-03-19,2026-03-19
000465,2027-07-30,2027-07-30,2027-07-30,2027-07-30,2027-07-30
000466,2027-06-07,2027-06-07,2027-06-07,2027-06-07,2027-06-07
000467,2025-12-26,2025-12-26,2025-12-26,2025-12-26,2025-12-26
000468,2026-04-06,2025-06-10,2026-04-06,2026-04-06,2026-04-06
000469,2026-07-21,2026-07-21,2026-07-21,2026-07-21,2026-07-21
000470,2026-08-06,2026-08-06,2026-08-06,2026-08-06,2026-08-06
000471,2027-01-08,2027-01-08,2027-01-08,2027-01-08,2027-01-08
000472,2026-01-17,2026-01-17,2026-01-17,2026-01-17,2026-01-17
000473,2026-05-21,NONE,NONE,NONE,NONE
000474,2026-06-26,NONE,NONE,NONE,NONE
000475,2026-07-30,NONE,NONE,NONE,NONE
000476,2026-07-06,2026-07-06,2026-07-06,2026-07-06,2026-07-06
000477,2026-07-21,2026-07-21,2026-07-21,2026-07-21,2026-07-21
000478,2026-06-11,NONE,NONE,NONE,NONE
000479,2026-05-22,2026-05-22,2026-05-22,2026-05-22,2026-05-22
000480,2026-06-04,2026-07-21,2026-07-21,2026-07-21,2026-07-21
000481,2026-03-09,2026-03-09,2026-03-09,2026-03-09,2026-03-09
000482,2026-11-14,NONE,NONE,NONE,NONE
000483,2027-04-15,2027-04-15,2027-04-15,2027-04-15,2027-04-15
000484,2027-11-14,2027-11-14,2027-11-14,2027-11-14,2027-11-14
000485,2027-09-17,2027-09-17,2027-09-17,2027-09-17,2027-09-17
000486,2027-07-15,NONE,NONE,NONE,NONE
000487,2027-12-11,2027-12-11,2027-12-11,2027-12-11,2027-12-11
000488,2026-02-27,2026-02-27,2026-02-27,2026-02-27,2026-02-27
000489,2026-05-08,2026-05-08,2026-05-08,2026-05-08,2026-05-08
000490,2025-11-27,2025-11-27,2025-11-27,2025-11-27,2025-11-27
000491,2026-09-19,2026-09-19,2026-09-19,2026-09-19,2026-09-19
000492,2026-03-12,2026-03-12,2026-03-12,2026-03-12,2026-03-12
000493,2026-06-17,2026-06-17,2026-06-17,2026-06-17,2026-06-17
000494,2025-12-12,NONE,NONE,NONE,NONE
000495,2026-02-19,2026-02-19,2026-02-19,2026-02-19,2026-02-19
000496,2027-03-05,2027-03-05,2027-03-05,2027-03-05,2027-03-05
000497,2026-08-31,2026-08-31,2026-08-31,2026-08-31,2026-08-31
000498,2026-03-07,NONE,NONE,NONE,NONE
000499,2026-05-13,2026-05-13,2026-05-13,2026-05-13,2026-05-13
000500,2026-12-17,2026-12-17,2026-12-17,2026-12-17,2026-12-17
000501,2026-02-24,2026-02-24,2026-02-24,2026-02-24,2026-02-24
000502,2026-06-20,2026-06-20,2026-06-20,2026-06-20,2026-06-20
000503,2026-02-18,2026-02-18,2026-02-18,2026-02-18,2026-02-18
000504,2026-02-28,2026-02-28,2026-02-28,2026-02-28,2026-02-28
000505,2026-03-02,2026-03-02,2026-03-02,2026-03-02,2026-03-02
000506,2026-06-18,2026-06-18,2026-06-18,2026-06-18,2026-06-18
000507,2026-05-19,2026-05-19,2026-05-19,2026-05-19,2026-05-19
000508,2026-08-25,2026-08-25,2026-08-25,2026-08-25,2026-08-25
000509,2026-09-01,2026-09-01,2026-09-01,2026-09-01,2026-09-01
000510,2026-09-03,2026-09-03,2026-09-03,2026-09-03,2026-09-03
000511,2026-03-24,2026-03-24,2026-03-24,2026-03-24,2026-03-24
000512,2026-02-17,2026-02-17,2026-02-17,2026-02-17,2026-02-17
000513,2026-09-03,NONE,NONE,NONE,NONE
000514,2026-07-13,2026-07-13,2026-07-13,2026-07-13,2026-07-13
000515,2026-01-NONE,NONE,NONE,NONE,NONE
000516,2026-07-16,2026-07-16,2026-07-16,2026-07-16,2026-07-16
000517,2026-09-25,2026-09-25,2026-09-25,2026-09-25,2026-09-25
000518,2026-09-14,2026-09-14,2026-09-14,2026-09-14,2026-09-14
000519,2026-08-10,2026-08-10,2026-08-10,2026-08-10,2026-08-10
000520,2026-09-15,2026-09-15,2026-09-15,2026-09-15,2026-09-15
000521,2026-03-10,2026-03-10,2026-03-10,2026-03-10,2026-03-10
000522,2026-02-21,2026-02-21,2026-02-21,2026-02-21,2026-02-21
000523,2026-03-23,2026-03-23,2026-03-23,2026-03-23,2026-03-23
000524,2026-06-18,2026-06-18,2026-06-18,2026-06-18,2026-06-18
000525,2027-09-08,2027-09-08,2027-09-08,2027-09-08,2027-09-08
000526,2026-07-04,NONE,NONE,NONE,NONE
000527,2025-10-12,2025-10-12,2025-10-12,2025-10-12,2025-10-12
000528,2026-03-11,2026-03-11,2026-03-11,2026-03-11,2026-03-11
000529,2026-01-12,2026-01-12,2026-01-12,2026-01-12,2026-01-12
000530,2026-06-24,2026-06-24,2026-06-24,2026-06-24,2026-06-24
000531,2026-02-28,2026-02-28,2026-02-28,2026-02-28,2026-02-28
000532,2026-02-28,2026-02-28,2026-02-28,2026-02-28,2026-02-28
000533,2026-03-26,2026-03-26,2026-03-26,2026-03-26,2026-03-26
000534,2027-01-29,NONE,NONE,NONE,NONE
000535,2026-02-04,2026-02-04,2026-02-04,2026-02-04,2026-02-04
000536,2026-01-01,2026-01-01,2026-01-01,2026-01-01,2026-01-01
000537,2026-05-08,NONE,NONE,NONE,NONE
000538,2026-02-06,2026-02-06,2026-02-06,2026-02-06,2026-02-06
000539,2027-08-11,NONE,NONE,NONE,NONE
000540,2026-03-24,2025-03-24,2025-03-24,2025-03-24,2025-03-24
000541,2026-03-22,2026-03-22,2026-03-22,2026-03-22,2026-03-22
000542,2027-07-22,2027-07-22,2027-07-22,2027-07-22,2027-07-22
000543,2026-06-23,NONE,NONE,NONE,NONE
000544,2029-06-25,NONE,NONE,NONE,NONE
000545,2027-07-09,2027-07-09,2027-07-09,2027-07-09,2027-07-09
000546,2026-08-10,2026-08-10,2026-08-10,2026-08-10,2026-08-10
000547,2026-05-28,2026-05-28,2026-05-28,2026-05-28,2026-05-28
000548,2026-05-26,2026-05-26,2026-05-26,2026-05-26,2026-05-26
000549,2027-01-16,NONE,NONE,NONE,NONE
000550,2026-05-29,2026-05-29,2026-05-29,2026-05-29,2026-05-29
000551,2026-12-19,2026-12-19,2026-12-19,2026-12-19,2026-12-19
000552,2026-09-07,2026-09-07,2026-09-07,2026-09-07,2026-09-07
000553,2028-10-24,NONE,NONE,NONE,NONE
000554,2027-09-17,2027-09-17,2027-09-17,2027-09-17,2027-09-17
000555,2027-04-16,2027-04-16,2027-04-16,2027-04-16,2027-04-16
000556,2026-08-07,2026-08-07,2026-08-07,2026-08-07,2026-08-07
000557,2026-08-12,2026-08-12,2026-08-12,2026-08-12,2026-08-12
000558,2025-05-16,2025-05-16,2025-05-16,2025-05-16,2025-05-16
000559,2027-04-21,2027-04-21,2027-04-21,2027-04-21,2027-04-21
000560,2027-07-13,2027-07-13,2027-07-13,2027-07-13,2027-07-13
000561,2028-08-07,2028-08-07,2028-08-07,2028-08-07,2028-08-07
000562,2025-12-30,2025-12-30,2025-12-30,2025-12-30,2025-12-30
000563,2026-01-10,2026-01-10,2026-01-10,2026-01-10,2026-01-10
000564,2026-06-25,2026-06-25,2026-06-25,2026-06-25,2026-06-25
000565,2025-12-05,2025-12-05,2025-12-05,2025-12-05,2025-12-05
000566,2026-09-17,2026-09-17,2026-09-17,2026-09-17,2026-09-17
000567,2025-10-29,2025-10-29,2025-10-29,2025-10-29,2025-10-29
000568,2026-02-23,2026-02-23,2026-02-23,2026-02-23,2026-02-23
000569,2025-11-02,2025-11-02,2025-11-02,2025-11-02,2025-11-02
000570,2026-05-20,2026-05-20,2026-05-20,2026-05-20,2026-05-20
000571,NONE-10-18,NONE-10-18,NONE,NONE,NONE
000572,NONE-10-15,NONE,NONE-10-15,NONE-10-15,NONE-10-15
000573,NONE-10-22,NONE,NONE,NONE,NONE
000574,2026-02-24,2026-02-24,2026-02-24,2026-02-24,2026-02-24
000575,NONE-10-14,NONE,NONE,NONE,NONE
000576,2026-05-21,2026-05-21,2026-05-21,2026-05-21,2026-05-21
000577,2026-04-20,2026-04-20,2026-04-20,2026-04-20,2026-04-20
000578,2026-03-04,2026-03-04,2026-03-04,2026-03-04,2026-03-04
000579,2026-07-10,2026-07-10,2026-07-10,2026-07-10,2026-07-10
000580,2026-02-28,2027-01-09,2026-02-28,2026-02-28,2026-02-28
000581,2026-02-25,2026-02-25,2026-02-25,2026-02-25,2026-02-25
000582,2025-11-21,2025-01-21,2025-01-21,2025-01-21,2025-01-21
000583,2025-11-23,NONE,NONE,NONE,NONE
000584,2026-07-15,2026-07-15,2026-07-15,2026-07-15,2026-07-15
000585,2026-05-16,2026-05-NONE,2026-05-NONE,2026-05-NONE,2026-05-NONE
000586,2026-03-14,NONE,NONE,NONE,NONE
000587,2026-02-07,2026-02-07,2026-02-07,2026-02-07,2026-02-07
000588,2025-11-28,2025-11-28,2025-11-28,2025-11-28,2025-11-28
000589,2026-04-02,2026-04-02,2026-04-02,2026-04-02,2026-04-02
000590,2025-12-05,2025-12-05,2025-12-05,2025-12-05,2025-12-05
000591,2026-07-27,2026-07-27,2026-07-27,2026-07-27,2026-07-27
000592,2025-03-25,2025-03-25,2025-03-25,2025-03-25,2025-03-25
000593,2026-07-22,NONE,NONE,NONE,NONE
000594,2026-08-25,2026-08-25,2026-08-25,2026-08-25,2026-08-25
000595,2026-05-01,2026-05-01,2026-05-01,2026-05-01,2026-05-01
000596,2026-08-13,2026-08-13,2026-08-13,2026-08-13,2026-08-13
000597,2026-09-02,2026-09-02,2026-09-02,2026-09-02,2026-09-02
000598,2026-03-09,2026-03-09,2026-03-09,2026-03-09,2026-03-09
000599,2026-09-04,2026-09-04,2026-09-04,2026-09-04,2026-09-04
000600,2026-08-31,2026-08-31,2026-08-31,2026-08-31,2026-08-31
000601,2026-01-27,2026-01-27,2026-01-27,2026-01-27,2026-01-27
000602,2026-09-22,2026-09-22,2026-09-22,2026-09-22,2026-09-22
000603,2026-09-24,2026-09-24,2026-09-24,2026-09-24,2026-09-24
000604,2026-09-15,2026-09-15,2026-09-15,2026-09-15,2026-09-15
000605,2028-07-01,NONE,NONE,NONE,NONE
000606,2026-10-01,NONE,NONE,NONE,NONE
000607,2028-06-23,2028-06-23,2028-06-23,2028-06-23,2028-06-23
000608,2026-08-13,NONE,NONE,NONE,NONE
000609,2027-06-11,2027-06-11,2027-06-11,2027-06-11,2027-06-11
000610,2026-06-04,2026-06-04,2026-06-04,2026-06-04,2026-06-04
000611,2026-07-20,2026-07-20,2026-07-20,2026-07-20,2026-07-20
000612,2026-05-07,2026-05-07,2026-05-07,2026-05-07,2026-05-07
000613,2026-05-28,2026-05-28,2026-05-28,2026-05-28,2026-05-28
000614,2026-03-07,2026-03-07,2026-03-07,2026-03-07,2026-03-07
000615,2026-03-24,2026-03-24,2026-03-24,2026-03-24,2026-03-24
000616,2026-09-10,2026-09-10,2026-09-10,2026-09-10,2026-09-10
000617,2026-07-11,NONE,NONE,NONE,NONE
000618,2026-08-26,2026-08-26,2026-08-26,2026-08-26,2026-08-26
000619,2026-09-15,2026-09-15,2026-09-15,2026-09-15,2026-09-15
000620,2026-07-06,2026-07-06,2026-07-06,2026-07-06,2026-07-06
000621,2026-08-25,2026-08-25,2026-08-25,2026-08-25,2026-08-25
000622,2027-01-22,2027-01-02,2027-01-02,2027-01-02,2027-01-02
000623,2027-03-10,NONE,NONE,NONE,NONE
000624,2027-06-15,2027-06-15,2027-06-15,2027-06-15,2027-06-15
000625,2027-04-01,2027-04-01,2027-04-01,2027-04-01,2027-04-01
000626,2026-07-01,2026-07-01,2026-07-01,2026-07-01,2026-07-01
000627,2026-10-06,NONE,NONE,NONE,NONE
000628,2025-02-03,NONE,NONE,NONE,NONE
000629,2025-09-22,NONE,NONE,NONE,NONE
000630,2026-03-31,2026-03-31,2026-03-31,2026-03-31,2026-03-31
000631,2025-11-15,2025-11-15,2025-11-15,2025-11-15,2025-11-15
000632,2025-12-28,2025-12-28,2025-12-28,2025-12-28,2025-12-28
000633,2025-12-24,2025-12-24,2025-12-24,2025-12-24,2025-12-24
000634,2026-02-05,2026-02-05,2026-02-05,2026-02-05,2026-02-05
000635,2026-02-21,2026-02-21,2026-02-21,2026-02-21,2026-02-21
000636,2026-03-09,2026-03-09,2026-03-09,2026-03-09,2026-03-09
000637,2026-06-17,2026-06-17,2026-06-17,2026-06-17,2026-06-17
000638,2026-06-16,2026-06-16,2026-06-16,2026-06-16,2026-06-16
000639,2026-02-02,2026-02-02,2026-02-02,2026-02-02,2026-02-02
000640,2026-02-08,2026-02-08,2026-02-08,2026-02-08,2026-02-08
000641,2026-09-02,2026-09-02,2026-09-02,2026-09-02,2026-09-02
000642,2026-09-01,NONE,NONE,NONE,NONE
000643,2026-01-21,2026-01-21,2026-01-21,2026-01-21,2026-01-21
000644,2027-03-11,2027-03-11,2027-03-11,2027-03-11,2027-03-11
000645,2025-05-13,2025-05-13,2025-05-13,2025-05-13,2025-05-13
000646,2027-01-15,2027-01-15,2027-01-15,2027-01-15,2027-01-15
000647,2026-08-19,2026-08-19,2026-08-19,2026-08-19,2026-08-19
000648,2026-08-25,NONE,NONE,NONE,NONE
000649,2027-04-07,NONE,NONE,NONE,NONE
000650,2026-08-05,2026-08-05,2026-08-05,2026-08-05,2026-08-05
000651,2026-06-25,NONE,NONE,NONE,NONE
000652,2027-03-31,2027-03-31,2027-03-31,2027-03-31,2027-03-31
000653,2027-01-19,2027-01-19,2027-01-19,2027-01-19,2027-01-19
000654,2028-07-02,2028-07-02,2028-07-02,2028-07-02,2028-07-02
000655,2026-08-27,2026-08-27,2026-08-27,2026-08-27,2026-08-27
000656,2026-09-04,2026-09-04,2026-09-04,2026-09-04,2026-09-04
000657,2026-07-27,2026-07-27,2026-07-27,2026-07-27,2026-07-27
000658,2026-01-16,2026-01-16,2026-01-16,2026-01-16,2026-01-16
000659,2026-08-24,2026-08-24,2026-08-24,2026-08-24,2026-08-24
000660,2026-02-28,2026-02-28,2026-02-28,2026-02-28,2026-02-28
000661,2026-04-17,2026-04-17,2026-04-17,2026-04-17,2026-04-17
000662,2026-03-11,2026-03-11,2026-03-11,2026-03-11,2026-03-11
000663,2026-02-10,2026-02-10,2026-02-10,2026-02-10,2026-02-10
000664,2026-02-20,2026-02-20,2026-02-20,2026-02-20,2026-02-20
000665,2026-03-25,2026-03-25,2026-03-25,2026-03-25,2026-03-25
000666,2026-09-01,NONE,NONE,NONE,NONE
000667,2026-06-22,2026-06-22,2026-06-22,2026-06-22,2026-06-22
000668,2026-04-30,2026-04-30,2026-04-30,2026-04-30,2026-04-30
000669,2026-09-02,2026-09-02,2026-09-02,2026-09-02,2026-09-02
000670,2026-06-24,NONE,NONE,NONE,NONE
000671,2026-03-31,2026-03-31,2026-03-31,2026-03-31,2026-03-31
000672,2026-02-08,2026-02-08,2026-02-08,2026-02-08,2026-02-08
000673,2026-06-02,NONE,NONE,NONE,NONE
000674,2026-06-02,2026-06-02,2026-06-02,2026-06-02,2026-06-02
000675,2028-06-03,2028-06-03,2028-06-03,2028-06-03,2028-06-03
000676,2026-06-10,2026-06-10,2026-06-10,2026-06-10,2026-06-10
000677,2027-08-17,2027-08-17,2027-08-17,2027-08-17,2027-08-17
000678,2026-07-24,2026-07-24,2026-07-24,2026-07-24,2026-07-24
000679,2027-09-17,2027-09-17,2027-09-17,2027-09-17,2027-09-17
000680,2025-10-15,2025-10-15,2025-10-15,2025-10-15,2025-10-15
000681,2026-01-09,2026-01-09,2026-01-09,2026-01-09,2026-01-09
000682,2026-01-25,NONE,NONE,NONE,NONE
000683,2026-03-11,2026-03-11,2026-03-11,2026-03-11,2026-03-11
000684,2026-03-23,2026-03-23,2026-03-23,2026-03-23,2026-03-23
000685,2026-05-28,2026-05-28,2026-05-28,2026-05-28,2026-05-28
000686,2025-10-03,NONE,NONE,NONE,NONE
000687,2025-10-17,2025-10-17,2025-10-17,2025-10-17,2025-10-17
000688,2025-11-10,2025-11-10,2025-11-10,2025-11-10,2025-11-10
000689,2025-10-27,2025-10-27,2025-10-27,2025-10-27,2025-10-27
000690,2025-10-11,2025-10-11,2025-10-11,2025-10-11,2025-10-11
000691,2026-09-22,2026-09-22,2026-09-22,2026-09-22,2026-09-22
000692,2026-08-21,2026-08-21,2026-08-21,2026-08-21,2026-08-21
000693,2026-09-01,2026-09-01,2026-09-01,2026-09-01,2026-09-01
000694,2026-09-01,NONE,NONE,NONE,NONE
000695,2027-09-09,NONE,NONE,NONE,NONE
000696,2025-10-28,2025-10-28,2025-10-28,2025-10-28,2025-10-28
000697,2025-10-07,2025-10-07,2025-10-07,2025-10-07,2025-10-07
000698,NONE-10-12,NONE-10-12,NONE,NONE,NONE
000699,2025-10-27,NONE,NONE,NONE,NONE
000700,2025-10-24,2025-10-24,2025-10-24,2025-10-24,2025-10-24
000701,2025-10-05,2025-10-05,2025-10-05,2025-10-05,2025-10-05
000702,2025-10-09,2025-10-09,2025-10-09,2025-10-09,2025-10-09
000703,2026-01-25,2026-01-25,2026-01-25,2026-01-25,2026-01-25
000704,2026-07-29,2026-07-29,2026-07-29,2026-07-29,2026-07-29
000705,2026-06-29,2026-06-29,2026-06-29,2026-06-29,2026-06-29
000706,2026-03-11,2026-03-11,2026-03-11,2026-03-11,2026-03-11
000707,2026-08-19,2026-08-19,2026-08-19,2026-08-19,2026-08-19
000708,2025-09-18,2025-09-18,2025-09-18,2025-09-18,2025-09-18
000709,2025-10-14,2025-10-14,2025-10-14,2025-10-14,2025-10-14
000710,2025-10-14,2025-10-14,2025-10-14,2025-10-14,2025-10-14
000711,2025-10-09,2025-10-09,2025-10-09,2025-10-09,2025-10-09
000712,2025-11-20,2025-11-20,2025-11-20,2025-11-20,2025-11-20
000713,2025-10-23,2025-10-23,2025-10-23,2025-10-23,2025-10-23
000714,2026-03-12,2026-03-12,2026-03-12,2026-03-12,2026-03-12
000715,2026-06-26,NONE,NONE,NONE,NONE
000716,2025-11-07,2025-11-07,2025-11-07,2025-11-07,2025-11-07
000717,2025-10-12,NONE,NONE,NONE,NONE
000718,2026-01-17,2026-01-17,2026-01-17,2026-01-17,2026-01-17
000719,2026-04-04,2026-04-04,2026-04-04,2026-04-04,2026-04-04
000720,2026-02-28,2026-02-28,2026-02-28,2026-02-28,2026-02-28
000721,2026-12-17,2026-12-17,2026-12-17,2026-12-17,2026-12-17
000722,2026-08-04,NONE,NONE,NONE,NONE
000723,2026-05-10,NONE,NONE,NONE,NONE
000724,2026-05-20,2026-05-20,2026-05-20,2026-05-20,2026-05-20
000725,2026-04-16,2026-04-16,2026-04-16,2026-04-16,2026-04-16
000726,2026-09-16,NONE,NONE,NONE,NONE
000727,2026-06-22,NONE,NONE,NONE,NONE
000728,2026-06-24,2026-06-24,2026-06-24,2026-06-24,2026-06-24
000729,2026-01-07,2026-01-07,2026-01-07,2026-01-07,2026-01-07
000730,2026-02-26,NONE,NONE,NONE,NONE
000731,2026-03-08,NONE,NONE,NONE,NONE
000732,2026-03-16,NONE,NONE,NONE,NONE
000733,2026-03-24,NONE,NONE,NONE,NONE
000734,2025-10-28,2025-10-28,2025-10-28,2025-10-28,2025-10-28
000735,2027-01-12,2027-01-12,2027-01-12,2027-01-12,2027-01-12
000736,2026-12-17,2025-12-17,2025-12-17,2025-12-17,2025-12-17
000737,2026-03-04,2026-03-04,2026-03-04,2026-03-04,2026-03-04
000738,2026-02-12,2026-02-12,2026-02-12,2026-02-12,2026-02-12
000739,2024-08-07,2024-08-07,2024-08-07,2024-08-07,2024-08-07
000740,2026-07-23,2026-07-23,2026-07-23,2026-07-23,2026-07-23
000741,2025-12-03,2025-12-03,2025-12-03,2025-12-03,2025-12-03
000742,2026-05-01,NONE,NONE,NONE,NONE
000743,2026-11-16,2026-11-16,2026-11-16,2026-11-16,2026-11-16
000744,2027-08-18,2027-08-18,2027-08-18,2027-08-18,2027-08-18
000745,2026-01-10,2026-01-10,2026-01-10,2026-01-10,2026-01-10
000746,2026-06-23,2026-06-23,2026-06-23,2026-06-23,2026-06-23
000747,2026-06-22,2026-06-22,2026-06-22,2026-06-22,2026-06-22
000748,2027-01-22,2027-01-22,2027-01-22,2027-01-22,2027-01-22
000749,2026-01-21,NONE,NONE,NONE,NONE
000750,2026-01-06,2026-01-06,2026-01-06,2026-01-06,2026-01-06
000751,2025-05-08,2025-05-08,2025-05-08,2025-05-08,2025-05-08
000752,2026-07-09,2020-07-19,2026-07-09,2026-07-09,2026-07-09
000753,2026-03-18,NONE,NONE,NONE,NONE
000754,2026-05-24,2026-05-24,2026-05-24,2026-05-24,2026-05-24
000755,2026-04-30,2026-04-30,2026-04-30,2026-04-30,2026-04-30
000756,2027-02-24,2027-02-24,2027-02-24,2027-02-24,2027-02-24
000757,NONE-10-22,NONE-10-22,NONE-10-02,NONE-10-02,NONE-10-02
000758,2026-03-11,2026-03-11,2026-03-11,2026-03-11,2026-03-11
000759,2026-05-14,2026-05-14,2026-05-14,2026-05-14,2026-05-14
000760,NONE-11-20,NONE,NONE,NONE,NONE
000761,NONE-11-11,NONE,NONE,NONE,NONE
000762,2026-08-02,2026-08-02,2026-08-02,2026-08-02,2026-08-02
000763,NONE-11-12,NONE,NONE,NONE,NONE
000764,2026-03-12,NONE,NONE,NONE,NONE
000766,2026-09-24,2024-09-26,2024-09-26,2024-09-26,2024-09-26
000767,2026-03-12,NONE,NONE,NONE,NONE
000768,2026-06-26,NONE,NONE,NONE,NONE
000769,2026-12-10,2026-12-10,2026-12-10,2026-12-10,2026-12-10
000770,2030-04-NONE,NONE,NONE,NONE,NONE
000771,2026-11-19,NONE,NONE,NONE,NONE
000772,NONE-12-20,NONE-12-20,NONE-12-20,NONE-12-20,NONE-12-20
000773,NONE-12-10,NONE-12-10,NONE-12-10,NONE-12-10,NONE-12-10
000774,2026-02-08,2026-02-08,2026-02-08,2026-02-08,2026-02-08
000775,2025-12-17,NONE,NONE,NONE,NONE
000776,2026-01-09,2026-01-09,2026-01-09,2026-01-09,2026-01-09
000777,2026-03-NONE,2030-04-03,2026-03-NONE,2026-03-NONE,2026-03-NONE
000778,2026-06-22,NONE,NONE,NONE,NONE
000779,2026-06-03,2026-06-03,2026-06-03,2026-06-03,2026-06-03
000780,2026-04-27,2026-04-27,2026-04-27,2026-04-27,2026-04-27
000781,2026-10-02,2026-10-02,2026-10-02,2026-10-02,2026-10-02
000782,NONE-12-19,NONE-12-19,NONE-12-19,NONE-12-19,NONE-12-19
000783,2025-12-21,2025-12-21,2025-12-21,2025-12-21,2025-12-21
000784,2027-05-22,NONE,NONE,NONE,NONE
000785,2026-10-15,NONE,NONE,NONE,NONE
000786,NONE-12-17,NONE,NONE,NONE,NONE
000787,2026-04-09,2026-04-09,2026-04-09,2026-04-09,2026-04-09
000788,NONE-12-21,NONE,NONE,NONE,NONE
000789,NONE-12-19,NONE-12-19,2030-02-20,2030-02-20,2030-02-20
000790,2027-07-NONE,NONE,NONE,NONE,NONE
000791,2026-06-30,NONE,NONE,NONE,NONE
000792,2026-04-05,2026-04-05,2026-04-05,2026-04-05,2026-04-05
000793,2026-05-06,2026-05-06,2026-05-06,2026-05-06,2026-05-06
000794,2026-10-27,2026-10-27,2026-10-27,2026-10-27,2026-10-27
000795,2026-07-14,NONE,NONE,NONE,NONE
000796,2026-07-14,NONE,NONE,NONE,NONE
000797,2026-08-25,2026-08-25,2026-08-25,2026-08-25,2026-08-25
000798,NONE-12-20,NONE-12-20,NONE-12-20,NONE-12-20,NONE-12-20
000799,NONE-12-20,NONE-12-20,NONE-12-20,NONE-12-20,NONE-12-20
000800,2026-08-12,2026-08-12,2026-08-12,2026-08-12,2026-08-12
000801,2026-03-25,2026-03-25,2026-03-25,2026-03-25,2026-03-25
000802,2026-07-03,2026-07-03,2026-07-03,2026-07-03,2026-07-03
000803,2026-09-13,2026-09-13,2026-09-13,2026-09-13,2026-09-13
000804,2027-09-01,NONE,NONE,NONE,NONE
000805,2027-07-NONE,NONE,NONE,NONE,NONE
000806,2026-10-02,2026-10-02,2026-10-02,2026-10-02,2026-10-02
000807,2026-05-29,2026-05-29,2026-05-29,2026-05-29,2026-05-29
000808,2026-06-12,NONE,NONE,NONE,NONE
000809,2026-08-30,NONE,NONE,NONE,NONE
000810,2026-03-31,2026-03-31,2026-03-31,2026-03-31,2026-03-31
000811,2026-03-31,2026-03-31,2026-03-31,2026-03-31,2026-03-31
000812,2026-05-29,2026-05-29,2026-05-29,2026-05-29,2026-05-29
000813,2026-08-24,2024-01-02,2026-08-24,2026-08-24,2026-08-24
000814,2026-06-22,NONE,NONE,NONE,NONE
000815,2026-06-22,NONE,NONE,NONE,NONE
000816,2026-10-09,NONE,NONE,NONE,NONE
000817,NONE-NONE-NONE,NONE,NONE,NONE,NONE
000818,NONE-NONE-NONE,NONE,NONE,NONE,NONE
000819,2026-05-18,NONE,NONE,NONE,NONE
000820,2026-05-18,NONE,NONE,NONE,NONE
000821,2026-02-02,2026-02-02,2026-02-02,2026-02-02,2026-02-02
000822,2026-02-02,NONE,NONE,NONE,NONE
000823,2027-02-23,2027-02-23,2027-02-23,2027-02-23,2027-02-23
000824,NONE-12-18,NONE-12-18,NONE-12-18,NONE-12-18,NONE-12-18
000825,2026-06-22,2017-02-06,2026-06-22,2026-06-22,2026-06-22
000826,2026-06-22,2026-06-11,2026-06-22,2026-06-22,2026-06-22
000827,2026-08-09,NONE,NONE,NONE,NONE
000828,NONE-12-21,NONE,NONE,NONE,NONE
000829,2026-03-20,2026-03-20,2026-03-20,2026-03-20,2026-03-20
000830,2025-12-20,2025-12-20,2025-12-20,2025-12-20,2025-12-20
000831,2026-07-16,NONE,NONE,NONE,NONE
000832,2026-07-16,NONE,NONE,NONE,NONE
000833,2026-04-27,2026-04-27,2026-04-27,2026-04-27,2026-04-27
000834,2026-02-02,2026-02-02,2026-02-02,2026-02-02,2026-02-02
000835,2026-02-02,2026-02-02,2026-02-02,2026-02-02,2026-02-02
000836,2026-05-18,NONE,NONE,NONE,NONE
000837,NONE-NONE-NONE,NONE,2026-02-NONE,2026-02-NONE,2026-02-NONE
000838,NONE-NONE-NONE,NONE,NONE,NONE,NONE
000839,2026-01-03,2026-01-03,2026-01-03,2026-01-03,2026-01-03
000840,2026-01-01,2026-01-01,2026-01-01,2026-01-01,2026-01-01
000841,2025-12-22,2025-12-22,2025-12-22,2025-12-22,2025-12-22
000842,2026-07-03,2026-07-03,2026-07-03,2026-07-03,2026-07-03
000843,2026-06-17,2026-06-17,2026-06-17,2026-06-17,2026-06-17
000844,2026-07-03,2026-07-03,2026-07-03,2026-07-03,2026-07-03
000845,2026-06-17,2026-06-17,2026-06-17,2026-06-17,2026-06-17
000846,2026-05-28,2026-05-28,2026-05-28,2026-05-28,2026-05-28
000847,2026-05-28,2026-05-28,2026-05-28,2026-05-28,2026-05-28
000848,2026-05-21,NONE,NONE,NONE,NONE
000849,2026-05-21,2026-05-21,2026-05-21,2026-05-21,2026-05-21
000850,2026-08-09,2026-08-09,2026-08-09,2026-08-09,2026-08-09
000851,2026-06-30,2026-06-30,2026-06-30,2026-06-30,2026-06-30
000852,2026-08-14,NONE,NONE,NONE,NONE
000853,2026-09-24,2026-05-24,2026-09-24,2026-09-24,2026-09-24
000854,2026-09-04,2026-09-04,2026-09-04,2026-09-04,2026-09-04
000855,2026-08-25,2026-08-25,2026-08-25,2026-08-25,2026-08-25
000856,2026-06-03,2026-03-16,2026-06-03,2026-06-03,2026-06-03
000857,2025-01-28,2025-01-28,2025-01-28,2025-01-28,2025-01-28
000858,2021-10-28,NONE,NONE,NONE,NONE
000859,2021-10-28,NONE,NONE,NONE,NONE
000860,2022-07-23,NONE,NONE,NONE,NONE
000861,2022-07-23,NONE,NONE,NONE,NONE
000862,2021-10-22,NONE,NONE,NONE,NONE
000863,2021-10-22,NONE,NONE,NONE,NONE
000864,2023-03-04,2023-03-04,2023-03-04,2023-03-04,2023-03-04
000865,2021-09-25,NONE,NONE,NONE,NONE
000866,2021-09-25,2021-09-25,2021-09-25,2021-09-25,2021-09-25
000867,2021-10-23,NONE,NONE,NONE,NONE
000868,2021-10-23,NONE,NONE,NONE,NONE
000869,2021-09-15,2021-09-15,2021-09-15,2021-09-15,2021-09-15
000870,2021-10-15,2021-10-15,2021-10-15,2021-10-15,2021-10-15
000871,2021-10-15,2021-10-15,2021-10-15,2021-10-15,2021-10-15
000872,2021-02-26,NONE,NONE,NONE,NONE
000873,2021-02-26,2021-08-26,2021-08-26,2021-08-26,2021-08-26
000874,NONE-04-05,NONE,NONE,NONE,NONE
000875,NONE-04-05,NONE,NONE,NONE,NONE
000876,2021-07-01,2021-07-01,2021-07-01,2021-07-01,2021-07-01
000877,2023-04-03,NONE,NONE,NONE,NONE
000878,2023-04-03,NONE,NONE,NONE,NONE
000879,2021-05-11,2021-05-11,2021-05-11,2021-05-11,2021-05-11
000880,2021-05-11,2021-05-11,2021-05-11,2021-05-11,2021-05-11
000881,2021-06-08,2021-06-08,2021-06-08,2021-06-08,2021-06-08
000882,2021-06-08,2021-06-08,2021-06-08,2021-06-08,2021-06-08
000883,2021-07-03,NONE,NONE,NONE,NONE
000884,2021-07-03,NONE,NONE,NONE,NONE
000885,2021-07-09,NONE,NONE-07-09,NONE-07-09,NONE-07-09
000886,2021-07-09,NONE,NONE,NONE,NONE
000887,2021-12-04,NONE,NONE,NONE,NONE
000888,2021-12-04,2021-12-NONE,2021-12-NONE,2021-12-NONE,2021-12-NONE
000889,2021-05-27,NONE,NONE,NONE,NONE
000890,2021-04-05,2021-04-05,2021-04-05,2021-04-05,2021-04-05
000891,2021-04-05,2021-04-05,2021-04-05,2021-04-05,2021-04-05
000892,2022-02-07,2022-02-07,2022-02-07,2022-02-07,2022-02-07
000893,2022-02-07,2022-02-07,2022-02-07,2022-02-07,2022-02-07
000894,2021-06-02,2021-06-02,2021-06-02,2021-06-02,2021-06-02
000895,2021-06-02,2021-06-02,2021-06-02,2021-06-02,2021-06-02
000896,2023-02-15,2023-02-15,2023-02-15,2023-02-15,2023-02-15
000897,2025-05-19,NONE,NONE,NONE,NONE
000898,2025-05-19,NONE,NONE,NONE,NONE
000899,2022-09-02,2022-09-02,2022-09-02,2022-09-02,2022-09-02
000900,2022-09-02,NONE,NONE,NONE,NONE
000901,2021-11-01,2021-11-01,2021-11-01,2021-11-01,2021-11-01
000902,2021-11-01,2021-11-01,2021-11-01,2021-11-01,2021-11-01
000903,2021-08-31,2021-08-31,2021-08-31,2021-08-31,2021-08-31
000904,2021-08-31,NONE,NONE,NONE,NONE
000905,2022-01-NONE,NONE,NONE,NONE,NONE
000906,2022-01-NONE,NONE,NONE,NONE,NONE
000907,2022-01-NONE,NONE,NONE,NONE,NONE
000908,2022-01-NONE,NONE,NONE,NONE,NONE
000909,2021-09-20,2021-09-20,2021-09-20,2021-09-20,2021-09-20
000910,2021-09-20,2021-09-20,2021-09-20,2021-09-20,2021-09-20
000911,2022-05-05,2022-05-05,2022-05-05,2022-05-05,2022-05-05
000912,2022-05-05,NONE,NONE,NONE,NONE
000913,2021-10-19,NONE,NONE,NONE,NONE
000914,2021-07-21,2021-07-21,2021-07-21,2021-07-21,2021-07-21
000915,2021-07-21,NONE,NONE,NONE,NONE
000916,2022-06-06,2022-06-06,2022-06-06,2022-06-06,2022-06-06
000917,2022-06-06,2022-06-06,2022-06-06,2022-06-06,2022-06-06
000918,2021-09-17,NONE,NONE,NONE,NONE
000919,2022-03-11,2022-03-11,2022-03-11,2022-03-11,2022-03-11
000920,2022-03-11,2022-03-11,2022-03-11,2022-03-11,2022-03-11
000921,2022-02-26,NONE,2022-02-NONE,2022-02-NONE,2022-02-NONE
000922,2022-02-26,2022-02-26,2022-02-26,2022-02-26,2022-02-26
000923,NONE-02-01,NONE-02-01,NONE-02-01,NONE-02-01,NONE-02-01
000924,NONE-02-02,NONE-02-02,NONE-02-02,NONE-02-02,NONE-02-02
000925,NONE-02-02,NONE-02-02,NONE,NONE,NONE
000926,2021-06-10,2021-06-10,2021-06-10,2021-06-10,2021-06-10
000927,2021-08-23,2021-08-23,2021-08-23,2021-08-23,2021-08-23
000928,2022-03-13,2022-03-13,2022-03-13,2022-03-13,2022-03-13
000929,2022-03-13,2022-03-13,2022-03-13,2022-03-13,2022-03-13
000930,2021-07-29,2021-07-29,2021-07-29,2021-07-29,2021-07-29
000931,2021-07-29,NONE,NONE,NONE,NONE
000932,2021-05-26,2036-05-01,2021-05-26,2021-05-26,2021-05-26
000933,2021-05-26,NONE,NONE,NONE,NONE
000934,2021-02-10,2021-02-10,2021-02-10,2021-02-10,2021-02-10
000935,2021-02-10,2021-02-10,2021-02-10,2021-02-10,2021-02-10
000936,2021-10-19,2021-10-19,2021-10-19,2021-10-19,2021-10-19
000937,2022-06-11,2022-06-11,2022-06-11,2022-06-11,2022-06-11
000939,2021-10-28,2021-10-28,2021-10-28,2021-10-28,2021-10-28
000940,NONE-NONE-NONE,NONE,NONE,NONE,NONE
000941,2021-07-02,2021-07-02,2021-07-02,2021-07-02,2021-07-02
000942,2021-05-29,2021-05-29,2021-05-29,2021-05-29,2021-05-29
000943,2021-05-29,2021-05-29,2021-05-29,2021-05-29,2021-05-29
000944,2021-07-03,2021-07-03,2021-07-03,2021-07-03,2021-07-03
000945,2021-07-03,2020-04-03,2020-04-03,2020-04-03,2020-04-03
000946,2021-09-30,2021-09-30,2021-09-30,2021-09-30,2021-09-30
000947,2021-09-30,2021-09-30,2021-09-30,2021-09-30,2021-09-30
000948,2021-10-24,2021-10-24,2021-10-24,2021-10-24,2021-10-24
000949,2021-10-24,2021-10-24,2021-10-24,2021-10-24,2021-10-24
000950,2022-09-16,NONE,NONE,NONE,NONE
000951,2021-04-05,2021-04-05,2021-04-05,2021-04-05,2021-04-05
000952,2021-04-05,2021-04-05,2021-04-05,2021-04-05,2021-04-05
000953,2021-02-05,2021-02-05,2021-02-05,2021-02-05,2021-02-05
000954,2021-02-05,NONE,NONE,NONE,NONE
000955,2022-01-25,2022-01-25,2022-01-25,2022-01-25,2022-01-25
000956,2022-01-25,2022-01-25,2022-01-25,2022-01-25,2022-01-25
000957,2021-02-22,2021-02-22,2021-02-22,2021-02-22,2021-02-22
000958,2021-02-22,NONE,NONE,NONE,NONE
000959,2022-07-19,2022-07-19,2022-07-19,2022-07-19,2022-07-19
000960,2022-07-19,2022-07-19,2022-07-19,2022-07-19,2022-07-19
000961,2023-10-21,2023-10-21,2023-10-21,2023-10-21,2023-10-21
000962,2023-10-21,2023-10-21,2023-10-21,2023-10-21,2023-10-21
000963,2023-11-14,2023-11-14,2023-11-14,2023-11-14,2023-11-14
000964,2023-11-14,2023-11-14,2023-11-14,2023-11-14,2023-11-14
000965,2021-07-23,2023-07-20,2023-07-20,2023-07-20,2023-07-20
000966,2021-08-10,2021-08-10,2021-08-10,2021-08-10,2021-08-10
000967,2022-10-17,2022-10-17,2022-10-17,2022-10-17,2022-10-17
000968,2022-10-17,NONE,NONE,NONE,NONE
000969,2022-06-30,2022-06-30,2022-06-30,2022-06-30,2022-06-30
000970,2022-06-30,NONE,NONE,NONE,NONE
000971,2021-11-11,2021-11-11,2021-11-11,2021-11-11,2021-11-11
000972,2021-06-25,2021-06-25,2021-06-25,2021-06-25,2021-06-25
000973,2022-12-02,NONE,NONE,NONE,NONE
000974,2022-12-02,NONE,NONE,NONE,NONE
000975,2023-08-03,2023-08-03,2023-08-03,2023-08-03,2023-08-03
000976,2023-08-03,2023-08-03,2023-08-03,2023-08-03,2023-08-03
000977,2021-11-03,2021-11-03,2021-11-03,2021-11-03,2021-11-03
000979,2021-06-14,2021-06-14,2021-06-14,2021-06-14,2021-06-14
000980,2021-06-14,2021-06-14,2021-06-14,2021-06-14,2021-06-14
000981,2021-08-08,NONE,NONE,NONE,NONE
000982,2022-02-15,2022-02-15,2022-02-15,2022-02-15,2022-02-15
000983,2021-08-20,2021-08-20,2021-08-20,2021-08-20,2021-08-20
000984,2021-08-20,2021-08-20,2021-08-20,2021-08-20,2021-08-20
000985,2021-12-28,NONE,NONE,NONE,NONE
000987,2021-12-28,NONE,NONE,NONE,NONE
000988,2021-12-28,NONE,NONE,NONE,NONE
000989,2021-07-20,NONE,NONE,NONE,NONE
000990,2021-07-20,NONE,NONE,NONE,NONE
000991,2021-03-04,2021-03-04,2021-03-04,2021-03-04,2021-03-04
000992,2021-03-04,NONE,NONE,NONE,NONE
000993,NONE-02-18,NONE,NONE,NONE,NONE
000994,NONE-02-18,NONE,NONE,NONE,NONE
000995,NONE-02-18,NONE,NONE,NONE,NONE
000996,NONE-02-19,NONE,NONE,NONE,NONE
000997,NONE-02-19,NONE,NONE,NONE,NONE
000998,2021-11-11,2021-11-11,2021-11-11,2021-11-11,2021-11-11
000999,2021-11-11,2021-11-11,2021-11-11,2021-11-11,2021-11-11
001000,2021-09-07,2021-09-07,2021-09-07,2021-09-07,2021-09-07
