image_id,year,month,day,final_date
000001,2027,06,26,2027-06-26
000008,2027,06,29,2027-06-29
000019,2026,04,09,2026-04-09
000021,2025,10,10,2025-10-10
000022,2025,10,14,2025-10-14
000026,2025,11,13,2025-11-13
000029,2026,08,02,2026-08-02
000032,NONE,NONE,NONE,NONE
000036,2026,08,26,2026-08-26
000037,2026,07,17,2026-07-17
000045,2027,04,21,2027-04-21
000056,2026,07,11,2026-07-11
000065,2026,01,12,2026-01-12
000068,2026,06,17,2026-06-17
000070,2026,10,08,2026-10-08
000073,2026,03,12,2026-03-12
000074,2026,08,28,2026-08-28
000077,2026,03,07,2026-03-07
000082,2026,08,24,2026-08-24
000096,2026,05,26,2026-05-26
000099,2026,03,07,2026-03-07
000124,2026,01,02,2026-01-02
000126,2026,06,12,2026-06-12
000145,2027,03,24,2027-03-24
000146,2026,04,03,2026-04-03
000149,2026,04,28,2026-04-28
000161,2027,05,10,2027-05-10
000171,2026,05,27,2026-05-27
000184,2027,11,19,2027-11-19
000200,NONE,NONE,NONE,NONE
000202,2027,02,06,2027-02-06
000215,2015,01,25,2015-01-25
000216,2026,03,16,2026-03-16
000219,2026,09,07,2026-09-07
000237,2026,06,05,2026-06-05
000248,2026,04,21,2026-04-21
000258,2026,05,30,2026-05-30
000273,2026,03,13,2026-03-13
000276,2026,03,25,2026-03-25
000288,2029,07,25,2029-07-25
000320,2025,11,12,2025-11-12
000334,2026,03,15,2026-03-15
000335,2025,11,28,2025-11-28
000337,2025,12,09,2025-12-09
000343,2025,12,30,2025-12-30
000347,2027,05,26,2027-05-26
000350,2027,05,15,2027-05-15
000362,2026,08,11,2026-08-11
000364,NONE,NONE,NONE,NONE
000365,2026,03,11,2026-03-11
000366,2026,09,05,2026-09-05
000367,2026,05,18,2026-05-18
000381,2027,01,20,2027-01-20
000388,2026,01,15,2026-01-15
000395,NONE,NONE,NONE,NONE
000396,2026,02,27,2026-02-27
000400,2026,01,11,2026-01-11
000401,2027,04,12,2027-04-12
000415,NONE,NONE,NONE,NONE
000446,2026,04,11,2026-04-11
000447,2025,11,22,2025-11-22
000449,2026,01,28,2026-01-28
000451,2026,02,27,2026-02-27
000456,2025,12,26,2025-12-26
000463,2027,02,01,2027-02-01
000467,2025,12,26,2025-12-26
000497,2026,08,31,2026-08-31
000500,2026,12,17,2026-12-17
000503,2026,02,18,2026-02-18
000504,2026,02,28,2026-02-28
000505,2026,03,02,2026-03-02
000521,2026,03,10,2026-03-10
000527,2025,10,12,2025-10-12
000529,2026,01,12,2026-01-12
000530,2026,06,24,2026-06-24
000531,2026,02,28,2026-02-28
000535,2026,02,04,2026-02-04
000554,2027,09,17,2027-09-17
000562,2025,12,30,2025-12-30
000565,2025,12,05,2025-12-05
000566,2026,09,17,2026-09-17
000569,2025,11,02,2025-11-02
000579,2026,07,10,2026-07-10
000596,2026,08,13,2026-08-13
000599,2026,09,04,2026-09-04
000600,2026,08,31,2026-08-31
000603,2026,09,24,2026-09-24
000608,NONE,NONE,NONE,NONE
000616,2026,09,10,2026-09-10
000629,NONE,NONE,NONE,NONE
000643,2026,01,21,2026-01-21
000646,2027,01,15,2027-01-15
000651,2026,06,25,2026-06-25
000663,2026,02,10,2026-02-10
000678,2026,07,24,2026-07-24
000685,2026,05,28,2026-05-28
000702,2025,10,09,2025-10-09
000714,2026,03,12,2026-03-12
000715,NONE,NONE,NONE,NONE
000724,2026,05,20,2026-05-20
000727,NONE,NONE,NONE,NONE
000728,2026,06,24,2026-06-24
000730,NONE,NONE,NONE,NONE
000733,2026,03,24,2026-03-24
000763,NONE,NONE,NONE,NONE
000770,NONE,NONE,NONE,NONE
000774,2026,02,08,2026-02-08
000782,NONE,12,19,NONE-12-19
000784,2031,05,22,2031-05-22
000801,2026,03,25,2026-03-25
000804,2025,09,01,2025-09-01
000809,NONE,NONE,NONE,NONE
000825,2026,06,22,2026-06-22
000831,NONE,NONE,NONE,NONE
000833,2026,04,27,2026-04-27
000840,2026,01,01,2026-01-01
000845,2026,06,17,2026-06-17
000846,2026,05,28,2026-05-28
000847,2026,05,28,2026-05-28
000851,2026,06,30,2026-06-30
000853,2026,09,24,2026-09-24
000864,2023,03,04,2023-03-04
000866,2021,09,25,2021-09-25
000872,2021,02,26,2021-02-26
000884,NONE,NONE,NONE,NONE
000905,2022,01,NONE,2022-01-NONE
000911,2022,05,05,2022-05-05
000917,2022,06,06,2022-06-06
000927,2021,08,23,2021-08-23
000928,2022,03,13,2022-03-13
000940,NONE,NONE,NONE,NONE
000944,2021,07,03,2021-07-03
000950,2022,09,16,2022-09-16
000959,2022,07,19,2022-07-19
000965,2023,07,20,2023-07-20
000967,2022,10,17,2022-10-17
000982,2022,02,15,2022-02-15
001007,2022,06,29,2022-06-29
001031,2022,10,NONE,2022-10-NONE
001037,2021,03,18,2021-03-18
001048,2021,05,12,2021-05-12
001049,2022,01,06,2022-01-06
001058,2021,10,14,2021-10-14
001065,2022,05,04,2022-05-04
001076,2021,07,31,2021-07-31
001090,2021,04,16,2021-04-16
001092,2021,03,19,2021-03-19
001096,2021,06,11,2021-06-11
001101,2021,03,14,2021-03-14
001109,2021,03,22,2021-03-22
001112,2022,07,12,2022-07-12
001122,2023,01,10,2023-01-10
001123,2021,10,09,2021-10-09
001126,2021,12,28,2021-12-28
001128,2021,06,10,2021-06-10
001138,2021,10,23,2021-10-23
001152,2021,10,31,2021-10-31
001164,2021,03,01,2021-03-01
001170,2022,01,18,2022-01-18
001182,2022,04,14,2022-04-14
001195,2021,10,18,2021-10-18
001198,2021,10,10,2021-10-10
001213,2021,05,15,2021-05-15
001237,2028,01,02,2028-01-02
001242,2022,06,13,2022-06-13
001243,2023,12,31,2023-12-31
001250,2021,04,11,2021-04-11
001252,2021,08,19,2021-08-19
001254,2019,09,13,2019-09-13
001258,2022,03,15,2022-03-15
001259,2021,08,30,2021-08-30
001265,2022,06,NONE,2022-06-NONE
001281,2025,08,05,2025-08-05
001283,2022,04,23,2022-04-23
001290,2024,11,21,2024-11-21
001301,2021,11,29,2021-11-29
001303,2021,09,14,2021-09-14
001307,2022,11,06,2022-11-06
001313,2022,01,15,2022-01-15
001323,2023,07,09,2023-07-09
001327,2021,07,19,2021-07-19
001330,2027,03,05,2027-03-05
001331,2021,04,19,2021-04-19
001333,2021,12,NONE,2021-12-NONE
001338,2021,06,08,2021-06-08
001340,2021,11,25,2021-11-25
001359,2020,12,NONE,2020-12-NONE
001365,2022,11,01,2022-11-01
001372,2022,03,07,2022-03-07
001375,2022,05,NONE,2022-05-NONE
001382,2023,01,05,2023-01-05
001392,2021,02,25,2021-02-25
001397,2022,11,01,2022-11-01
001400,2022,NONE,28,2022-NONE-28
001402,2020,05,29,2020-05-29
001408,2021,12,16,2021-12-16
001411,2022,09,06,2022-09-06
001415,2022,04,20,2022-04-20
001418,2021,07,18,2021-07-18
001420,2021,07,01,2021-07-01
001422,2021,11,NONE,2021-11-NONE
001428,2020,08,12,2020-08-12
001429,2021,01,23,2021-01-23
001435,2021,10,04,2021-10-04
001436,2021,09,20,2021-09-20
001443,2021,09,06,2021-09-06
001446,2021,10,23,2021-10-23
001447,2022,07,22,2022-07-22
001448,2022,07,22,2022-07-22
001453,2022,09,13,2022-09-13
001455,2022,04,02,2022-04-02
001461,2022,01,20,2022-01-20
001465,2022,11,18,2022-11-18
001468,2022,12,03,2022-12-03
001489,2021,07,12,2021-07-12
001493,2023,08,17,2023-08-17
001498,2021,06,30,2021-06-30
001501,2021,09,23,2021-09-23
001506,2021,02,19,2021-02-19
001507,2021,02,19,2021-02-19
001508,2021,10,19,2021-10-19
001521,2021,07,08,2021-07-08
001523,2021,01,15,2021-01-15
001524,2021,06,25,2021-06-25
001526,2021,01,21,2021-01-21
001533,2022,06,21,2022-06-21
001544,2021,08,02,2021-08-02
001548,2023,09,20,2023-09-20
001552,NONE,NONE,NONE,NONE
001558,2024,12,21,2024-12-21
001571,2021,06,11,2021-06-11
001580,2022,11,02,2022-11-02
001585,2021,10,28,2021-10-28
001587,2021,04,27,2021-04-27
001588,2023,01,09,2023-01-09
001597,2021,03,07,2021-03-07
001599,2021,02,15,2021-02-15
001602,2021,02,11,2021-02-11
001603,2021,02,24,2021-02-24
001604,2021,02,24,2021-02-24
001609,2021,06,29,2021-06-29
001619,2023,10,06,2023-10-06
001626,2021,07,03,2021-07-03
001640,2021,02,NONE,2021-02-NONE
001645,2021,10,12,2021-10-12
001646,NONE,NONE,NONE,NONE
001655,2019,09,12,2019-09-12
001669,2021,02,08,2021-02-08
001685,2021,11,29,2021-11-29
001690,2020,08,16,2020-08-16
001694,2022,07,01,2022-07-01
001697,2022,06,23,2022-06-23
001703,2021,07,16,2021-07-16
001712,2021,07,18,2021-07-18
001713,2021,09,08,2021-09-08
001714,2021,09,08,2021-09-08
001715,2021,02,07,2021-02-07
001716,2021,02,07,2021-02-07
001722,2021,07,06,2021-07-06
001726,2021,02,16,2021-02-16
001728,2021,02,08,2021-02-08
001746,2021,10,12,2021-10-12
001758,2023,03,09,2023-03-09
001763,2021,12,23,2021-12-23
001764,2021,12,23,2021-12-23
001768,2021,06,29,2021-06-29
001769,2021,12,22,2021-12-22
001774,2021,04,02,2021-04-02
001783,2021,06,13,2021-06-13
001789,2021,01,16,2021-01-16
001792,2020,08,13,2020-08-13
001793,2021,11,07,2021-11-07
001801,2019,04,09,2019-04-09
001808,2020,08,13,2020-08-13
001809,2020,08,13,2020-08-13
001820,2020,09,01,2020-09-01
001826,2021,09,19,2021-09-19
001837,2021,10,02,2021-10-02
001839,2021,10,15,2021-10-15
001851,2016,11,10,2016-11-10
001867,2022,07,NONE,2022-07-NONE
001868,NONE,NONE,NONE,NONE
001874,2022,10,21,2022-10-21
001900,2032,03,15,2032-03-15
001907,2021,08,16,2021-08-16
001908,2021,08,16,2021-08-16
001914,2021,09,14,2021-09-14
001950,2016,07,23,2016-07-23
001952,2022,09,16,2022-09-16
001958,2020,11,13,2020-11-13
001960,2022,06,15,2022-06-15
001962,2027,03,21,2027-03-21
001964,2021,10,09,2021-10-09
001967,2022,08,24,2022-08-24
001969,2021,08,NONE,2021-08-NONE
001970,2021,06,18,2021-06-18
001978,2020,11,04,2020-11-04
001982,2021,10,20,2021-10-20
001983,2021,10,20,2021-10-20
001988,2021,02,12,2021-02-12
002003,2022,05,15,2022-05-15
002017,2021,10,23,2021-10-23
002021,2022,04,09,2022-04-09
002031,2019,11,NONE,2019-11-NONE
002034,2017,12,20,2017-12-20
002044,2019,12,20,2019-12-20
002054,2021,12,NONE,2021-12-NONE
002064,2021,09,03,2021-09-03
002075,2020,05,28,2020-05-28
002083,2020,11,06,2020-11-06
002084,2020,11,06,2020-11-06
002086,2021,11,22,2021-11-22
002090,2021,11,09,2021-11-09
002097,2022,06,16,2022-06-16
002102,2021,12,25,2021-12-25
002123,2020,11,02,2020-11-02
002131,2021,11,01,2021-11-01
002132,2021,10,04,2021-10-04
002146,2022,07,26,2022-07-26
002150,2021,03,31,2021-03-31
002152,2019,07,11,2019-07-11
002158,2019,02,06,2019-02-06
002160,2021,04,08,2021-04-08
002169,2020,01,15,2020-01-15
002174,2021,09,05,2021-09-05
002191,2020,10,20,2020-10-20
002198,2021,01,13,2021-01-13
002201,2020,10,08,2020-10-08
002202,2020,10,08,2020-10-08
002229,2028,03,23,2028-03-23
002238,2022,06,30,2022-06-30
002239,2022,06,30,2022-06-30
002243,2022,03,13,2022-03-13
002248,2021,09,07,2021-09-07
002276,2023,12,22,2023-12-22
002285,2021,01,07,2021-01-07
002291,2021,09,10,2021-09-10
002305,2022,07,31,2022-07-31
002310,NONE,03,13,NONE-03-13
002313,2021,10,17,2021-10-17
002317,2020,12,03,2020-12-03
002318,2020,12,03,2020-12-03
002322,2015,04,15,2015-04-15
002323,2015,04,15,2015-04-15
002326,2022,10,23,2022-10-23
002337,2023,01,05,2023-01-05
002338,2023,01,05,2023-01-05
002340,2021,12,28,2021-12-28
002342,2021,12,15,2021-12-15
002345,2020,05,12,2020-05-12
002348,2021,10,04,2021-10-04
002389,2021,08,04,2021-08-04
002392,2021,07,21,2021-07-21
002400,2023,01,05,2023-01-05
002408,2022,10,29,2022-10-29
002412,2023,01,18,2023-01-18
002422,2023,02,07,2023-02-07
002440,2022,01,26,2022-01-26
002446,2021,01,16,2021-01-16
002449,2021,06,09,2021-06-09
002461,2021,10,31,2021-10-31
002467,2021,05,18,2021-05-18
002475,2021,03,13,2021-03-13
002476,2021,03,13,2021-03-13
002494,2022,02,10,2022-02-10
002519,2023,01,25,2023-01-25
002527,2023,02,15,2023-02-15
002528,2021,10,19,2021-10-19
002535,2021,12,04,2021-12-04
002540,2021,12,19,2021-12-19
002547,2022,04,NONE,2022-04-NONE
002554,2021,11,18,2021-11-18
002555,2021,11,18,2021-11-18
002559,2022,04,01,2022-04-01
002564,2021,09,25,2021-09-25
002569,2022,04,04,2022-04-04
002572,2021,12,29,2021-12-29
002574,2021,12,16,2021-12-16
002583,2021,01,07,2021-01-07
002584,2023,11,04,2023-11-04
002589,2023,10,NONE,2023-10-NONE
002590,2023,10,27,2023-10-27
002597,2022,10,22,2022-10-22
002609,2022,01,17,2022-01-17
002619,2022,03,31,2022-03-31
002629,2023,05,NONE,2023-05-NONE
002636,2022,10,09,2022-10-09
002646,2021,12,14,2021-12-14
002649,2021,07,01,2021-07-01
002651,2021,08,18,2021-08-18
002652,2021,08,18,2021-08-18
002653,2025,11,30,2025-11-30
002663,2021,08,18,2021-08-18
002669,2022,04,18,2022-04-18
002674,2021,04,25,2021-04-25
002675,2021,03,23,2021-03-23
002678,2021,08,04,2021-08-04
002683,2021,12,03,2021-12-03
002686,2021,11,05,2021-11-05
002694,2021,04,19,2021-04-19
002696,2021,07,23,2021-07-23
002708,NONE,NONE,NONE,NONE
002722,2022,12,30,2022-12-30
002731,2021,04,18,2021-04-18
002734,2022,02,04,2022-02-04
002740,2021,12,18,2021-12-18
002749,2020,12,NONE,2020-12-NONE
002753,2022,01,NONE,2022-01-NONE
002760,2021,05,12,2021-05-12
002761,2023,06,01,2023-06-01
002763,2021,11,06,2021-11-06
002768,2021,12,01,2021-12-01
002775,2021,10,03,2021-10-03
002777,2021,09,15,2021-09-15
002781,2021,04,06,2021-04-06
002786,2022,06,22,2022-06-22
002795,2021,03,18,2021-03-18
002802,2021,09,29,2021-09-29
002809,2023,01,20,2023-01-20
002814,NONE,NONE,NONE,NONE
002815,2021,06,28,2021-06-28
002817,2022,01,04,2022-01-04
002820,2021,11,19,2021-11-19
002821,2021,11,19,2021-11-19
002824,2022,11,08,2022-11-08
002825,2022,11,08,2022-11-08
002837,2022,08,02,2022-08-02
002843,2023,06,NONE,2023-06-NONE
002865,NONE,NONE,NONE,NONE
002866,2038,02,12,2038-02-12
002880,2021,04,13,2021-04-13
002887,2022,01,04,2022-01-04
002888,2021,07,15,2021-07-15
002889,2021,07,15,2021-07-15
002896,2021,07,20,2021-07-20
002901,2022,08,03,2022-08-03
002903,2020,07,22,2020-07-22
002908,2021,10,30,2021-10-30
002909,2021,07,21,2021-07-21
002912,2030,11,20,2030-11-20
002917,2030,04,21,2030-04-21
002931,2022,06,30,2022-06-30
002937,2021,11,11,2021-11-11
002946,2021,09,25,2021-09-25
002947,2021,09,25,2021-09-25
002949,2021,08,12,2021-08-12
002951,2021,04,30,2021-04-30
002955,2022,11,04,2022-11-04
002956,2021,01,02,2021-01-02
002966,2021,09,03,2021-09-03
002970,2022,11,14,2022-11-14
002971,2022,11,14,2022-11-14
002979,2020,07,20,2020-07-20
002984,2021,05,01,2021-05-01
002986,2022,04,01,2022-04-01
002994,2022,07,13,2022-07-13
003001,2021,12,05,2021-12-05
003002,2022,06,18,2022-06-18
003004,2023,05,NONE,2023-05-NONE
003021,2021,03,23,2021-03-23
003022,2021,11,01,2021-11-01
003029,2021,11,02,2021-11-02
003035,2022,08,28,2022-08-28
003040,2021,03,01,2021-03-01
003047,2021,04,07,2021-04-07
003050,2016,02,21,2016-02-21
003062,2022,03,05,2022-03-05
003079,2021,11,01,2021-11-01
003117,2021,12,29,2021-12-29
003118,2021,07,10,2021-07-10
003123,NONE,NONE,NONE,NONE
003150,2021,12,10,2021-12-10
003170,2020,04,21,2020-04-21
003176,2021,04,30,2021-04-30
003178,2021,03,25,2021-03-25
003181,2021,06,14,2021-06-14
003185,2021,06,28,2021-06-28
003195,2021,12,13,2021-12-13
003198,2025,10,12,2025-10-12
003219,2021,03,16,2021-03-16
003228,2021,01,04,2021-01-04
003230,2022,03,28,2022-03-28
003237,2021,03,30,2021-03-30
003241,2022,01,28,2022-01-28
003245,2021,09,20,2021-09-20
003250,2023,02,01,2023-02-01
003255,2021,11,05,2021-11-05
003265,2021,10,06,2021-10-06
003273,2021,05,03,2021-05-03
003278,2023,10,02,2023-10-02
003294,2021,07,26,2021-07-26
003306,2020,09,01,2020-09-01
003314,2021,07,05,2021-07-05
003317,2022,02,NONE,2022-02-NONE
003322,2021,09,01,2021-09-01
003324,2021,02,16,2021-02-16
003329,2021,12,26,2021-12-26
003332,2021,04,29,2021-04-29
003343,2030,12,23,2030-12-23
3346,2026,09,10,2026-09-10
