image_id,stage,seconds,has_date,correct,y,m,d
000004,s1,9.030,0,0,,,
000004,s2,0.062,0,0,,,
000004,det5,9.114,1,1,2022,02,14
000004,rot90,2.322,0,0,,,
000004,rot270,2.926,0,0,,,
000004,rot180,4.836,1,0,2020,01,08
000004,clahe,8.562,1,1,2022,02,14
000004,hires,11.964,1,1,2022,02,14
000004,up2x,8.216,1,1,2022,02,14
000004,erode5,1.179,1,1,2022,02,14
000004,erode3,5.724,1,1,2022,02,14
000008,s1,3.406,0,0,,,
000008,s2,0.004,0,0,,,
000008,det5,3.389,1,1,2027,06,29
000008,rot90,1.728,0,0,,,
000008,rot270,1.961,0,0,,,
000008,rot180,1.571,0,0,,,
000008,clahe,3.196,1,1,2027,06,29
000008,hires,4.580,1,1,2027,06,29
000008,up2x,2.205,1,1,2027,06,29
000008,erode5,1.514,1,1,2027,06,29
000008,erode3,1.506,1,1,2027,06,29
000010,s1,7.191,0,0,,,
000010,s2,0.003,0,0,,,
000010,det5,7.485,1,1,2026,06,08
000010,rot90,2.021,1,1,2026,06,08
000010,rot270,2.916,0,0,,,
000010,rot180,2.882,0,0,,,
000010,clahe,6.229,1,1,2026,06,08
000010,hires,9.987,1,1,2026,06,08
000010,up2x,5.547,1,1,2026,06,08
000010,erode5,3.543,1,1,2026,06,08
000010,erode3,3.974,1,1,2026,06,08
000024,s1,3.193,0,0,,,
000024,s2,0.004,0,0,,,
000024,det5,4.601,1,0,2025,10,11
000024,rot90,2.851,0,0,,,
000024,rot270,2.594,0,0,,,
000024,rot180,3.763,0,0,,,
000024,clahe,3.558,1,0,2025,10,11
000024,hires,7.043,1,0,2025,10,11
000024,up2x,7.250,0,0,,,
000024,erode5,4.042,1,0,2025,10,11
000024,erode3,4.661,1,0,2025,10,11
000032,s1,2.254,0,0,,,
000032,s2,0.002,0,0,,,
000032,det5,3.125,1,0,2025,03,22
000032,rot90,2.632,0,0,,,
000032,rot270,2.744,0,0,,,
000032,rot180,2.366,0,0,,,
000032,clahe,2.472,1,0,2026,03,28
000032,hires,5.936,1,0,2040,02,19
000032,up2x,6.064,0,0,,,
000032,erode5,3.460,1,1,2026,03,22
000032,erode3,3.966,1,1,2026,03,22
000034,s1,3.281,0,0,,,
000034,s2,0.071,0,0,,,
000034,det5,4.085,0,0,,,
000034,rot90,1.766,0,0,,,
000034,rot270,2.514,0,0,,,
000034,rot180,3.347,0,0,,,
000034,clahe,4.316,1,0,2036,06,30
000034,hires,8.347,0,0,,,
000034,up2x,6.891,0,0,,,
000034,erode5,3.131,1,1,2026,06,30
000034,erode3,4.131,1,1,2026,06,30
000035,s1,2.788,0,0,,,
000035,s2,0.447,0,0,,,
000035,det5,4.300,1,1,2026,08,17
000035,rot90,2.468,0,0,,,
000035,rot270,2.076,0,0,,,
000035,rot180,3.848,0,0,,,
000035,clahe,4.281,1,1,2026,08,17
000035,hires,7.203,1,1,2026,08,17
000035,up2x,5.548,1,1,2026,08,17
000035,erode5,1.369,1,1,2026,08,17
000035,erode3,5.762,1,1,2026,08,17
000039,s1,2.609,0,0,,,
000039,s2,0.050,0,0,,,
000039,det5,3.555,1,1,2026,05,26
000039,rot90,1.568,0,0,,,
000039,rot270,1.049,0,0,,,
000039,rot180,2.757,0,0,,,
000039,clahe,2.520,1,1,2026,05,26
000039,hires,5.476,1,1,2026,05,26
000039,up2x,5.181,1,1,2026,05,26
000039,erode5,1.632,1,1,2026,05,26
000039,erode3,1.922,1,1,2026,05,26
000051,s1,1.826,0,0,,,
000051,s2,0.006,0,0,,,
000051,det5,3.056,1,1,2026,01,12
000051,rot90,1.768,1,0,2026,01,01
000051,rot270,1.636,0,0,,,
000051,rot180,2.349,0,0,,,
000051,clahe,2.587,1,1,2026,01,12
000051,hires,5.398,1,1,2026,01,12
000051,up2x,5.433,1,1,2026,01,12
000051,erode5,2.979,1,1,2026,01,12
000051,erode3,2.536,1,1,2026,01,12
000061,s1,2.814,0,0,,,
000061,s2,0.171,0,0,,,
000061,det5,4.406,1,1,2026,06,04
000061,rot90,1.736,0,0,,,
000061,rot270,0.814,0,0,,,
000061,rot180,1.342,0,0,,,
000061,clahe,1.213,1,1,2026,06,04
000061,hires,3.914,1,1,2026,06,04
000061,up2x,6.254,0,0,,,
000061,erode5,2.664,1,1,2026,06,04
000061,erode3,4.321,1,1,2026,06,04
000080,s1,4.416,0,0,,,
000080,s2,0.050,0,0,,,
000080,det5,5.278,1,1,2026,09,16
000080,rot90,2.247,0,0,,,
000080,rot270,2.484,0,0,,,
000080,rot180,3.283,0,0,,,
000080,clahe,4.943,1,1,2026,09,16
000080,hires,5.860,1,0,2031,04,02
000080,up2x,4.109,1,0,2038,08,22
000080,erode5,2.016,1,1,2026,09,16
000080,erode3,2.118,1,1,2026,09,16
000083,s1,1.114,0,0,,,
000083,s2,0.002,0,0,,,
000083,det5,1.866,1,1,2026,07,01
000083,rot90,0.979,0,0,,,
000083,rot270,0.897,0,0,,,
000083,rot180,0.908,0,0,,,
000083,clahe,1.318,1,1,2026,07,01
000083,hires,3.091,0,0,,,
000083,up2x,2.697,0,0,,,
000083,erode5,1.338,1,1,2026,07,01
000083,erode3,1.452,1,1,2026,07,01
000090,s1,0.995,0,0,,,
000090,s2,0.002,0,0,,,
000090,det5,1.436,0,0,,,
000090,rot90,0.889,0,0,,,
000090,rot270,0.944,0,0,,,
000090,rot180,0.720,0,0,,,
000090,clahe,1.195,0,0,,,
000090,hires,3.217,0,0,,,
000090,up2x,3.103,0,0,,,
000090,erode5,1.959,1,1,2026,09,01
000090,erode3,2.051,1,1,2026,09,01
000093,s1,0.829,0,0,,,
000093,s2,0.020,0,0,,,
000093,det5,1.381,1,1,2026,04,23
000093,rot90,0.636,1,1,2026,04,23
000093,rot270,0.651,0,0,,,
000093,rot180,0.893,0,0,,,
000093,clahe,0.779,1,1,2026,04,23
000093,hires,6.060,1,0,2026,04,20
000093,up2x,7.012,1,1,2026,04,23
000093,erode5,1.849,1,1,2026,04,23
000093,erode3,2.199,1,1,2026,04,23
000103,s1,5.018,0,0,,,
000103,s2,0.867,0,0,,,
000103,det5,5.717,1,1,2025,12,18
000103,rot90,3.502,1,1,2025,12,18
000103,rot270,3.918,0,0,,,
000103,rot180,6.680,0,0,,,
000103,clahe,6.275,1,1,2025,12,18
000103,hires,12.366,1,1,2025,12,18
000103,up2x,11.428,1,1,2025,12,18
000103,erode5,3.830,1,1,2025,12,18
000103,erode3,7.928,1,1,2025,12,18
000106,s1,5.930,0,0,,,
000106,s2,0.009,0,0,,,
000106,det5,7.421,0,0,,,
000106,rot90,3.398,0,0,,,
000106,rot270,3.004,0,0,,,
000106,rot180,6.829,0,0,,,
000106,clahe,6.061,0,0,,,
000106,hires,10.655,0,0,,,
000106,up2x,10.060,0,0,,,
000106,erode5,3.758,0,0,,,
000106,erode3,9.633,0,0,,,
000120,s1,2.433,0,0,,,
000120,s2,0.167,0,0,,,
000120,det5,3.578,1,1,2026,08,25
000120,rot90,2.581,1,0,2028,08,02
000120,rot270,2.575,0,0,,,
000120,rot180,2.539,0,0,,,
000120,clahe,2.569,1,1,2026,08,25
000120,hires,9.161,1,1,2026,08,25
000120,up2x,8.102,1,1,2026,08,25
000120,erode5,1.831,1,1,2026,08,25
000120,erode3,2.895,1,1,2026,08,25
000122,s1,6.023,0,0,,,
000122,s2,0.002,0,0,,,
000122,det5,4.055,0,0,,,
000122,rot90,4.633,0,0,,,
000122,rot270,4.470,0,0,,,
000122,rot180,4.139,0,0,,,
000122,clahe,2.161,0,0,,,
000122,hires,8.287,0,0,,,
000122,up2x,9.563,0,0,,,
000122,erode5,3.544,1,1,2027,04,28
000122,erode3,7.088,1,1,2027,04,28
000152,s1,3.481,0,0,,,
000152,s2,0.062,0,0,,,
000152,det5,4.246,1,1,2026,07,31
000152,rot90,2.174,0,0,,,
000152,rot270,2.152,0,0,,,
000152,rot180,3.252,0,0,,,
000152,clahe,2.301,1,1,2026,07,31
000152,hires,8.405,1,1,2026,07,31
000152,up2x,7.891,1,1,2026,07,31
000152,erode5,2.652,1,1,2026,07,31
000152,erode3,5.706,1,1,2026,07,31
000157,s1,2.652,0,0,,,
000157,s2,0.110,0,0,,,
000157,det5,3.091,0,0,,,
000157,rot90,1.535,0,0,,,
000157,rot270,2.911,0,0,,,
000157,rot180,2.718,0,0,,,
000157,clahe,1.844,0,0,,,
000157,hires,8.653,1,1,2027,07,08
000157,up2x,8.013,1,0,2027,02,05
000157,erode5,1.643,0,0,,,
000157,erode3,1.667,0,0,,,
000159,s1,4.529,0,0,,,
000159,s2,0.514,0,0,,,
000159,det5,7.418,1,1,2027,01,08
000159,rot90,4.943,0,0,,,
000159,rot270,5.838,0,0,,,
000159,rot180,6.437,0,0,,,
000159,clahe,6.141,1,1,2027,01,08
000159,hires,12.121,1,1,2027,01,08
000159,up2x,10.970,1,1,2027,01,08
000159,erode5,3.089,1,1,2027,01,08
000159,erode3,13.981,1,1,2027,01,08
000190,s1,5.149,0,0,,,
000190,s2,0.669,0,0,,,
000190,det5,7.680,1,0,2022,11,26
000190,rot90,3.789,1,0,2022,11,26
000190,rot270,4.190,0,0,,,
000190,rot180,5.291,1,0,NONE,12,10
000190,clahe,5.951,1,0,2022,11,26
000190,hires,5.369,0,0,,,
000190,up2x,4.398,1,0,2022,11,26
000190,erode5,0.758,0,0,,,
000190,erode3,2.352,1,0,2022,11,26
000191,s1,1.576,0,0,,,
000191,s2,0.053,0,0,,,
000191,det5,1.886,0,0,,,
000191,rot90,0.817,1,1,2026,06,15
000191,rot270,0.578,0,0,,,
000191,rot180,1.746,0,0,,,
000191,clahe,1.925,1,1,2026,06,15
000191,hires,6.182,1,0,2026,06,NONE
000191,up2x,5.725,0,0,,,
000191,erode5,1.326,0,0,,,
000191,erode3,3.569,1,1,2026,06,15
000192,s1,2.831,0,0,,,
000192,s2,0.995,0,0,,,
000192,det5,4.376,1,0,2024,06,02
000192,rot90,2.300,0,0,,,
000192,rot270,1.779,0,0,,,
000192,rot180,3.666,0,0,,,
000192,clahe,4.315,1,0,2040,12,08
000192,hires,6.380,0,0,,,
000192,up2x,6.526,1,1,2026,06,24
000192,erode5,1.081,1,0,NONE,05,24
000192,erode3,2.667,1,0,NONE,06,06
000198,s1,5.964,0,0,,,
000198,s2,3.040,0,0,,,
000198,det5,15.874,0,0,,,
000198,rot90,13.274,0,0,,,
000198,rot270,14.223,0,0,,,
000198,rot180,15.125,0,0,,,
000198,clahe,21.660,0,0,,,
000198,hires,31.233,0,0,,,
000198,up2x,22.118,0,0,,,
000198,erode5,2.420,1,1,2026,05,08
000198,erode3,5.894,1,1,2026,05,08
000200,s1,6.205,0,0,,,
000200,s2,6.691,0,0,,,
000200,det5,17.332,0,0,,,
000200,rot90,9.982,0,0,,,
000200,rot270,11.130,0,0,,,
000200,rot180,16.378,0,0,,,
000200,clahe,12.539,0,0,,,
000200,hires,14.362,0,0,,,
000200,up2x,15.069,0,0,,,
000200,erode5,2.091,0,0,,,
000200,erode3,6.306,1,1,2027,07,14
000203,s1,5.368,0,0,,,
000203,s2,0.198,0,0,,,
000203,det5,6.621,0,0,,,
000203,rot90,1.554,0,0,,,
000203,rot270,1.678,0,0,,,
000203,rot180,4.052,0,0,,,
000203,clahe,5.134,1,1,2026,07,01
000203,hires,7.556,0,0,,,
000203,up2x,6.661,0,0,,,
000203,erode5,1.546,1,1,2026,07,01
000203,erode3,3.197,1,1,2026,07,01
000209,s1,1.950,0,0,,,
000209,s2,1.225,0,0,,,
000209,det5,5.373,0,0,,,
000209,rot90,2.933,0,0,,,
000209,rot270,3.206,0,0,,,
000209,rot180,3.289,0,0,,,
000209,clahe,5.260,1,0,2027,08,11
000209,hires,6.534,0,0,,,
000209,up2x,11.989,0,0,,,
000209,erode5,8.346,1,1,2027,06,11
000209,erode3,19.007,1,1,2027,06,11
000210,s1,10.643,0,0,,,
000210,s2,5.729,0,0,,,
000210,det5,15.954,0,0,,,
000210,rot90,9.572,0,0,,,
000210,rot270,10.809,0,0,,,
000210,rot180,10.911,0,0,,,
000210,clahe,19.601,0,0,,,
000210,hires,27.740,0,0,,,
000210,up2x,7.995,0,0,,,
000210,erode5,0.704,0,0,,,
000210,erode3,4.628,1,1,2027,05,20
000229,s1,8.326,0,0,,,
000229,s2,0.456,0,0,,,
000229,det5,6.331,0,0,,,
000229,rot90,5.183,0,0,,,
000229,rot270,6.078,0,0,,,
000229,rot180,5.527,0,0,,,
000229,clahe,8.656,1,1,2025,10,28
000229,hires,14.035,1,1,2025,10,28
000229,up2x,11.988,0,0,,,
000229,erode5,7.751,1,1,2025,10,28
000229,erode3,9.157,1,1,2025,10,28
000232,s1,1.414,0,0,,,
000232,s2,0.227,0,0,,,
000232,det5,1.666,0,0,,,
000232,rot90,1.127,0,0,,,
000232,rot270,1.177,0,0,,,
000232,rot180,1.259,0,0,,,
000232,clahe,1.282,0,0,,,
000232,hires,3.198,0,0,,,
000232,up2x,2.860,0,0,,,
000232,erode5,0.906,0,0,,,
000232,erode3,0.934,0,0,,,
000233,s1,1.600,0,0,,,
000233,s2,0.336,0,0,,,
000233,det5,1.829,1,1,2028,01,13
000233,rot90,1.348,0,0,,,
000233,rot270,1.315,0,0,,,
000233,rot180,1.786,0,0,,,
000233,clahe,0.987,0,0,,,
000233,hires,7.647,0,0,,,
000233,up2x,6.944,1,1,2028,01,13
000233,erode5,0.593,0,0,,,
000233,erode3,1.177,0,0,,,
000235,s1,2.591,0,0,,,
000235,s2,0.701,0,0,,,
000235,det5,4.239,1,1,2026,03,08
000235,rot90,3.059,0,0,,,
000235,rot270,2.375,0,0,,,
000235,rot180,3.181,0,0,,,
000235,clahe,4.072,1,1,2026,03,08
000235,hires,6.201,0,0,,,
000235,up2x,5.635,0,0,,,
000235,erode5,3.616,1,1,2026,03,08
000235,erode3,5.226,1,1,2026,03,08
000255,s1,2.282,0,0,,,
000255,s2,0.004,0,0,,,
000255,det5,2.717,0,0,,,
000255,rot90,2.051,0,0,,,
000255,rot270,1.472,0,0,,,
000255,rot180,1.877,0,0,,,
000255,clahe,2.223,0,0,,,
000255,hires,3.890,0,0,,,
000255,up2x,3.615,0,0,,,
000255,erode5,1.625,1,1,2026,08,20
000255,erode3,2.412,1,1,2026,08,20
000263,s1,1.185,0,0,,,
000263,s2,0.182,0,0,,,
000263,det5,1.687,0,0,,,
000263,rot90,1.452,0,0,,,
000263,rot270,2.955,0,0,,,
000263,rot180,4.930,0,0,,,
000263,clahe,2.765,0,0,,,
000263,hires,10.013,0,0,,,
000263,up2x,9.630,0,0,,,
000263,erode5,2.779,0,0,,,
000263,erode3,5.268,1,1,2028,01,22
000287,s1,12.189,0,0,,,
000287,s2,9.194,0,0,,,
000287,det5,29.014,1,1,2027,02,18
000287,rot90,27.165,1,1,2027,02,18
000287,rot270,22.002,0,0,,,
000287,rot180,28.901,0,0,,,
000287,clahe,29.019,1,1,2027,02,18
000287,hires,38.049,1,1,2027,02,18
000287,up2x,39.067,1,0,2018,02,02
000287,erode5,3.316,1,1,2027,02,18
000287,erode3,22.800,1,1,2027,02,18
000289,s1,2.885,0,0,,,
000289,s2,0.000,0,0,,,
000289,det5,5.105,1,1,2030,07,23
000289,rot90,3.573,0,0,,,
000289,rot270,3.698,0,0,,,
000289,rot180,3.637,0,0,,,
000289,clahe,4.044,1,1,2030,07,23
000289,hires,9.120,0,0,,,
000289,up2x,9.407,0,0,,,
000289,erode5,4.268,1,1,2030,07,23
000289,erode3,4.142,1,1,2030,07,23
000305,s1,8.753,0,0,,,
000305,s2,0.358,0,0,,,
000305,det5,12.396,0,0,,,
000305,rot90,6.101,0,0,,,
000305,rot270,5.782,0,0,,,
000305,rot180,8.290,0,0,,,
000305,clahe,13.720,0,0,,,
000305,hires,19.671,0,0,,,
000305,up2x,18.688,0,0,,,
000305,erode5,3.410,1,1,2026,02,24
000305,erode3,8.797,1,1,2026,02,24
000309,s1,3.381,0,0,,,
000309,s2,2.694,0,0,,,
000309,det5,7.196,0,0,,,
000309,rot90,4.986,0,0,,,
000309,rot270,4.539,0,0,,,
000309,rot180,4.879,0,0,,,
000309,clahe,7.434,1,1,2027,04,01
000309,hires,9.238,0,0,,,
000309,up2x,8.869,0,0,,,
000309,erode5,0.941,1,1,2027,04,01
000309,erode3,8.951,1,1,2027,04,01
000313,s1,1.606,0,0,,,
000313,s2,0.172,0,0,,,
000313,det5,2.935,1,1,2026,03,17
000313,rot90,2.220,1,1,2026,03,17
000313,rot270,1.863,0,0,,,
000313,rot180,2.302,0,0,,,
000313,clahe,2.364,1,1,2026,03,17
000313,hires,4.189,1,1,2026,03,17
000313,up2x,3.723,1,0,2025,03,17
000313,erode5,2.163,1,1,2026,03,17
000313,erode3,2.812,1,1,2026,03,17
000355,s1,1.181,0,0,,,
000355,s2,0.002,0,0,,,
000355,det5,1.570,1,1,2028,06,17
000355,rot90,0.755,0,0,,,
000355,rot270,0.613,0,0,,,
000355,rot180,0.961,0,0,,,
000355,clahe,1.014,0,0,,,
000355,hires,2.628,1,1,2028,06,17
000355,up2x,2.840,0,0,,,
000355,erode5,1.121,1,1,2028,06,17
000355,erode3,1.036,1,1,2028,06,17
000359,s1,1.009,0,0,,,
000359,s2,0.001,0,0,,,
000359,det5,1.604,1,1,2026,06,16
000359,rot90,0.812,0,0,,,
000359,rot270,1.209,0,0,,,
000359,rot180,1.486,0,0,,,
000359,clahe,1.169,1,1,2026,06,16
000359,hires,3.246,1,1,2026,06,16
000359,up2x,3.479,1,1,2026,06,16
000359,erode5,1.515,1,1,2026,06,16
000359,erode3,1.388,1,1,2026,06,16
000360,s1,2.349,0,0,,,
000360,s2,0.143,0,0,,,
000360,det5,4.052,0,0,,,
000360,rot90,1.923,0,0,,,
000360,rot270,1.529,0,0,,,
000360,rot180,2.203,0,0,,,
000360,clahe,3.499,0,0,,,
000360,hires,5.400,0,0,,,
000360,up2x,5.804,0,0,,,
000360,erode5,1.185,0,0,,,
000360,erode3,2.933,1,0,2026,02,13
000361,s1,2.302,0,0,,,
000361,s2,0.034,0,0,,,
000361,det5,2.801,0,0,,,
000361,rot90,2.564,0,0,,,
000361,rot270,1.923,0,0,,,
000361,rot180,2.143,0,0,,,
000361,clahe,2.099,0,0,,,
000361,hires,4.670,0,0,,,
000361,up2x,4.667,0,0,,,
000361,erode5,1.115,1,1,2026,12,19
000361,erode3,2.837,1,1,2026,12,19
000364,s1,1.695,0,0,,,
000364,s2,0.260,0,0,,,
000364,det5,2.693,1,1,2026,06,04
000364,rot90,1.880,1,0,NONE,06,04
000364,rot270,1.772,0,0,,,
000364,rot180,2.458,0,0,,,
000364,clahe,2.082,1,1,2026,06,04
000364,hires,5.058,1,1,2026,06,04
000364,up2x,4.003,1,1,2026,06,04
000364,erode5,1.570,1,1,2026,06,04
000364,erode3,2.118,1,1,2026,06,04
000368,s1,3.680,0,0,,,
000368,s2,1.219,0,0,,,
000368,det5,4.970,1,0,NONE,09,22
000368,rot90,4.243,1,0,2028,04,NONE
000368,rot270,4.396,0,0,,,
000368,rot180,4.006,0,0,,,
000368,clahe,4.707,0,0,,,
000368,hires,6.894,0,0,,,
000368,up2x,8.213,0,0,,,
000368,erode5,0.706,1,1,2026,09,22
000368,erode3,5.618,1,1,2026,09,22
000370,s1,3.567,0,0,,,
000370,s2,0.340,0,0,,,
000370,det5,6.129,0,0,,,
000370,rot90,4.041,0,0,,,
000370,rot270,4.990,0,0,,,
000370,rot180,4.571,0,0,,,
000370,clahe,5.350,1,1,2026,09,02
000370,hires,7.595,0,0,,,
000370,up2x,8.315,0,0,,,
000370,erode5,0.578,0,0,,,
000370,erode3,1.243,1,1,2026,09,02
000381,s1,1.114,0,0,,,
000381,s2,0.001,0,0,,,
000381,det5,2.035,1,1,2027,01,20
000381,rot90,0.777,0,0,,,
000381,rot270,0.930,0,0,,,
000381,rot180,1.184,1,0,2030,02,10
000381,clahe,1.079,1,1,2027,01,20
000381,hires,3.151,1,1,2027,01,20
000381,up2x,2.850,1,1,2027,01,20
000381,erode5,1.014,1,1,2027,01,20
000381,erode3,1.189,1,1,2027,01,20
000394,s1,5.219,0,0,,,
000394,s2,1.191,0,0,,,
000394,det5,7.230,1,0,2026,04,14
000394,rot90,3.031,0,0,,,
000394,rot270,2.911,0,0,,,
000394,rot180,6.217,0,0,,,
000394,clahe,6.748,1,0,2026,04,14
000394,hires,9.740,1,0,2030,02,23
000394,up2x,8.651,1,0,2026,04,14
000394,erode5,1.744,1,0,2026,04,14
000394,erode3,7.927,1,0,2026,04,14
000395,s1,1.185,0,0,,,
000395,s2,0.076,0,0,,,
000395,det5,1.907,0,0,,,
000395,rot90,1.027,0,0,,,
000395,rot270,1.144,0,0,,,
000395,rot180,1.084,0,0,,,
000395,clahe,0.998,0,0,,,
000395,hires,3.671,1,1,2026,03,15
000395,up2x,3.488,1,1,2026,03,15
000395,erode5,1.828,1,1,2026,03,15
000395,erode3,2.081,1,1,2026,03,15
000403,s1,0.859,0,0,,,
000403,s2,0.016,0,0,,,
000403,det5,1.249,0,0,,,
000403,rot90,0.561,0,0,,,
000403,rot270,0.578,0,0,,,
000403,rot180,0.566,0,0,,,
000403,clahe,0.531,0,0,,,
000403,hires,2.566,0,0,,,
000403,up2x,2.629,1,1,2027,04,01
000403,erode5,0.898,1,1,2027,04,01
000403,erode3,0.843,1,1,2027,04,01
000415,s1,1.129,0,0,,,
000415,s2,0.335,0,0,,,
000415,det5,1.875,0,0,,,
000415,rot90,1.286,0,0,,,
000415,rot270,1.137,0,0,,,
000415,rot180,1.285,0,0,,,
000415,clahe,1.962,0,0,,,
000415,hires,4.487,0,0,,,
000415,up2x,3.289,0,0,,,
000415,erode5,1.009,0,0,,,
000415,erode3,2.526,0,0,,,
000416,s1,1.054,0,0,,,
000416,s2,0.029,0,0,,,
000416,det5,1.417,0,0,,,
000416,rot90,1.141,1,1,2026,04,07
000416,rot270,0.929,0,0,,,
000416,rot180,1.041,0,0,,,
000416,clahe,1.301,1,0,2028,04,02
000416,hires,2.988,1,1,2026,04,07
000416,up2x,2.730,1,1,2026,04,07
000416,erode5,1.092,0,0,,,
000416,erode3,1.543,1,1,2026,04,07
000429,s1,2.045,0,0,,,
000429,s2,2.426,0,0,,,
000429,det5,4.756,0,0,,,
000429,rot90,3.094,0,0,,,
000429,rot270,2.585,0,0,,,
000429,rot180,4.402,0,0,,,
000429,clahe,6.431,1,1,2026,01,04
000429,hires,10.216,1,1,2026,01,04
000429,up2x,8.197,1,1,2026,01,04
000429,erode5,1.677,1,0,2025,01,04
000429,erode3,10.727,1,1,2026,01,04
000437,s1,1.369,0,0,,,
000437,s2,0.028,0,0,,,
000437,det5,1.330,0,0,,,
000437,rot90,1.131,0,0,,,
000437,rot270,0.692,0,0,,,
000437,rot180,1.129,1,0,2030,05,02
000437,clahe,1.297,1,1,2025,11,19
000437,hires,3.705,1,1,2025,11,19
000437,up2x,2.922,0,0,,,
000437,erode5,0.836,0,0,,,
000437,erode3,1.966,0,0,,,
000438,s1,1.629,0,0,,,
000438,s2,0.002,0,0,,,
000438,det5,1.939,0,0,,,
000438,rot90,0.525,0,0,,,
000438,rot270,0.579,0,0,,,
000438,rot180,1.811,0,0,,,
000438,clahe,1.210,0,0,,,
000438,hires,4.115,1,1,2026,02,19
000438,up2x,3.353,1,1,2026,02,19
000438,erode5,0.616,0,0,,,
000438,erode3,0.873,0,0,,,
000440,s1,1.322,0,0,,,
000440,s2,0.004,0,0,,,
000440,det5,1.922,0,0,,,
000440,rot90,1.254,0,0,,,
000440,rot270,1.156,0,0,,,
000440,rot180,1.617,0,0,,,
000440,clahe,1.489,0,0,,,
000440,hires,4.000,0,0,,,
000440,up2x,3.240,0,0,,,
000440,erode5,0.646,0,0,,,
000440,erode3,0.822,0,0,,,
000452,s1,1.481,0,0,,,
000452,s2,0.373,0,0,,,
000452,det5,2.180,0,0,,,
000452,rot90,1.387,0,0,,,
000452,rot270,2.003,0,0,,,
000452,rot180,1.480,0,0,,,
000452,clahe,1.501,0,0,,,
000452,hires,4.029,1,1,2026,03,25
000452,up2x,3.091,0,0,,,
000452,erode5,0.614,0,0,,,
000452,erode3,1.441,0,0,,,
000473,s1,1.232,0,0,,,
000473,s2,0.904,0,0,,,
000473,det5,2.260,0,0,,,
000473,rot90,0.962,0,0,,,
000473,rot270,1.031,0,0,,,
000473,rot180,2.020,0,0,,,
000473,clahe,0.956,0,0,,,
000473,hires,5.047,1,0,2026,03,01
000473,up2x,5.803,1,0,2026,03,01
000473,erode5,0.728,0,0,,,
000473,erode3,0.901,0,0,,,
000474,s1,1.500,0,0,,,
000474,s2,0.028,0,0,,,
000474,det5,2.043,0,0,,,
000474,rot90,0.688,1,1,2026,06,26
000474,rot270,0.868,0,0,,,
000474,rot180,2.289,0,0,,,
000474,clahe,1.987,1,1,2026,06,26
000474,hires,4.396,1,0,2026,06,25
000474,up2x,3.491,1,0,2025,06,16
000474,erode5,0.698,1,0,2026,06,25
000474,erode3,0.753,1,1,2026,06,26
000475,s1,1.440,0,0,,,
000475,s2,0.003,0,0,,,
000475,det5,2.083,1,0,2030,07,26
000475,rot90,1.354,1,0,2025,11,22
000475,rot270,1.025,0,0,,,
000475,rot180,1.513,0,0,,,
000475,clahe,1.569,0,0,,,
000475,hires,3.419,1,0,2030,07,26
000475,up2x,3.373,1,0,2030,07,26
000475,erode5,1.461,1,0,2030,07,26
000475,erode3,1.758,1,0,2030,07,26
000478,s1,0.846,0,0,,,
000478,s2,0.092,0,0,,,
000478,det5,1.175,0,0,,,
000478,rot90,0.752,0,0,,,
000478,rot270,0.755,0,0,,,
000478,rot180,0.832,0,0,,,
000478,clahe,0.893,1,1,2026,06,11
000478,hires,3.049,1,1,2026,06,11
000478,up2x,2.474,1,1,2026,06,11
000478,erode5,0.689,1,1,2026,06,11
000478,erode3,0.789,1,1,2026,06,11
000482,s1,1.399,0,0,,,
000482,s2,0.115,0,0,,,
000482,det5,3.470,0,0,,,
000482,rot90,1.239,0,0,,,
000482,rot270,0.747,0,0,,,
000482,rot180,0.903,0,0,,,
000482,clahe,0.782,0,0,,,
000482,hires,8.044,0,0,,,
000482,up2x,5.218,0,0,,,
000482,erode5,1.089,0,0,,,
000482,erode3,1.364,0,0,,,
000486,s1,1.407,0,0,,,
000486,s2,0.001,0,0,,,
000486,det5,1.517,0,0,,,
000486,rot90,1.375,0,0,,,
000486,rot270,1.524,0,0,,,
000486,rot180,1.102,0,0,,,
000486,clahe,0.846,0,0,,,
000486,hires,3.664,0,0,,,
000486,up2x,2.938,0,0,,,
000486,erode5,0.552,0,0,,,
000486,erode3,0.829,0,0,,,
000494,s1,1.384,0,0,,,
000494,s2,0.565,0,0,,,
000494,det5,2.910,1,0,2025,06,13
000494,rot90,1.829,0,0,,,
000494,rot270,1.145,0,0,,,
000494,rot180,1.785,0,0,,,
000494,clahe,2.278,1,1,2025,12,12
000494,hires,5.417,1,1,2025,12,12
000494,up2x,5.551,1,1,2025,12,12
000494,erode5,1.326,0,0,,,
000494,erode3,3.085,1,1,2025,12,12
000498,s1,1.194,0,0,,,
000498,s2,0.039,0,0,,,
000498,det5,1.899,1,1,2026,03,07
000498,rot90,1.088,1,1,2026,03,07
000498,rot270,0.964,0,0,,,
000498,rot180,1.515,0,0,,,
000498,clahe,0.990,1,1,2026,03,07
000498,hires,3.466,1,1,2026,03,07
000498,up2x,3.294,1,1,2026,03,07
000498,erode5,1.106,1,1,2026,03,07
000498,erode3,0.758,1,1,2026,03,07
000513,s1,0.941,0,0,,,
000513,s2,0.065,0,0,,,
000513,det5,1.921,1,1,2026,09,03
000513,rot90,0.967,0,0,,,
000513,rot270,0.780,0,0,,,
000513,rot180,1.493,0,0,,,
000513,clahe,1.620,1,1,2026,09,03
000513,hires,3.644,1,1,2026,09,03
000513,up2x,2.812,1,1,2026,09,03
000513,erode5,1.261,1,1,2026,09,03
000513,erode3,3.048,1,1,2026,09,03
000515,s1,2.437,0,0,,,
000515,s2,2.247,0,0,,,
000515,det5,5.679,1,1,2026,01,NONE
000515,rot90,4.146,0,0,,,
000515,rot270,2.963,0,0,,,
000515,rot180,4.819,0,0,,,
000515,clahe,5.003,1,1,2026,01,NONE
000515,hires,6.318,0,0,,,
000515,up2x,7.652,0,0,,,
000515,erode5,2.073,1,1,2026,01,NONE
000515,erode3,5.131,1,1,2026,01,NONE
000534,s1,1.291,0,0,,,
000534,s2,0.024,0,0,,,
000534,det5,2.163,0,0,,,
000534,rot90,1.692,0,0,,,
000534,rot270,1.349,0,0,,,
000534,rot180,1.717,0,0,,,
000534,clahe,1.637,0,0,,,
000534,hires,1.722,0,0,,,
000534,up2x,3.023,0,0,,,
000534,erode5,2.724,1,1,2027,01,29
000534,erode3,2.081,1,1,2027,01,29
000537,s1,2.022,0,0,,,
000537,s2,1.896,0,0,,,
000537,det5,4.786,1,1,2026,05,08
000537,rot90,2.564,0,0,,,
000537,rot270,1.599,0,0,,,
000537,rot180,4.150,0,0,,,
000537,clahe,5.625,1,1,2026,05,08
000537,hires,5.998,0,0,,,
000537,up2x,7.816,0,0,,,
000537,erode5,0.627,1,0,2025,05,08
000537,erode3,1.527,1,1,2026,05,08
000539,s1,1.930,0,0,,,
000539,s2,0.646,0,0,,,
000539,det5,4.869,0,0,,,
000539,rot90,2.956,0,0,,,
000539,rot270,2.547,0,0,,,
000539,rot180,3.371,0,0,,,
000539,clahe,4.622,0,0,,,
000539,hires,5.116,1,1,2027,08,11
000539,up2x,6.991,1,0,2027,11,NONE
000539,erode5,0.986,0,0,,,
000539,erode3,5.381,1,1,2027,08,11
000543,s1,2.357,0,0,,,
000543,s2,0.300,0,0,,,
000543,det5,3.861,0,0,,,
000543,rot90,2.847,0,0,,,
000543,rot270,1.795,0,0,,,
000543,rot180,2.767,0,0,,,
000543,clahe,3.805,1,0,2020,09,01
000543,hires,4.161,0,0,,,
000543,up2x,5.664,0,0,,,
000543,erode5,2.339,1,1,2026,06,23
000543,erode3,4.507,1,1,2026,06,23
000544,s1,0.871,0,0,,,
000544,s2,0.001,0,0,,,
000544,det5,1.520,0,0,,,
000544,rot90,0.828,0,0,,,
000544,rot270,0.869,0,0,,,
000544,rot180,0.988,0,0,,,
000544,clahe,0.853,0,0,,,
000544,hires,1.757,0,0,,,
000544,up2x,2.615,0,0,,,
000544,erode5,2.609,1,0,2029,06,02
000544,erode3,1.576,1,1,2029,06,25
000553,s1,2.459,0,0,,,
000553,s2,1.109,0,0,,,
000553,det5,5.064,1,1,2028,10,24
000553,rot90,3.132,0,0,,,
000553,rot270,2.512,0,0,,,
000553,rot180,4.544,0,0,,,
000553,clahe,5.235,1,1,2028,10,24
000553,hires,5.277,1,1,2028,10,24
000553,up2x,6.794,0,0,,,
000553,erode5,1.751,1,0,2022,10,24
000553,erode3,4.437,1,0,2020,10,24
000573,s1,1.902,0,0,,,
000573,s2,0.046,0,0,,,
000573,det5,2.489,0,0,,,
000573,rot90,1.484,0,0,,,
000573,rot270,1.815,0,0,,,
000573,rot180,1.759,0,0,,,
000573,clahe,1.679,0,0,,,
000573,hires,2.635,0,0,,,
000573,up2x,3.758,0,0,,,
000573,erode5,1.615,0,0,,,
000573,erode3,3.173,0,0,,,
000575,s1,1.271,0,0,,,
000575,s2,0.003,0,0,,,
000575,det5,1.528,0,0,,,
000575,rot90,0.679,0,0,,,
000575,rot270,0.653,0,0,,,
000575,rot180,1.089,0,0,,,
000575,clahe,1.238,0,0,,,
000575,hires,1.720,0,0,,,
000575,up2x,2.680,1,1,NONE,10,14
000575,erode5,1.317,1,1,NONE,10,14
000575,erode3,1.050,0,0,,,
000583,s1,1.737,0,0,,,
000583,s2,0.032,0,0,,,
000583,det5,2.755,0,0,,,
000583,rot90,0.879,0,0,,,
000583,rot270,0.952,0,0,,,
000583,rot180,1.900,0,0,,,
000583,clahe,2.323,0,0,,,
000583,hires,2.739,0,0,,,
000583,up2x,3.513,1,0,2035,11,23
000583,erode5,2.215,1,1,2025,11,23
000583,erode3,2.395,0,0,,,
000585,s1,5.801,0,0,,,
000585,s2,3.004,0,0,,,
000585,det5,10.737,1,1,2026,05,16
000585,rot90,7.827,1,1,2026,05,16
000585,rot270,8.176,0,0,,,
000585,rot180,9.250,1,0,2015,07,31
000585,clahe,9.969,1,1,2026,05,16
000585,hires,10.614,1,1,2026,05,16
000585,up2x,12.639,1,1,2026,05,16
000585,erode5,1.498,1,1,2026,05,16
000585,erode3,15.717,1,1,2026,05,16
000586,s1,0.679,0,0,,,
000586,s2,0.135,0,0,,,
000586,det5,1.539,0,0,,,
000586,rot90,0.577,0,0,,,
000586,rot270,0.532,0,0,,,
000586,rot180,0.535,0,0,,,
000586,clahe,1.451,1,1,2026,03,14
000586,hires,2.077,1,0,2026,09,14
000586,up2x,2.143,0,0,,,
000586,erode5,1.278,1,1,2026,03,14
000586,erode3,1.069,1,0,2026,03,10
000593,s1,1.915,0,0,,,
000593,s2,0.001,0,0,,,
000593,det5,2.320,0,0,,,
000593,rot90,0.975,0,0,,,
000593,rot270,1.038,0,0,,,
000593,rot180,0.990,0,0,,,
000593,clahe,1.922,0,0,,,
000593,hires,1.939,0,0,,,
000593,up2x,2.873,0,0,,,
000593,erode5,1.504,1,1,2026,07,22
000593,erode3,1.642,1,1,2026,07,22
000605,s1,1.050,0,0,,,
000605,s2,1.444,0,0,,,
000605,det5,4.185,1,1,2028,07,01
000605,rot90,2.899,1,1,2028,07,01
000605,rot270,2.787,0,0,,,
000605,rot180,4.056,0,0,,,
000605,clahe,3.755,1,1,2028,07,01
000605,hires,3.850,1,1,2028,07,01
000605,up2x,4.244,1,1,2028,07,01
000605,erode5,1.214,1,1,2028,07,01
000605,erode3,3.950,1,1,2028,07,01
000606,s1,2.118,0,0,,,
000606,s2,0.341,0,0,,,
000606,det5,3.236,0,0,,,
000606,rot90,2.607,1,1,2026,10,01
000606,rot270,3.285,0,0,,,
000606,rot180,3.365,0,0,,,
000606,clahe,3.602,1,1,2026,10,01
000606,hires,3.695,1,1,2026,10,01
000606,up2x,4.058,0,0,,,
000606,erode5,3.400,1,1,2026,10,01
000606,erode3,3.145,0,0,,,
000608,s1,1.080,0,0,,,
000608,s2,0.125,0,0,,,
000608,det5,2.687,1,1,2026,08,13
000608,rot90,1.040,0,0,,,
000608,rot270,0.992,0,0,,,
000608,rot180,1.726,0,0,,,
000608,clahe,2.041,1,1,2026,08,13
000608,hires,2.111,1,1,2026,08,13
000608,up2x,2.449,0,0,,,
000608,erode5,1.453,1,1,2026,08,13
000608,erode3,1.752,1,1,2026,08,13
000617,s1,1.882,0,0,,,
000617,s2,0.290,0,0,,,
000617,det5,2.978,1,1,2026,07,11
000617,rot90,1.843,0,0,,,
000617,rot270,1.878,0,0,,,
000617,rot180,2.540,0,0,,,
000617,clahe,2.484,1,1,2026,07,11
000617,hires,1.955,1,1,2026,07,11
000617,up2x,2.454,0,0,,,
000617,erode5,1.826,1,1,2026,07,11
000617,erode3,3.486,1,1,2026,07,11
000623,s1,1.273,0,0,,,
000623,s2,0.003,0,0,,,
000623,det5,2.687,1,1,2027,03,10
000623,rot90,1.128,0,0,,,
000623,rot270,1.049,0,0,,,
000623,rot180,1.134,0,0,,,
000623,clahe,2.260,1,1,2027,03,10
000623,hires,2.266,1,1,2027,03,10
000623,up2x,2.340,0,0,,,
000623,erode5,1.904,1,1,2027,03,10
000623,erode3,2.445,1,1,2027,03,10
000627,s1,1.155,0,0,,,
000627,s2,0.002,0,0,,,
000627,det5,1.755,0,0,,,
000627,rot90,1.242,0,0,,,
000627,rot270,0.928,0,0,,,
000627,rot180,0.985,0,0,,,
000627,clahe,1.038,0,0,,,
000627,hires,3.247,0,0,,,
000627,up2x,3.009,0,0,,,
000627,erode5,1.275,1,0,2022,01,08
000627,erode3,2.117,0,0,,,
000628,s1,0.857,0,0,,,
000628,s2,0.001,0,0,,,
000628,det5,1.247,1,1,2025,02,03
000628,rot90,0.612,1,1,2025,02,03
000628,rot270,0.590,0,0,,,
000628,rot180,0.635,0,0,,,
000628,clahe,0.643,1,1,2025,02,03
000628,hires,2.354,1,0,2025,02,08
000628,up2x,2.563,1,1,2025,02,03
000628,erode5,0.636,1,1,2025,02,03
000628,erode3,0.663,1,1,2025,02,03
000629,s1,1.829,0,0,,,
000629,s2,0.002,0,0,,,
000629,det5,2.026,0,0,,,
000629,rot90,0.789,0,0,,,
000629,rot270,0.708,0,0,,,
000629,rot180,1.370,0,0,,,
000629,clahe,1.789,1,1,2025,09,22
000629,hires,3.790,1,1,2025,09,22
000629,up2x,3.194,1,1,2025,09,22
000629,erode5,0.654,0,0,,,
000629,erode3,1.574,0,0,,,
000642,s1,2.942,0,0,,,
000642,s2,0.007,0,0,,,
000642,det5,3.303,1,0,2025,03,01
000642,rot90,1.986,0,0,,,
000642,rot270,2.045,0,0,,,
000642,rot180,1.694,0,0,,,
000642,clahe,3.073,1,1,2026,09,01
000642,hires,4.145,1,0,2025,03,01
000642,up2x,3.467,1,0,2025,03,01
000642,erode5,1.909,1,0,2025,03,01
000642,erode3,2.443,1,0,2025,03,01
000648,s1,2.123,0,0,,,
000648,s2,0.038,0,0,,,
000648,det5,3.147,0,0,,,
000648,rot90,2.590,0,0,,,
000648,rot270,2.846,0,0,,,
000648,rot180,2.314,0,0,,,
000648,clahe,2.417,0,0,,,
000648,hires,3.874,0,0,,,
000648,up2x,3.882,0,0,,,
000648,erode5,1.260,1,1,2026,08,25
000648,erode3,1.905,0,0,,,
000649,s1,2.671,0,0,,,
000649,s2,0.236,0,0,,,
000649,det5,4.285,0,0,,,
000649,rot90,2.948,0,0,,,
000649,rot270,2.679,0,0,,,
000649,rot180,3.130,0,0,,,
000649,clahe,3.863,1,0,2027,01,07
000649,hires,5.468,1,1,2027,04,07
000649,up2x,4.357,0,0,,,
000649,erode5,2.338,1,1,2027,04,07
000649,erode3,6.158,1,1,2027,04,07
000651,s1,1.306,0,0,,,
000651,s2,0.002,0,0,,,
000651,det5,2.307,1,1,2026,06,25
000651,rot90,1.584,1,1,2026,06,25
000651,rot270,1.638,0,0,,,
000651,rot180,1.596,0,0,,,
000651,clahe,1.874,1,1,2026,06,25
000651,hires,2.829,1,1,2026,06,25
000651,up2x,2.295,1,1,2026,06,25
000651,erode5,1.632,1,1,2026,06,25
000651,erode3,1.401,1,1,2026,06,25
000666,s1,1.319,0,0,,,
000666,s2,0.002,0,0,,,
000666,det5,2.637,1,0,2025,08,01
000666,rot90,0.777,0,0,,,
000666,rot270,1.263,0,0,,,
000666,rot180,1.514,0,0,,,
000666,clahe,1.119,0,0,,,
000666,hires,2.308,0,0,,,
000666,up2x,2.589,0,0,,,
000666,erode5,1.583,0,0,,,
000666,erode3,1.754,0,0,,,
000670,s1,0.988,0,0,,,
000670,s2,0.001,0,0,,,
000670,det5,1.560,0,0,,,
000670,rot90,0.827,0,0,,,
000670,rot270,0.863,0,0,,,
000670,rot180,0.867,0,0,,,
000670,clahe,1.354,0,0,,,
000670,hires,1.860,1,0,2024,12,09
000670,up2x,1.783,0,0,,,
000670,erode5,1.626,1,1,2026,06,24
000670,erode3,1.527,1,1,2026,06,24
000673,s1,2.202,0,0,,,
000673,s2,0.758,0,0,,,
000673,det5,3.734,0,0,,,
000673,rot90,2.538,0,0,,,
000673,rot270,2.046,0,0,,,
000673,rot180,3.318,0,0,,,
000673,clahe,3.838,0,0,,,
000673,hires,4.426,0,0,,,
000673,up2x,3.785,0,0,,,
000673,erode5,3.369,1,1,2026,06,02
000673,erode3,4.547,0,0,,,
000694,s1,2.558,0,0,,,
000694,s2,0.043,0,0,,,
000694,det5,4.682,0,0,,,
000694,rot90,5.069,0,0,,,
000694,rot270,3.984,0,0,,,
000694,rot180,3.239,0,0,,,
000694,clahe,3.403,0,0,,,
000694,hires,4.906,0,0,,,
000694,up2x,5.872,0,0,,,
000694,erode5,1.704,1,1,2026,09,01
000694,erode3,3.028,0,0,,,
000695,s1,1.064,0,0,,,
000695,s2,0.002,0,0,,,
000695,det5,1.773,0,0,,,
000695,rot90,0.726,0,0,,,
000695,rot270,0.732,0,0,,,
000695,rot180,1.348,0,0,,,
000695,clahe,1.303,1,1,2027,09,09
000695,hires,2.095,1,0,2027,09,03
000695,up2x,1.939,0,0,,,
000695,erode5,1.479,1,1,2027,09,09
000695,erode3,1.510,1,1,2027,09,09
000699,s1,1.444,0,0,,,
000699,s2,0.002,0,0,,,
000699,det5,2.129,0,0,,,
000699,rot90,1.496,0,0,,,
000699,rot270,1.457,0,0,,,
000699,rot180,1.679,0,0,,,
000699,clahe,1.562,0,0,,,
000699,hires,2.308,0,0,,,
000699,up2x,2.462,0,0,,,
000699,erode5,2.256,0,0,,,
000699,erode3,2.374,0,0,,,
000715,s1,2.216,0,0,,,
000715,s2,0.004,0,0,,,
000715,det5,2.989,1,1,2026,06,26
000715,rot90,2.155,0,0,,,
000715,rot270,1.919,0,0,,,
000715,rot180,1.943,0,0,,,
000715,clahe,2.518,1,1,2026,06,26
000715,hires,3.839,1,1,2026,06,26
000715,up2x,3.292,0,0,,,
000715,erode5,0.921,1,1,2026,06,26
000715,erode3,4.880,1,1,2026,06,26
000717,s1,0.967,0,0,,,
000717,s2,0.001,0,0,,,
000717,det5,1.809,1,1,2025,10,12
000717,rot90,0.878,0,0,,,
000717,rot270,0.742,0,0,,,
000717,rot180,0.971,0,0,,,
000717,clahe,0.814,0,0,,,
000717,hires,1.954,0,0,,,
000717,up2x,1.812,0,0,,,
000717,erode5,1.184,1,1,2025,10,12
000717,erode3,1.106,1,1,2025,10,12
000722,s1,0.828,0,0,,,
000722,s2,0.000,0,0,,,
000722,det5,1.615,1,0,2026,08,01
000722,rot90,0.779,0,0,,,
000722,rot270,0.767,0,0,,,
000722,rot180,0.788,0,0,,,
000722,clahe,0.761,1,1,2026,08,04
000722,hires,1.713,1,0,2020,08,04
000722,up2x,1.589,1,1,2026,08,04
000722,erode5,0.987,1,1,2026,08,04
000722,erode3,1.080,1,0,2026,08,10
000723,s1,0.855,0,0,,,
000723,s2,0.001,0,0,,,
000723,det5,1.721,0,0,,,
000723,rot90,0.682,0,0,,,
000723,rot270,0.692,0,0,,,
000723,rot180,1.035,0,0,,,
000723,clahe,0.977,0,0,,,
000723,hires,1.831,0,0,,,
000723,up2x,1.837,0,0,,,
000723,erode5,0.796,0,0,,,
000723,erode3,0.861,0,0,,,
000726,s1,0.935,0,0,,,
000726,s2,0.001,0,0,,,
000726,det5,2.092,1,1,2026,09,16
000726,rot90,1.250,1,1,2026,09,16
000726,rot270,1.109,0,0,,,
000726,rot180,1.325,0,0,,,
000726,clahe,1.304,1,1,2026,09,16
000726,hires,2.833,1,1,2026,09,16
000726,up2x,2.109,1,1,2026,09,16
000726,erode5,1.247,1,1,2026,09,16
000726,erode3,1.340,1,1,2026,09,16
000727,s1,1.569,0,0,,,
000727,s2,0.005,0,0,,,
000727,det5,2.437,1,1,2026,06,22
000727,rot90,1.591,0,0,,,
000727,rot270,1.315,0,0,,,
000727,rot180,1.843,0,0,,,
000727,clahe,2.385,0,0,,,
000727,hires,2.773,0,0,,,
000727,up2x,2.839,0,0,,,
000727,erode5,1.357,1,0,2026,05,22
000727,erode3,2.046,1,1,2026,06,22
000730,s1,1.415,0,0,,,
000730,s2,0.000,0,0,,,
000730,det5,2.182,1,1,2026,02,26
000730,rot90,0.714,0,0,,,
000730,rot270,0.714,0,0,,,
000730,rot180,0.694,0,0,,,
000730,clahe,1.401,0,0,,,
000730,hires,3.131,1,1,2026,02,26
000730,up2x,3.422,0,0,,,
000730,erode5,0.986,1,1,2026,02,26
000730,erode3,1.178,1,1,2026,02,26
000731,s1,0.895,0,0,,,
000731,s2,0.001,0,0,,,
000731,det5,1.911,1,1,2026,03,08
000731,rot90,0.906,1,0,2016,03,02
000731,rot270,0.703,0,0,,,
000731,rot180,1.020,0,0,,,
000731,clahe,1.104,1,1,2026,03,08
000731,hires,3.161,1,1,2026,03,08
000731,up2x,2.000,1,1,2026,03,08
000731,erode5,1.201,1,1,2026,03,08
000731,erode3,1.274,1,1,2026,03,08
000732,s1,0.983,0,0,,,
000732,s2,0.000,0,0,,,
000732,det5,1.980,1,0,2025,03,15
000732,rot90,0.775,0,0,,,
000732,rot270,0.671,0,0,,,
000732,rot180,1.390,0,0,,,
000732,clahe,1.357,1,1,2026,03,16
000732,hires,1.804,1,0,2025,03,15
000732,up2x,1.600,0,0,,,
000732,erode5,1.473,1,1,2026,03,16
000732,erode3,1.558,1,0,2028,03,15
000749,s1,1.336,0,0,,,
000749,s2,0.091,0,0,,,
000749,det5,1.688,0,0,,,
000749,rot90,1.640,0,0,,,
000749,rot270,1.745,0,0,,,
000749,rot180,1.816,0,0,,,
000749,clahe,1.939,0,0,,,
000749,hires,3.233,0,0,,,
000749,up2x,2.747,0,0,,,
000749,erode5,1.615,1,1,2026,01,21
000749,erode3,1.543,1,1,2026,01,21
000753,s1,1.681,0,0,,,
000753,s2,0.004,0,0,,,
000753,det5,3.141,0,0,,,
000753,rot90,1.610,0,0,,,
000753,rot270,1.402,0,0,,,
000753,rot180,1.450,0,0,,,
000753,clahe,3.085,0,0,,,
000753,hires,4.253,1,0,2020,01,04
000753,up2x,4.255,0,0,,,
000753,erode5,2.748,1,0,2026,03,01
000753,erode3,6.728,1,1,2026,03,18
000760,s1,1.212,0,0,,,
000760,s2,0.002,0,0,,,
000760,det5,1.750,1,1,NONE,11,20
000760,rot90,0.731,0,0,,,
000760,rot270,0.631,0,0,,,
000760,rot180,1.160,0,0,,,
000760,clahe,0.835,0,0,,,
000760,hires,3.379,0,0,,,
000760,up2x,3.237,0,0,,,
000760,erode5,0.831,1,1,NONE,11,20
000760,erode3,1.209,1,0,NONE,01,20
000761,s1,1.455,0,0,,,
000761,s2,0.002,0,0,,,
000761,det5,1.612,0,0,,,
000761,rot90,0.804,0,0,,,
000761,rot270,0.579,0,0,,,
000761,rot180,1.774,0,0,,,
000761,clahe,1.650,1,1,NONE,11,11
000761,hires,3.572,0,0,,,
000761,up2x,3.524,0,0,,,
000761,erode5,0.946,1,1,NONE,11,11
000761,erode3,0.953,1,1,NONE,11,11
000763,s1,2.238,0,0,,,
000763,s2,0.005,0,0,,,
000763,det5,2.308,0,0,,,
000763,rot90,1.099,0,0,,,
000763,rot270,0.665,0,0,,,
000763,rot180,1.828,0,0,,,
000763,clahe,3.505,1,1,NONE,11,12
000763,hires,3.003,1,1,NONE,11,12
000763,up2x,4.536,0,0,,,
000763,erode5,1.384,1,0,NONE,11,01
000763,erode3,1.824,1,0,NONE,11,01
000764,s1,1.214,0,0,,,
000764,s2,0.002,0,0,,,
000764,det5,1.761,0,0,,,
000764,rot90,0.733,0,0,,,
000764,rot270,0.660,0,0,,,
000764,rot180,1.118,0,0,,,
000764,clahe,1.031,0,0,,,
000764,hires,2.531,0,0,,,
000764,up2x,2.367,0,0,,,
000764,erode5,1.101,0,0,,,
000764,erode3,0.767,1,0,2023,12,NONE
000765,s1,0.813,0,0,,,
000765,s2,0.023,0,0,,,
000765,det5,1.192,0,0,,,
000765,rot90,0.524,0,0,,,
000765,rot270,0.531,0,0,,,
000765,rot180,0.583,0,0,,,
000765,clahe,0.527,0,0,,,
000765,hires,2.110,0,0,,,
000765,up2x,2.212,0,0,,,
000765,erode5,0.617,1,1,2025,11,21
000765,erode3,0.714,1,1,2025,11,21
000767,s1,0.960,0,0,,,
000767,s2,0.000,0,0,,,
000767,det5,1.200,0,0,,,
000767,rot90,0.698,0,0,,,
000767,rot270,0.822,0,0,,,
000767,rot180,0.714,0,0,,,
000767,clahe,0.621,0,0,,,
000767,hires,2.776,0,0,,,
000767,up2x,2.509,1,0,2026,08,01
000767,erode5,1.028,1,0,2023,03,01
000767,erode3,1.036,1,1,2026,03,12
000768,s1,0.829,0,0,,,
000768,s2,0.000,0,0,,,
000768,det5,1.441,1,1,2026,06,26
000768,rot90,0.604,1,1,2026,06,26
000768,rot270,0.563,0,0,,,
000768,rot180,0.603,0,0,,,
000768,clahe,0.622,1,1,2026,06,26
000768,hires,2.544,1,1,2026,06,26
000768,up2x,2.141,1,1,2026,06,26
000768,erode5,0.613,1,0,2025,06,26
000768,erode3,0.601,1,1,2026,06,26
000770,s1,1.006,0,0,,,
000770,s2,0.025,0,0,,,
000770,det5,1.313,0,0,,,
000770,rot90,0.649,0,0,,,
000770,rot270,0.595,0,0,,,
000770,rot180,0.914,0,0,,,
000770,clahe,0.863,0,0,,,
000770,hires,2.764,0,0,,,
000770,up2x,2.315,0,0,,,
000770,erode5,0.509,0,0,,,
000770,erode3,0.593,0,0,,,
000771,s1,1.778,0,0,,,
000771,s2,0.278,0,0,,,
000771,det5,2.508,1,0,2019,11,26
000771,rot90,1.189,1,0,2019,11,26
000771,rot270,0.938,0,0,,,
000771,rot180,2.038,0,0,,,
000771,clahe,2.278,1,0,2018,11,26
000771,hires,5.920,1,0,2019,11,26
000771,up2x,3.545,1,0,2019,11,26
000771,erode5,1.295,1,0,2019,11,25
000771,erode3,2.381,1,0,2036,11,19
000775,s1,1.075,0,0,,,
000775,s2,0.066,0,0,,,
000775,det5,1.724,1,1,2025,12,17
000775,rot90,1.203,0,0,,,
000775,rot270,1.021,0,0,,,
000775,rot180,1.060,0,0,,,
000775,clahe,1.609,1,1,2025,12,17
000775,hires,3.567,1,1,2025,12,17
000775,up2x,2.668,1,1,2025,12,17
000775,erode5,0.609,1,1,2025,12,17
000775,erode3,1.759,1,1,2025,12,17
000778,s1,1.202,0,0,,,
000778,s2,0.037,0,0,,,
000778,det5,1.458,1,1,2026,06,22
000778,rot90,1.203,1,1,2026,06,22
000778,rot270,1.172,0,0,,,
000778,rot180,1.332,0,0,,,
000778,clahe,0.928,1,1,2026,06,22
000778,hires,3.245,1,1,2026,06,22
000778,up2x,3.051,1,1,2026,06,22
000778,erode5,1.212,1,1,2026,06,22
000778,erode3,1.390,1,1,2026,06,22
000784,s1,1.037,0,0,,,
000784,s2,0.001,0,0,,,
000784,det5,1.465,1,0,2031,05,22
000784,rot90,0.830,1,1,2027,05,22
000784,rot270,0.673,0,0,,,
000784,rot180,0.710,0,0,,,
000784,clahe,0.955,1,0,2037,05,22
000784,hires,3.087,1,1,2027,05,22
000784,up2x,2.642,1,0,2037,05,28
000784,erode5,0.922,1,1,2027,05,22
000784,erode3,0.914,1,0,2037,05,22
000785,s1,1.097,0,0,,,
000785,s2,0.001,0,0,,,
000785,det5,1.580,1,1,2026,10,15
000785,rot90,1.306,0,0,,,
000785,rot270,0.802,0,0,,,
000785,rot180,0.772,0,0,,,
000785,clahe,0.875,1,1,2026,10,15
000785,hires,3.202,1,1,2026,10,15
000785,up2x,2.967,1,0,2020,10,15
000785,erode5,1.012,0,0,,,
000785,erode3,1.355,1,1,2026,10,15
000786,s1,1.307,0,0,,,
000786,s2,0.125,0,0,,,
000786,det5,2.683,1,1,NONE,12,17
000786,rot90,1.358,0,0,,,
000786,rot270,1.549,0,0,,,
000786,rot180,1.700,0,0,,,
000786,clahe,2.267,1,1,NONE,12,17
000786,hires,3.503,0,0,,,
000786,up2x,3.642,1,0,NONE,01,01
000786,erode5,2.044,1,1,NONE,12,17
000786,erode3,2.982,1,0,NONE,12,05
000788,s1,1.041,0,0,,,
000788,s2,0.002,0,0,,,
000788,det5,1.448,0,0,,,
000788,rot90,0.525,0,0,,,
000788,rot270,0.579,0,0,,,
000788,rot180,1.189,0,0,,,
000788,clahe,1.659,1,0,NONE,01,21
000788,hires,3.387,0,0,,,
000788,up2x,3.317,0,0,,,
000788,erode5,1.919,1,1,NONE,12,21
000788,erode3,1.119,0,0,,,
000791,s1,1.012,0,0,,,
000791,s2,0.002,0,0,,,
000791,det5,1.479,0,0,,,
000791,rot90,0.794,0,0,,,
000791,rot270,1.138,0,0,,,
000791,rot180,1.046,0,0,,,
000791,clahe,0.640,0,0,,,
000791,hires,2.316,0,0,,,
000791,up2x,2.167,0,0,,,
000791,erode5,0.942,1,1,2026,06,30
000791,erode3,1.015,1,1,2026,06,30
000795,s1,1.012,0,0,,,
000795,s2,0.002,0,0,,,
000795,det5,1.310,0,0,,,
000795,rot90,1.206,0,0,,,
000795,rot270,0.742,0,0,,,
000795,rot180,0.759,0,0,,,
000795,clahe,0.778,0,0,,,
000795,hires,2.722,0,0,,,
000795,up2x,2.323,0,0,,,
000795,erode5,0.718,0,0,,,
000795,erode3,1.182,0,0,,,
000796,s1,0.853,0,0,,,
000796,s2,0.060,0,0,,,
000796,det5,1.350,0,0,,,
000796,rot90,0.571,0,0,,,
000796,rot270,0.896,0,0,,,
000796,rot180,0.750,0,0,,,
000796,clahe,0.659,0,0,,,
000796,hires,2.530,0,0,,,
000796,up2x,2.390,0,0,,,
000796,erode5,0.525,0,0,,,
000796,erode3,0.599,0,0,,,
000804,s1,0.972,0,0,,,
000804,s2,0.001,0,0,,,
000804,det5,1.456,1,1,2027,09,01
000804,rot90,0.722,1,1,2027,09,01
000804,rot270,0.734,1,0,2026,01,20
000804,rot180,1.178,0,0,,,
000804,clahe,0.915,1,1,2027,09,01
000804,hires,2.810,1,1,2027,09,01
000804,up2x,2.473,1,1,2027,09,01
000804,erode5,0.773,1,1,2027,09,01
000804,erode3,0.871,1,1,2027,09,01
000805,s1,3.083,0,0,,,
000805,s2,0.150,0,0,,,
000805,det5,4.049,0,0,,,
000805,rot90,2.663,0,0,,,
000805,rot270,3.219,0,0,,,
000805,rot180,3.423,0,0,,,
000805,clahe,4.569,0,0,,,
000805,hires,6.076,0,0,,,
000805,up2x,5.406,0,0,,,
000805,erode5,1.658,1,1,2027,07,NONE
000805,erode3,4.355,0,0,,,
000808,s1,1.399,0,0,,,
000808,s2,0.003,0,0,,,
000808,det5,1.753,1,1,2026,06,12
000808,rot90,0.730,0,0,,,
000808,rot270,0.715,0,0,,,
000808,rot180,1.322,1,0,2039,09,20
000808,clahe,0.827,1,1,2026,06,12
000808,hires,3.119,0,0,,,
000808,up2x,2.462,0,0,,,
000808,erode5,1.209,1,1,2026,06,12
000808,erode3,1.787,1,1,2026,06,12
000809,s1,1.000,0,0,,,
000809,s2,0.002,0,0,,,
000809,det5,1.663,1,1,2026,08,30
000809,rot90,0.775,0,0,,,
000809,rot270,0.713,0,0,,,
000809,rot180,0.923,0,0,,,
000809,clahe,1.154,1,1,2026,08,30
000809,hires,3.083,0,0,,,
000809,up2x,2.289,0,0,,,
000809,erode5,1.151,1,1,2026,08,30
000809,erode3,1.762,1,1,2026,08,30
000814,s1,1.478,0,0,,,
000814,s2,0.262,0,0,,,
000814,det5,2.343,0,0,,,
000814,rot90,1.458,0,0,,,
000814,rot270,0.946,0,0,,,
000814,rot180,1.974,0,0,,,
000814,clahe,1.285,0,0,,,
000814,hires,3.007,0,0,,,
000814,up2x,3.186,0,0,,,
000814,erode5,2.329,1,1,2026,06,22
000814,erode3,3.059,1,1,2026,06,22
000815,s1,1.054,0,0,,,
000815,s2,0.001,0,0,,,
000815,det5,1.580,0,0,,,
000815,rot90,0.777,0,0,,,
000815,rot270,0.833,0,0,,,
000815,rot180,1.138,0,0,,,
000815,clahe,0.809,0,0,,,
000815,hires,2.774,0,0,,,
000815,up2x,3.022,0,0,,,
000815,erode5,1.646,1,1,2026,06,22
000815,erode3,3.495,1,1,2026,06,22
000816,s1,1.178,0,0,,,
000816,s2,0.120,0,0,,,
000816,det5,1.837,0,0,,,
000816,rot90,0.934,0,0,,,
000816,rot270,0.799,0,0,,,
000816,rot180,0.851,0,0,,,
000816,clahe,0.919,0,0,,,
000816,hires,3.088,0,0,,,
000816,up2x,2.844,0,0,,,
000816,erode5,1.106,1,1,2026,10,09
000816,erode3,1.299,1,1,2026,10,09
000817,s1,1.386,0,0,,,
000817,s2,0.029,0,0,,,
000817,det5,1.795,0,0,,,
000817,rot90,0.849,0,0,,,
000817,rot270,0.941,0,0,,,
000817,rot180,1.319,0,0,,,
000817,clahe,1.123,0,0,,,
000817,hires,2.867,0,0,,,
000817,up2x,3.301,0,0,,,
000817,erode5,1.052,0,0,,,
000817,erode3,1.735,0,0,,,
000818,s1,1.014,0,0,,,
000818,s2,0.000,0,0,,,
000818,det5,1.537,0,0,,,
000818,rot90,0.902,0,0,,,
000818,rot270,0.826,0,0,,,
000818,rot180,1.197,0,0,,,
000818,clahe,0.904,0,0,,,
000818,hires,2.485,0,0,,,
000818,up2x,3.173,0,0,,,
000818,erode5,0.969,0,0,,,
000818,erode3,0.828,1,0,2026,05,12
000820,s1,2.325,0,0,,,
000820,s2,1.335,0,0,,,
000820,det5,5.612,1,1,2026,05,18
000820,rot90,3.200,0,0,,,
000820,rot270,3.313,0,0,,,
000820,rot180,4.819,0,0,,,
000820,clahe,4.665,1,0,2018,05,02
000820,hires,8.051,1,1,2026,05,18
000820,up2x,9.025,1,0,2018,05,20
000820,erode5,1.644,1,1,2026,05,18
000820,erode3,4.842,1,1,2026,05,18
000822,s1,1.329,0,0,,,
000822,s2,0.028,0,0,,,
000822,det5,2.137,1,1,2026,02,02
000822,rot90,1.160,0,0,,,
000822,rot270,0.834,0,0,,,
000822,rot180,1.609,0,0,,,
000822,clahe,0.939,0,0,,,
000822,hires,2.699,0,0,,,
000822,up2x,2.524,0,0,,,
000822,erode5,1.161,1,1,2026,02,02
000822,erode3,1.126,1,1,2026,02,02
000827,s1,1.526,0,0,,,
000827,s2,1.406,0,0,,,
000827,det5,3.546,0,0,,,
000827,rot90,2.776,0,0,,,
000827,rot270,2.901,0,0,,,
000827,rot180,3.452,0,0,,,
000827,clahe,3.819,1,0,2026,08,05
000827,hires,4.936,0,0,,,
000827,up2x,5.086,0,0,,,
000827,erode5,1.120,1,1,2026,08,09
000827,erode3,6.058,1,1,2026,08,09
000828,s1,1.124,0,0,,,
000828,s2,0.019,0,0,,,
000828,det5,1.863,0,0,,,
000828,rot90,0.821,0,0,,,
000828,rot270,0.738,0,0,,,
000828,rot180,1.321,0,0,,,
000828,clahe,1.972,1,1,NONE,12,21
000828,hires,3.456,0,0,,,
000828,up2x,3.309,0,0,,,
000828,erode5,0.630,0,0,,,
000828,erode3,0.857,0,0,,,
000831,s1,1.849,0,0,,,
000831,s2,5.492,0,0,,,
000831,det5,9.215,1,1,2026,07,16
000831,rot90,3.763,0,0,,,
000831,rot270,3.489,0,0,,,
000831,rot180,6.562,1,0,2022,02,20
000831,clahe,9.540,1,0,2025,07,15
000831,hires,13.319,1,0,2029,07,18
000831,up2x,12.399,1,0,2025,07,16
000831,erode5,2.166,1,0,2025,07,16
000831,erode3,2.307,1,1,2026,07,16
000832,s1,1.498,0,0,,,
000832,s2,3.589,0,0,,,
000832,det5,8.998,1,1,2026,07,16
000832,rot90,3.688,1,0,2016,07,07
000832,rot270,3.544,0,0,,,
000832,rot180,5.746,0,0,,,
000832,clahe,7.982,1,1,2026,07,16
000832,hires,10.669,1,0,2029,07,18
000832,up2x,12.028,1,0,2029,07,16
000832,erode5,2.237,1,0,2015,07,20
000832,erode3,6.226,1,1,2026,07,16
000837,s1,1.361,0,0,,,
000837,s2,0.021,0,0,,,
000837,det5,1.795,0,0,,,
000837,rot90,1.326,0,0,,,
000837,rot270,1.167,0,0,,,
000837,rot180,1.022,0,0,,,
000837,clahe,1.056,0,0,,,
000837,hires,3.948,0,0,,,
000837,up2x,3.445,0,0,,,
000837,erode5,0.727,0,0,,,
000837,erode3,1.302,0,0,,,
000838,s1,1.140,0,0,,,
000838,s2,0.044,0,0,,,
000838,det5,1.847,0,0,,,
000838,rot90,1.133,0,0,,,
000838,rot270,1.328,0,0,,,
000838,rot180,1.037,0,0,,,
000838,clahe,1.187,0,0,,,
000838,hires,3.144,0,0,,,
000838,up2x,2.735,0,0,,,
000838,erode5,0.698,0,0,,,
000838,erode3,1.216,0,0,,,
000848,s1,1.058,0,0,,,
000848,s2,0.002,0,0,,,
000848,det5,1.555,0,0,,,
000848,rot90,0.820,0,0,,,
000848,rot270,0.925,0,0,,,
000848,rot180,0.797,0,0,,,
000848,clahe,0.983,1,1,2026,05,21
000848,hires,2.709,1,1,2026,05,21
000848,up2x,2.460,1,0,2021,05,20
000848,erode5,0.603,0,0,,,
000848,erode3,0.854,0,0,,,
000852,s1,0.944,0,0,,,
000852,s2,0.016,0,0,,,
000852,det5,1.284,0,0,,,
000852,rot90,0.588,0,0,,,
000852,rot270,0.562,0,0,,,
000852,rot180,0.942,0,0,,,
000852,clahe,0.995,1,1,2026,08,14
000852,hires,2.879,0,0,,,
000852,up2x,2.320,0,0,,,
000852,erode5,0.956,1,1,2026,08,14
000852,erode3,0.965,1,1,2026,08,14
000858,s1,1.710,0,0,,,
000858,s2,0.451,0,0,,,
000858,det5,1.744,0,0,,,
000858,rot90,0.770,0,0,,,
000858,rot270,0.754,0,0,,,
000858,rot180,1.244,0,0,,,
000858,clahe,1.698,1,0,2021,10,NONE
000858,hires,2.288,1,0,2021,10,02
000858,up2x,5.651,1,1,2021,10,28
000858,erode5,0.602,0,0,,,
000858,erode3,1.826,0,0,,,
000859,s1,0.949,0,0,,,
000859,s2,0.001,0,0,,,
000859,det5,1.026,0,0,,,
000859,rot90,0.416,0,0,,,
000859,rot270,0.417,0,0,,,
000859,rot180,0.592,0,0,,,
000859,clahe,0.990,0,0,,,
000859,hires,0.529,0,0,,,
000859,up2x,2.611,0,0,,,
000859,erode5,0.414,0,0,,,
000859,erode3,0.404,0,0,,,
000862,s1,1.534,0,0,,,
000862,s2,0.585,0,0,,,
000862,det5,2.767,0,0,,,
000862,rot90,1.808,0,0,,,
000862,rot270,1.157,0,0,,,
000862,rot180,1.800,0,0,,,
000862,clahe,1.551,0,0,,,
000862,hires,2.655,0,0,,,
000862,up2x,4.159,0,0,,,
000862,erode5,0.655,0,0,,,
000862,erode3,2.118,0,0,,,
000863,s1,0.737,0,0,,,
000863,s2,0.458,0,0,,,
000863,det5,2.146,0,0,,,
000863,rot90,0.972,0,0,,,
000863,rot270,1.086,0,0,,,
000863,rot180,0.892,0,0,,,
000863,clahe,1.035,0,0,,,
000863,hires,1.124,0,0,,,
000863,up2x,4.096,1,0,2018,NONE,10
000863,erode5,0.466,0,0,,,
000863,erode3,2.137,1,0,2022,10,20
000865,s1,1.201,0,0,,,
000865,s2,0.112,0,0,,,
000865,det5,2.038,1,1,2021,09,25
000865,rot90,1.746,1,1,2021,09,25
000865,rot270,1.162,0,0,,,
000865,rot180,1.925,0,0,,,
000865,clahe,2.076,1,0,2021,09,05
000865,hires,3.116,0,0,,,
000865,up2x,3.160,1,1,2021,09,25
000865,erode5,0.986,0,0,,,
000865,erode3,2.292,1,0,2031,09,25
000867,s1,1.676,0,0,,,
000867,s2,0.157,0,0,,,
000867,det5,2.323,0,0,,,
000867,rot90,1.184,0,0,,,
000867,rot270,1.726,0,0,,,
000867,rot180,1.390,0,0,,,
000867,clahe,2.100,1,0,2020,02,07
000867,hires,2.270,1,0,2020,06,01
000867,up2x,5.288,0,0,,,
000867,erode5,1.445,0,0,,,
000867,erode3,2.434,0,0,,,
000868,s1,0.692,0,0,,,
000868,s2,0.209,0,0,,,
000868,det5,1.164,0,0,,,
000868,rot90,0.941,0,0,,,
000868,rot270,0.987,0,0,,,
000868,rot180,0.742,0,0,,,
000868,clahe,0.806,0,0,,,
000868,hires,0.845,0,0,,,
000868,up2x,3.033,0,0,,,
000868,erode5,0.577,0,0,,,
000868,erode3,1.062,0,0,,,
000874,s1,4.956,0,0,,,
000874,s2,3.394,0,0,,,
000874,det5,8.584,0,0,,,
000874,rot90,8.387,0,0,,,
000874,rot270,6.212,1,0,2020,06,22
000874,rot180,8.183,0,0,,,
000874,clahe,8.501,0,0,,,
000874,hires,9.261,0,0,,,
000874,up2x,11.980,0,0,,,
000874,erode5,0.962,0,0,,,
000874,erode3,5.758,0,0,,,
000875,s1,3.752,0,0,,,
000875,s2,1.686,0,0,,,
000875,det5,5.098,0,0,,,
000875,rot90,4.770,0,0,,,
000875,rot270,5.040,1,0,2021,08,01
000875,rot180,5.301,0,0,,,
000875,clahe,5.999,0,0,,,
000875,hires,5.309,0,0,,,
000875,up2x,8.983,0,0,,,
000875,erode5,0.628,0,0,,,
000875,erode3,1.400,0,0,,,
000877,s1,2.161,0,0,,,
000877,s2,0.040,0,0,,,
000877,det5,2.747,0,0,,,
000877,rot90,1.228,0,0,,,
000877,rot270,1.399,0,0,,,
000877,rot180,2.422,0,0,,,
000877,clahe,2.345,0,0,,,
000877,hires,1.825,0,0,,,
000877,up2x,5.274,1,1,2023,04,03
000877,erode5,1.240,0,0,,,
000877,erode3,2.422,0,0,,,
000878,s1,1.053,0,0,,,
000878,s2,0.126,0,0,,,
000878,det5,1.424,0,0,,,
000878,rot90,0.987,0,0,,,
000878,rot270,1.007,0,0,,,
000878,rot180,1.900,0,0,,,
000878,clahe,1.624,0,0,,,
000878,hires,1.672,0,0,,,
000878,up2x,3.590,0,0,,,
000878,erode5,0.564,0,0,,,
000878,erode3,1.222,0,0,,,
000883,s1,0.764,0,0,,,
000883,s2,0.239,0,0,,,
000883,det5,2.289,1,0,NONE,07,03
000883,rot90,0.773,0,0,,,
000883,rot270,0.820,0,0,,,
000883,rot180,1.817,1,0,2020,12,02
000883,clahe,1.486,1,1,2021,07,03
000883,hires,2.516,1,1,2021,07,03
000883,up2x,5.569,1,1,2021,07,03
000883,erode5,1.073,0,0,,,
000883,erode3,1.078,1,0,2021,NONE,08
000884,s1,0.665,0,0,,,
000884,s2,0.167,0,0,,,
000884,det5,1.473,0,0,,,
000884,rot90,0.785,0,0,,,
000884,rot270,0.668,0,0,,,
000884,rot180,0.627,0,0,,,
000884,clahe,0.639,0,0,,,
000884,hires,0.651,0,0,,,
000884,up2x,3.139,1,1,2021,07,03
000884,erode5,0.551,0,0,,,
000884,erode3,0.686,0,0,,,
000885,s1,1.662,0,0,,,
000885,s2,0.047,0,0,,,
000885,det5,2.907,0,0,,,
000885,rot90,1.842,1,0,2038,01,20
000885,rot270,1.738,0,0,,,
000885,rot180,1.843,0,0,,,
000885,clahe,2.347,0,0,,,
000885,hires,5.232,0,0,,,
000885,up2x,5.136,1,0,2020,01,10
000885,erode5,1.486,0,0,,,
000885,erode3,2.516,1,1,2021,07,09
000886,s1,0.702,0,0,,,
000886,s2,0.377,0,0,,,
000886,det5,1.619,0,0,,,
000886,rot90,1.463,1,0,NONE,07,09
000886,rot270,0.983,0,0,,,
000886,rot180,1.491,0,0,,,
000886,clahe,1.817,0,0,,,
000886,hires,1.844,0,0,,,
000886,up2x,3.769,0,0,,,
000886,erode5,0.683,0,0,,,
000886,erode3,1.659,1,0,2020,01,10
000887,s1,1.458,0,0,,,
000887,s2,0.373,0,0,,,
000887,det5,2.120,0,0,,,
000887,rot90,1.406,0,0,,,
000887,rot270,1.648,0,0,,,
000887,rot180,2.175,0,0,,,
000887,clahe,2.253,0,0,,,
000887,hires,3.594,1,0,2029,02,01
000887,up2x,3.476,0,0,,,
000887,erode5,1.744,0,0,,,
000887,erode3,3.326,1,1,2021,12,04
000904,s1,1.403,0,0,,,
000904,s2,0.457,0,0,,,
000904,det5,2.481,1,1,2021,08,31
000904,rot90,1.029,0,0,,,
000904,rot270,1.347,0,0,,,
000904,rot180,1.720,0,0,,,
000904,clahe,2.112,1,0,2023,08,31
000904,hires,2.136,1,0,2023,08,31
000904,up2x,4.143,1,1,2021,08,31
000904,erode5,2.672,0,0,,,
000904,erode3,2.361,1,0,2023,08,13
000913,s1,1.180,0,0,,,
000913,s2,2.007,0,0,,,
000913,det5,4.449,1,1,2021,10,19
000913,rot90,2.252,0,0,,,
000913,rot270,1.720,0,0,,,
000913,rot180,2.285,0,0,,,
000913,clahe,3.223,1,1,2021,10,19
000913,hires,4.080,1,0,2021,10,15
000913,up2x,5.138,1,0,2021,10,15
000913,erode5,1.710,1,1,2021,10,19
000913,erode3,2.995,1,1,2021,10,19
000921,s1,1.192,0,0,,,
000921,s2,0.002,0,0,,,
000921,det5,1.803,1,1,2022,02,26
000921,rot90,1.221,1,1,2022,02,26
000921,rot270,1.431,0,0,,,
000921,rot180,1.403,0,0,,,
000921,clahe,1.376,1,0,2022,02,25
000921,hires,1.359,1,0,2022,02,25
000921,up2x,4.848,1,0,2022,02,25
000921,erode5,2.007,1,0,2022,02,28
000921,erode3,1.938,1,1,2022,02,26
000931,s1,0.603,0,0,,,
000931,s2,0.103,0,0,,,
000931,det5,1.030,0,0,,,
000931,rot90,0.677,0,0,,,
000931,rot270,0.531,0,0,,,
000931,rot180,1.081,0,0,,,
000931,clahe,0.997,1,1,2021,07,29
000931,hires,1.011,1,1,2021,07,29
000931,up2x,2.623,0,0,,,
000931,erode5,1.404,0,0,,,
000931,erode3,0.683,0,0,,,
000933,s1,0.460,0,0,,,
000933,s2,0.000,0,0,,,
000933,det5,0.962,0,0,,,
000933,rot90,0.490,0,0,,,
000933,rot270,0.492,0,0,,,
000933,rot180,0.495,0,0,,,
000933,clahe,0.441,0,0,,,
000933,hires,0.431,0,0,,,
000933,up2x,2.300,0,0,,,
000933,erode5,0.428,0,0,,,
000933,erode3,0.477,0,0,,,
000940,s1,0.432,0,0,,,
000940,s2,0.017,0,0,,,
000940,det5,0.901,0,0,,,
000940,rot90,0.457,0,0,,,
000940,rot270,0.521,0,0,,,
000940,rot180,0.436,0,0,,,
000940,clahe,0.682,0,0,,,
000940,hires,0.690,0,0,,,
000940,up2x,2.933,0,0,,,
000940,erode5,0.432,0,0,,,
000940,erode3,1.110,1,0,2021,07,03
000954,s1,0.896,0,0,,,
000954,s2,0.231,0,0,,,
000954,det5,1.699,0,0,,,
000954,rot90,0.887,0,0,,,
000954,rot270,0.993,0,0,,,
000954,rot180,1.093,0,0,,,
000954,clahe,0.969,0,0,,,
000954,hires,0.973,0,0,,,
000954,up2x,4.372,0,0,,,
000954,erode5,1.038,0,0,,,
000954,erode3,1.335,0,0,,,
000958,s1,2.132,0,0,,,
000958,s2,0.221,0,0,,,
000958,det5,2.420,0,0,,,
000958,rot90,0.656,0,0,,,
000958,rot270,1.543,0,0,,,
000958,rot180,2.588,0,0,,,
000958,clahe,2.210,0,0,,,
000958,hires,2.182,0,0,,,
000958,up2x,6.027,1,0,2031,01,29
000958,erode5,0.461,0,0,,,
000958,erode3,1.749,1,0,2021,02,02
000973,s1,0.714,0,0,,,
000973,s2,0.176,0,0,,,
000973,det5,1.748,0,0,,,
000973,rot90,0.711,0,0,,,
000973,rot270,0.858,0,0,,,
000973,rot180,1.029,0,0,,,
000973,clahe,1.169,0,0,,,
000973,hires,1.730,0,0,,,
000973,up2x,3.427,1,1,2022,12,02
000973,erode5,0.982,0,0,,,
000973,erode3,1.551,0,0,,,
000974,s1,0.453,0,0,,,
000974,s2,0.000,0,0,,,
000974,det5,0.904,0,0,,,
000974,rot90,0.546,0,0,,,
000974,rot270,0.435,0,0,,,
000974,rot180,0.471,0,0,,,
000974,clahe,0.869,0,0,,,
000974,hires,0.908,0,0,,,
000974,up2x,2.756,0,0,,,
000974,erode5,0.601,0,0,,,
000974,erode3,0.516,0,0,,,
000978,s1,0.474,0,0,,,
000978,s2,5.293,0,0,,,
000978,det5,9.779,0,0,,,
000978,rot90,1.462,0,0,,,
000978,rot270,0.719,0,0,,,
000978,rot180,7.042,0,0,,,
000978,clahe,7.940,0,0,,,
000978,hires,6.932,0,0,,,
000978,up2x,16.188,1,0,NONE,02,22
000978,erode5,0.425,0,0,,,
000978,erode3,9.192,0,0,,,
000981,s1,1.029,0,0,,,
000981,s2,0.003,0,0,,,
000981,det5,1.498,0,0,,,
000981,rot90,1.073,1,1,2021,08,08
000981,rot270,0.887,0,0,,,
000981,rot180,1.072,0,0,,,
000981,clahe,1.178,1,1,2021,08,08
000981,hires,1.822,1,1,2021,08,08
000981,up2x,2.973,1,1,2021,08,08
000981,erode5,0.737,0,0,,,
000981,erode3,1.448,0,0,,,
000989,s1,1.636,0,0,,,
000989,s2,0.563,0,0,,,
000989,det5,3.455,1,0,2020,07,21
000989,rot90,1.741,0,0,,,
000989,rot270,2.079,0,0,,,
000989,rot180,3.411,0,0,,,
000989,clahe,3.146,1,0,2020,07,20
000989,hires,5.271,1,0,2020,07,21
000989,up2x,4.355,0,0,,,
000989,erode5,0.876,0,0,,,
000989,erode3,2.586,0,0,,,
000990,s1,0.926,0,0,,,
000990,s2,1.283,0,0,,,
000990,det5,2.228,0,0,,,
000990,rot90,0.967,0,0,,,
000990,rot270,0.618,0,0,,,
000990,rot180,2.558,0,0,,,
000990,clahe,2.374,0,0,,,
000990,hires,2.311,0,0,,,
000990,up2x,4.940,0,0,,,
000990,erode5,1.324,0,0,,,
000990,erode3,2.510,0,0,,,
000992,s1,1.235,0,0,,,
000992,s2,0.826,0,0,,,
000992,det5,2.454,1,0,2021,04,NONE
000992,rot90,1.236,0,0,,,
000992,rot270,1.496,0,0,,,
000992,rot180,3.027,0,0,,,
000992,clahe,2.149,1,0,2021,04,NONE
000992,hires,2.316,1,0,2021,04,NONE
000992,up2x,5.798,1,1,2021,03,04
000992,erode5,0.738,0,0,,,
000992,erode3,1.800,1,1,2021,03,04
000993,s1,0.933,0,0,,,
000993,s2,0.027,0,0,,,
000993,det5,1.417,0,0,,,
000993,rot90,1.482,0,0,,,
000993,rot270,1.616,0,0,,,
000993,rot180,0.864,0,0,,,
000993,clahe,1.104,0,0,,,
000993,hires,2.618,1,1,NONE,02,18
000993,up2x,3.564,0,0,,,
000993,erode5,1.035,0,0,,,
000993,erode3,1.081,1,1,NONE,02,18
000994,s1,0.826,0,0,,,
000994,s2,0.001,0,0,,,
000994,det5,1.254,0,0,,,
000994,rot90,0.717,0,0,,,
000994,rot270,0.716,0,0,,,
000994,rot180,0.653,0,0,,,
000994,clahe,1.039,1,1,NONE,02,18
000994,hires,2.573,1,1,NONE,02,18
000994,up2x,2.558,1,1,NONE,02,18
000994,erode5,0.588,0,0,,,
000994,erode3,0.644,0,0,,,
000995,s1,0.468,0,0,,,
000995,s2,0.001,0,0,,,
000995,det5,0.913,0,0,,,
000995,rot90,0.401,0,0,,,
000995,rot270,0.458,0,0,,,
000995,rot180,0.445,0,0,,,
000995,clahe,0.482,0,0,,,
000995,hires,0.467,0,0,,,
000995,up2x,2.650,0,0,,,
000995,erode5,0.524,0,0,,,
000995,erode3,0.481,0,0,,,
000996,s1,1.125,0,0,,,
000996,s2,0.028,0,0,,,
000996,det5,1.441,0,0,,,
000996,rot90,1.140,0,0,,,
000996,rot270,1.314,0,0,,,
000996,rot180,0.786,0,0,,,
000996,clahe,1.309,0,0,,,
000996,hires,2.146,0,0,,,
000996,up2x,3.250,1,0,NONE,02,17
000996,erode5,0.682,0,0,,,
000996,erode3,1.127,1,1,NONE,02,19
000997,s1,0.506,0,0,,,
000997,s2,0.091,0,0,,,
000997,det5,1.161,0,0,,,
000997,rot90,0.842,0,0,,,
000997,rot270,0.952,0,0,,,
000997,rot180,0.930,0,0,,,
000997,clahe,0.916,0,0,,,
000997,hires,0.893,0,0,,,
000997,up2x,2.863,0,0,,,
000997,erode5,0.603,0,0,,,
000997,erode3,0.746,0,0,,,
