file,label,source
001001_0.png,07SEP21 OZ SEP21,blank_date
001016_1.png,Best By FEB/21/21,blank_date
001017_0.png,Best By FEB/21/21 19:18NDL4C,reviewed
001018_1.png,16:19 F1,blank_date
001021_0.png,"2021.06,28.A",reviewed
001021_1.png,10:33,blank_date
001022_0.png,2021-06,blank_date
001023_2.png,Best before:13.07.2021,blank_date
001030_6.png,10-2022,blank_date
001031_0.png,10 2022,reviewed
001038_0.png,EXP:2021.12.28 DDFL TF29,blank_date
001039_0.png,EXP:2021.12.28 D0FL TF29,blank_date
001070_0.png,01.24 A,blank_date
001071_0.png,01.24a,blank_date
001072_0.png,2023/09/18,blank_date
001075_3.png,30/09/2021,blank_date
001078_0.png,SELL BY 2023 09 24 GRLRU,blank_date
001079_0.png,SELL BY 2023 09 24 GRURU,blank_date
001086_5.png,2023.10.09,blank_date
001086_6.png,20:38,blank_date
001093_0.png,2021.05.25,blank_date
001093_1.png,18:36 F1,reviewed
001129_0.png,유통기한,reviewed
001129_1.png,Expiry Date,reviewed
001131_0.png,02.12-12:53.HA,blank_date
001134_3.png,SELL BY 03/03/21 LOT 651 EST 54,reviewed
001164_1.png,2021.03.01 르ü르1.0크.01,blank_date
001167_1.png,·유통기한:,reviewed
001179_0.png,Best Before Date: 01 5EF 01 SEP 2022,blank_date
001180_0.png,Best Before Date: 01 SEP 2023,reviewed
001186_1.png,14:38,blank_date
001186_6.png,21:09:28,blank_date
001197_0.png,10 10 2021,blank_date
001198_0.png,:10 10 2021,blank_date
001205_0.png,05.21 L095 2,blank_date
001206_0.png,05.21 L095 2,blank_date
001214_0.png,21.05.15,reviewed
001215_0.png,EXP : 13 06 2021,reviewed
001237_1.png,01.28.,blank_date
001239_0.png,2020.12.19ㄴ1,blank_date
001254_0.png,10:53,blank_date
001254_1.png,2019.09.13 노ㅁI이.C9.15,blank_date
001257_0.png,EPIRY DATE:2023/07/3 L.1852),blank_date
001262_0.png,2021.03.25,blank_date
001268_7.png,2022.09.05,blank_date
001269_3.png,23:33:03,blank_date
001274_5.png,17/06/2022,blank_date
001279_0.png,WA02830585EXP2022/10/09,blank_date
001280_0.png,WA02830585EXP2022/10/09,blank_date
001286_6.png,21/11/2022,blank_date
001293_0.png,:2020/09,blank_date
001297_3.png,31호 유기품에 도 표기일까지(는법제에 일도만 인당의 1일지제조사-PAPLONSPL오장,blank_date
001297_12.png,De cormaarni preertimerte oro fine/Best bedome end/71et!,blank_txt_diff
001297_13.png,11/2023 L20204150-331,blank_date
001304_0.png,2021.04.12,reviewed
001305_0.png,2021-04- 12,blank_date
001308_0.png,13:37 307 BEST,blank_date
001308_1.png,BEFORE D6/11/2022,blank_date
001313_8.png,2022.01.15 BUA16,blank_date
001314_8.png,2022.01.15BUA16,blank_date
001318_10.png,200328 VO0,blank_date
001333_0.png,12/2021,blank_date
001333_2.png,11:00,blank_date
001334_0.png,26 OCT 2021,blank_date
001337_2.png,04  JUL 21,blank_date
001356_0.png,EXP:08/22 MFD:08/20 23:16,blank_date
001357_0.png,EXP:08/22MFD:08/20 23:16,blank_date
001358_6.png,12.2020-13:28/1819011,blank_date
001359_1.png,12.2020-13:28/1819011,blank_date
001360_4.png,TETT02.09.21,blank_date
001361_3.png,TETT:02.09.21,blank_date
001368_0.png,2021-08:19,blank_date
001376_0.png,19:51TK3,blank_date
001376_1.png,"BEST BY 2021 12 02 (KDREA,JAPAN,",blank_date
001377_0.png,19:51 TK3,blank_date
001377_1.png,"BEST BY 2021 12 02 (KTREA, JAPAN,",blank_date
001379_4.png,2021.01.22,blank_date
001381_1.png,2021:04.09,blank_date
001384_0.png,09-2018,blank_date
001393_0.png,Bestif used by:sek L20196 N.0660,blank_date
001393_7.png,14.JUL.2022,blank_date
001401_0.png,·유통기한:,reviewed
001402_1.png,2020. 09.29,reviewed
001404_4.png,2021.01.27F1,blank_date
001410_1.png,25.05.2021,blank_date
001411_0.png,유통기한: 2022.09.06까지,blank_date
001414_2.png,21.02-24,blank_date
001417_0.png,2021.11.05 04:55까지,reviewed
001455_6.png,2022.04.02,blank_date
001463_1.png,2021.11.17 09:48,reviewed
001463_2.png,유통기한 상단표시일까지,reviewed
001466_1.png,2020.11.03,blank_date
001466_2.png,침차내용량 300129×25벽,blank_date
001481_0.png,01. 31까지 08:52,reviewed
001482_0.png,01. 31까지 08:52,reviewed
001483_0.png,BEST BY FEB/06/21 07:45 FL6R,blank_date
001494_4.png,17/AUG/2023 L17062023,blank_date
001508_0.png,BEST BY: OCT-19-2021,blank_date
001509_0.png,BEST BY: OCT-19-2021,reviewed
001521_1.png,2021.07.08,blank_date
001523_7.png,16:57 A01,blank_date
001526_2.png,2021.01.21.F2지,blank_date
001549_0.png,RROD : 29/09/2020*,blank_date
001552_0.png,02.19까지 F1,blank_date
001553_0.png,02.19까지 F1,reviewed
001566_2.png,15:54,blank_date
001598_0.png,7년누2012.01~2018.12We 접20,blank_date
001598_1.png,21 02 01 12:02부터,reviewed
001598_2.png,21.03 07,blank_date
001636_0.png,유통기한,reviewed
001644_0.png,EXP:16.10.2021,blank_date
001693_0.png,2021.07,blank_date
001748_2.png,2019.06.16부터,blank_date
001748_3.png,2019.07.03까지,reviewed
001765_1.png,0920-6612-080731,blank_date
001769_1.png,21.12.22,blank_date
001776_0.png,05 04 2021,blank_date
001787_0.png,12.20L310 1,blank_date
001805_0.png,20.02.10,blank_date
001805_3.png,20.11.09,blank_date
001816_0.png,21.01.15부EA,blank_date
001831_0.png,004CG4CB19BB 12/2020,blank_date
001834_0.png,2022.07.12까지,reviewed
001842_1.png,D5-2021(B),blank_date
001843_1.png,05-2021<B>,blank_date
001848_0.png,EXP:2021/11/18,reviewed
001851_0.png,EXP 202111216,blank_date
001864_1.png,04/08/2023,reviewed
001899_0.png,BBE NOU 29 2021,blank_date
001900_0.png,BBE NOV 29 2021,reviewed
001911_4.png,"21MAY2021,1319",blank_date
001916_0.png,EXP JUN 24 2021,blank_date
001924_0.png,2022.01.21까지,reviewed
001947_2.png,EXP: 10 AUG 2022,reviewed
001956_1.png,유통기한,reviewed
001956_2.png,제품 별도시된 Best before 월/년의 01일까지,blank_txt_diff
001957_3.png,--OCT.2021,blank_date
001957_5.png,제품별도표시된 Best before:월/년의 01일까지,blank_txt_diff
001971_3.png,18.06.2021,blank_date
001973_1.png,사용기한:2023.03.15,reviewed
001974_2.png,09.2021 - 14:35/1914619,blank_date
001987_0.png,2021-12.28,blank_date
002019_0.png,9-03-2022,blank_date
002052_0.png,유통기한,reviewed
002052_3.png,13:45,blank_date
002054_7.png,12 2021,blank_date
002055_4.png,12 2021,blank_date
002060_0.png,u(2018년 9월 기준),reviewed
002060_1.png,04. 17까지15:59,reviewed
002061_1.png,04. 17까지15:59,reviewed
002073_3.png,24/12/21,reviewed
002125_0.png,BEST BY 21 APR/21,reviewed
002126_0.png,BEST BY 21 APR/21,reviewed
002183_1.png,2019.02:20,blank_date
002183_3.png,13:24,blank_date
002208_0.png,EXP 2022 05.31,blank_date
002220_0.png,SEP.30.2019 SEP·30·219,blank_date
002220_1.png,00:59,blank_date
002227_1.png,2023. 03 03,reviewed
002228_0.png,28/03/23,reviewed
002240_2.png,08:44:00,blank_date
002241_0.png,BEST IF USED,reviewed
002241_2.png,08:44.00,blank_date
002244_1.png,EXP21/05/21,blank_date
002245_0.png,EXP21/05/21,blank_date
002269_0.png,16/03/21 121,blank_date
002277_0.png,BEST BY JUL 2023,blank_date
002281_1.png,07.2022,blank_date
002282_0.png,07.2022,blank_date
002284_0.png,21.01.07,blank_date
002284_1.png,22.01/06,blank_date
002312_0.png,제 조12020:08.17,blank_date
002322_0.png,04.15까지,blank_date
002323_1.png,04.15까지,blank_date
002331_0.png,2021.12.16,blank_date
002345_0.png,02.12까지 120520,reviewed
002346_0.png,02.12까지(도트문자열),reviewed
002368_7.png,E0EE 2022.01.16,blank_date
002373_0.png,2021.12.27,blank_date
002390_1.png,2021.03.18,reviewed
002397_0.png,2022.01.25,blank_date
002398_0.png,BE:SEP 18 2021,blank_date
002411_2.png,2023 01 12,blank_date
002424_0.png,2022/06/09,blank_date
002425_0.png,2022/06 /09,blank_date
002430_0.png,20210611,blank_date
002432_0.png,N조 20.07.16 A,blank_date
002444_0.png,16:06,blank_date
002452_4.png,유통기한 21.12.22까지F2C2,reviewed
002454_2.png,02.2023,blank_date
002459_2.png,"대두레시틴,천연향료,합성향료대두,우유 함유*유통기한:2021-11-30",blank_date
002460_0.png,2021-11-30,blank_date
002476_0.png,2021.03.13,blank_date
002478_0.png,2023.03.15,blank_date
002491_0.png,08.09.22,reviewed
002491_1.png,06:211023,blank_date
002521_0.png,02/10/2023,blank_date
002537_5.png,22 /09 /2021,blank_date
002539_11.png,2021/08/05,blank_date
002544_0.png,2021.03.21지원실,blank_date
002552_0.png,Best Before: 21.01.22,blank_date
002553_0.png,21.01.22 920g,blank_date
002586_10.png,Exp.Date: 12/22,blank_date
002587_3.png,Exp.Date: 12/22,blank_date
002598_6.png,12/2021 120154 08:38,blank_date
002605_9.png,EXP:17/11/23,blank_date
002613_0.png,04-2023,reviewed
002614_0.png,L30408J04-2023,blank_date
002625_0.png,2021.06,reviewed
002629_0.png,05.2023,blank_date
002630_0.png,05.2023,reviewed
002638_0.png,유통기한-BEST BEFORE,reviewed
002638_1.png,2022.11.01,blank_date
002643_1.png,"32,6 g",reviewed
002643_2.png,"dav. gesattigte Fettsauren/Saturated Fat 20,5 9Mindestens halthar bis Ende: Stehe",blank_date
002643_4.png,11.2022 L1452,blank_date
002645_4.png,EXP IRY D8TE  2021 12.14,blank_date
002646_2.png,EXPIRY DATE 2021 12.14,blank_date
002650_0.png,BBE 01 07 2021,reviewed
002662_0.png,PROD: 2021-01-11,blank_date
002662_1.png,EXP: 2022-01-11,blank_date
002713_0.png,EXPIRE DATE: 22/10/2021 12:15,blank_date
002714_0.png,EXPIRE DATE:22 10/2021 12:15,blank_date
002723_0.png,BEST BEFORE,reviewed
002723_1.png,19/12/20 B12,blank_date
002731_0.png,18/04/2021,reviewed
002736_8.png,28.04.2021,blank_date
002749_0.png,(17)S.K.T. :12.2020,blank_date
002752_0.png,EXP:01.2022,reviewed
002766_2.png,16.03.2021,reviewed
002772_0.png,05.2024,blank_date
002773_1.png,05.2024,blank_date
002775_0.png,BESI-BV 2021-10-03,blank_date
002778_6.png,02.10.21,blank_date
002779_3.png,Best Before (유통기한),reviewed
002779_4.png,02.10.21,blank_date
002783_6.png,22/04/2021,blank_date
002785_3.png,18-04-2021,blank_date
002788_12.png,Best Before: 2021/04/03,blank_date
002789_3.png,Best Before: 2021/04/03,blank_date
002794_0.png,2022/10/05,blank_date
002810_0.png,2023.01.20,blank_date
002812_1.png,유통기한,reviewed
002812_2.png,2023.01.13,blank_date
002816_2.png,00:10A01,blank_date
002816_4.png,2021.01.29,blank_date
002816_5.png,2021.06.28,blank_date
002826_0.png,03 JUL 2021,blank_date
002826_1.png,BI2 05:50,blank_date
002843_0.png,06.2023 L164A,blank_date
002844_0.png,06.2023,blank_date
002902_1.png,포장 2020 07 22,reviewed
002915_0.png,2022.09.15,blank_date
002971_0.png,2022.11.14,blank_date
003005_0.png,05.2023,blank_date
003013_0.png,29.Jan.2024,blank_date
003018_0.png,2023.01.04,blank_date
003027_9.png,BEST BEF0RE:2021/09/28,blank_date
003111_1.png,2021.06.09 까지,reviewed
003114_1.png,PROD.DATE.: 2020.09.25,blank_date
003114_2.png,BEST BEFORE: 2021.09.25,blank_date
003115_1.png,"PROD.DATE.:2020.09,25",blank_date
003115_2.png,-BEST BEF0RE:2021.09.25,blank_date
003147_0.png,2021:04.22,blank_date
003147_1.png,09:51,blank_date
003161_0.png,10 2021 13:42,blank_date
003165_0.png,17까지RT,blank_txt_diff
003190_3.png,BEST BY: AUG 16 2022,blank_date
003197_2.png,LOT ACAEU051120,blank_date
003197_3.png,Exp: EXP NOV 05 2022,reviewed
003199_0.png,12.10.2025,reviewed
003223_0.png,BEST IF USED BY,reviewed
003228_2.png,4/01/2021,blank_date
003241_0.png,EXP.28-01-2022 L0197,blank_date
003241_1.png,PRD.15-07-2020 08:46,blank_date
003243_6.png,티디어프코리0워) 210602 서울시 송파구 중대로 109 대통빌딩,blank_date
003252_1.png,04/2023,blank_date
003253_0.png,D:20 10 2020,blank_date
003257_0.png,2022. 04. 01,blank_date
003259_0.png,02 2022 B1,blank_date
003271_10.png,07.07.2021,blank_date
003271_11.png,15:00,reviewed
003280_7.png,31/07/2023,blank_date
003284_0.png,유통기한 후면 표기일까지,reviewed
003284_1.png,안양2A3구희원231228,blank_date
003284_5.png,2021.09.10까지,blank_date
003303_0.png,식품이력추직등록번호(7719620)+유통기한,blank_date
003303_2.png,·유통기한:,reviewed
003304_2.png,03/2025,blank_date
003309_0.png,AUG292020,blank_date
003309_1.png,10:48,blank_date
003310_0.png,AUG292020,blank_date
003310_1.png,10:48,blank_date
003312_1.png, DATE11.03.2021,blank_date
003318_0.png,EXP202110.20,blank_date
003331_4.png,EXP 2021.11.03,blank_date
003332_0.png,BEST BY APR/29/21 10:00FL6D,blank_date
3352_0.png,25.12.10.22시,reviewed
